2026-03-11 18:23:52.349 [vert.x-eventloop-thread-1] ERROR com.cyberskill.MainVerticle - ✗ Database migration failed
org.flywaydb.core.api.FlywayException: Found non-empty schema(s) "public" but no schema history table. Use baseline() or set baselineOnMigrate to true to initialize the schema history table.
	at org.flywaydb.core.Flyway.lambda$migrate$0(Flyway.java:192)
	at org.flywaydb.core.FlywayExecutor.execute(FlywayExecutor.java:215)
	at org.flywaydb.core.Flyway.migrate(Flyway.java:147)
	at com.cyberskill.MainVerticle.runDatabaseMigrations(MainVerticle.java:165)
	at com.cyberskill.MainVerticle.start(MainVerticle.java:66)
	at io.vertx.core.impl.DeploymentManager.lambda$doDeploy$5(DeploymentManager.java:210)
	at io.vertx.core.impl.ContextInternal.dispatch(ContextInternal.java:276)
	at io.vertx.core.impl.ContextInternal.dispatch(ContextInternal.java:258)
	at io.vertx.core.impl.ContextInternal.lambda$runOnContext$0(ContextInternal.java:56)
	at io.netty.util.concurrent.AbstractEventExecutor.runTask(AbstractEventExecutor.java:173)
	at io.netty.util.concurrent.AbstractEventExecutor.safeExecute(AbstractEventExecutor.java:166)
	at io.netty.util.concurrent.SingleThreadEventExecutor.runAllTasks(SingleThreadEventExecutor.java:470)
	at io.netty.channel.nio.NioEventLoop.run(NioEventLoop.java:569)
	at io.netty.util.concurrent.SingleThreadEventExecutor$4.run(SingleThreadEventExecutor.java:997)
	at io.netty.util.internal.ThreadExecutorMap$2.run(ThreadExecutorMap.java:74)
	at io.netty.util.concurrent.FastThreadLocalRunnable.run(FastThreadLocalRunnable.java:30)
	at java.base/java.lang.Thread.run(Thread.java:1447)
2026-03-11 18:23:52.353 [vert.x-eventloop-thread-1] ERROR com.cyberskill.MainVerticle - ✗ Error during startup
java.lang.RuntimeException: Database migration failed
	at com.cyberskill.MainVerticle.runDatabaseMigrations(MainVerticle.java:169)
	at com.cyberskill.MainVerticle.start(MainVerticle.java:66)
	at io.vertx.core.impl.DeploymentManager.lambda$doDeploy$5(DeploymentManager.java:210)
	at io.vertx.core.impl.ContextInternal.dispatch(ContextInternal.java:276)
	at io.vertx.core.impl.ContextInternal.dispatch(ContextInternal.java:258)
	at io.vertx.core.impl.ContextInternal.lambda$runOnContext$0(ContextInternal.java:56)
	at io.netty.util.concurrent.AbstractEventExecutor.runTask(AbstractEventExecutor.java:173)
	at io.netty.util.concurrent.AbstractEventExecutor.safeExecute(AbstractEventExecutor.java:166)
	at io.netty.util.concurrent.SingleThreadEventExecutor.runAllTasks(SingleThreadEventExecutor.java:470)
	at io.netty.channel.nio.NioEventLoop.run(NioEventLoop.java:569)
	at io.netty.util.concurrent.SingleThreadEventExecutor$4.run(SingleThreadEventExecutor.java:997)
	at io.netty.util.internal.ThreadExecutorMap$2.run(ThreadExecutorMap.java:74)
	at io.netty.util.concurrent.FastThreadLocalRunnable.run(FastThreadLocalRunnable.java:30)
	at java.base/java.lang.Thread.run(Thread.java:1447)
Caused by: org.flywaydb.core.api.FlywayException: Found non-empty schema(s) "public" but no schema history table. Use baseline() or set baselineOnMigrate to true to initialize the schema history table.
	at org.flywaydb.core.Flyway.lambda$migrate$0(Flyway.java:192)
	at org.flywaydb.core.FlywayExecutor.execute(FlywayExecutor.java:215)
	at org.flywaydb.core.Flyway.migrate(Flyway.java:147)
	at com.cyberskill.MainVerticle.runDatabaseMigrations(MainVerticle.java:165)
	... 13 common frames omitted
2026-03-11 18:23:52.359 [vert.x-eventloop-thread-0] ERROR i.v.c.i.l.c.VertxIsolatedDeployer - Failed in deploying verticle
java.lang.RuntimeException: Database migration failed
	at com.cyberskill.MainVerticle.runDatabaseMigrations(MainVerticle.java:169)
	at com.cyberskill.MainVerticle.start(MainVerticle.java:66)
	at io.vertx.core.impl.DeploymentManager.lambda$doDeploy$5(DeploymentManager.java:210)
	at io.vertx.core.impl.ContextInternal.dispatch(ContextInternal.java:276)
	at io.vertx.core.impl.ContextInternal.dispatch(ContextInternal.java:258)
	at io.vertx.core.impl.ContextInternal.lambda$runOnContext$0(ContextInternal.java:56)
	at io.netty.util.concurrent.AbstractEventExecutor.runTask(AbstractEventExecutor.java:173)
	at io.netty.util.concurrent.AbstractEventExecutor.safeExecute(AbstractEventExecutor.java:166)
	at io.netty.util.concurrent.SingleThreadEventExecutor.runAllTasks(SingleThreadEventExecutor.java:470)
	at io.netty.channel.nio.NioEventLoop.run(NioEventLoop.java:569)
	at io.netty.util.concurrent.SingleThreadEventExecutor$4.run(SingleThreadEventExecutor.java:997)
	at io.netty.util.internal.ThreadExecutorMap$2.run(ThreadExecutorMap.java:74)
	at io.netty.util.concurrent.FastThreadLocalRunnable.run(FastThreadLocalRunnable.java:30)
	at java.base/java.lang.Thread.run(Thread.java:1447)
Caused by: org.flywaydb.core.api.FlywayException: Found non-empty schema(s) "public" but no schema history table. Use baseline() or set baselineOnMigrate to true to initialize the schema history table.
	at org.flywaydb.core.Flyway.lambda$migrate$0(Flyway.java:192)
	at org.flywaydb.core.FlywayExecutor.execute(FlywayExecutor.java:215)
	at org.flywaydb.core.Flyway.migrate(Flyway.java:147)
	at com.cyberskill.MainVerticle.runDatabaseMigrations(MainVerticle.java:165)
	... 13 common frames omitted
2026-03-11 18:26:35.579 [vert.x-eventloop-thread-1] ERROR com.cyberskill.MainVerticle - ✗ Database migration failed
org.flywaydb.core.internal.sqlscript.FlywaySqlScriptException: Migration  failed
-----------------
SQL State  : 42501
Error Code : 0
Message    : ERROR: permission denied for schema public
  Position: 14
Location   :  ()
Line       : 1
Statement  : CREATE TABLE "public"."flyway_schema_history" (
    "installed_rank" INT NOT NULL,
    "version" VARCHAR(50),
    "description" VARCHAR(200) NOT NULL,
    "type" VARCHAR(20) NOT NULL,
    "script" VARCHAR(1000) NOT NULL,
    "checksum" INTEGER,
    "installed_by" VARCHAR(100) NOT NULL,
    "installed_on" TIMESTAMP NOT NULL DEFAULT now(),
    "execution_time" INTEGER NOT NULL,
    "success" BOOLEAN NOT NULL
)

	at org.flywaydb.core.internal.sqlscript.DefaultSqlScriptExecutor.handleException(DefaultSqlScriptExecutor.java:270)
	at org.flywaydb.core.internal.sqlscript.DefaultSqlScriptExecutor.executeStatement(DefaultSqlScriptExecutor.java:225)
	at org.flywaydb.core.internal.sqlscript.DefaultSqlScriptExecutor.execute(DefaultSqlScriptExecutor.java:128)
	at org.flywaydb.core.internal.schemahistory.JdbcTableSchemaHistory$1$1.call(JdbcTableSchemaHistory.java:118)
	at org.flywaydb.core.internal.jdbc.TransactionalExecutionTemplate.execute(TransactionalExecutionTemplate.java:55)
	at org.flywaydb.core.internal.schemahistory.JdbcTableSchemaHistory$1.call(JdbcTableSchemaHistory.java:114)
	at org.flywaydb.database.postgresql.PostgreSQLAdvisoryLockTemplate.execute(PostgreSQLAdvisoryLockTemplate.java:73)
	at org.flywaydb.database.postgresql.PostgreSQLAdvisoryLockTemplate.lambda$execute$0(PostgreSQLAdvisoryLockTemplate.java:56)
	at org.flywaydb.core.internal.jdbc.TransactionalExecutionTemplate.execute(TransactionalExecutionTemplate.java:55)
	at org.flywaydb.database.postgresql.PostgreSQLAdvisoryLockTemplate.execute(PostgreSQLAdvisoryLockTemplate.java:56)
	at org.flywaydb.database.postgresql.PostgreSQLConnection.lock(PostgreSQLConnection.java:96)
	at org.flywaydb.core.internal.schemahistory.JdbcTableSchemaHistory.create(JdbcTableSchemaHistory.java:104)
	at org.flywaydb.core.internal.command.DbBaseline.baseline(DbBaseline.java:88)
	at org.flywaydb.core.Flyway.doBaseline(Flyway.java:424)
	at org.flywaydb.core.Flyway.lambda$migrate$0(Flyway.java:187)
	at org.flywaydb.core.FlywayExecutor.execute(FlywayExecutor.java:215)
	at org.flywaydb.core.Flyway.migrate(Flyway.java:147)
	at com.cyberskill.MainVerticle.runDatabaseMigrations(MainVerticle.java:168)
	at com.cyberskill.MainVerticle.start(MainVerticle.java:66)
	at io.vertx.core.impl.DeploymentManager.lambda$doDeploy$5(DeploymentManager.java:210)
	at io.vertx.core.impl.ContextInternal.dispatch(ContextInternal.java:276)
	at io.vertx.core.impl.ContextInternal.dispatch(ContextInternal.java:258)
	at io.vertx.core.impl.ContextInternal.lambda$runOnContext$0(ContextInternal.java:56)
	at io.netty.util.concurrent.AbstractEventExecutor.runTask(AbstractEventExecutor.java:173)
	at io.netty.util.concurrent.AbstractEventExecutor.safeExecute(AbstractEventExecutor.java:166)
	at io.netty.util.concurrent.SingleThreadEventExecutor.runAllTasks(SingleThreadEventExecutor.java:470)
	at io.netty.channel.nio.NioEventLoop.run(NioEventLoop.java:569)
	at io.netty.util.concurrent.SingleThreadEventExecutor$4.run(SingleThreadEventExecutor.java:997)
	at io.netty.util.internal.ThreadExecutorMap$2.run(ThreadExecutorMap.java:74)
	at io.netty.util.concurrent.FastThreadLocalRunnable.run(FastThreadLocalRunnable.java:30)
	at java.base/java.lang.Thread.run(Thread.java:1447)
Caused by: org.postgresql.util.PSQLException: ERROR: permission denied for schema public
  Position: 14
	at org.postgresql.core.v3.QueryExecutorImpl.receiveErrorResponse(QueryExecutorImpl.java:2712)
	at org.postgresql.core.v3.QueryExecutorImpl.processResults(QueryExecutorImpl.java:2400)
	at org.postgresql.core.v3.QueryExecutorImpl.execute(QueryExecutorImpl.java:367)
	at org.postgresql.jdbc.PgStatement.executeInternal(PgStatement.java:498)
	at org.postgresql.jdbc.PgStatement.execute(PgStatement.java:415)
	at org.postgresql.jdbc.PgStatement.executeWithFlags(PgStatement.java:335)
	at org.postgresql.jdbc.PgStatement.executeCachedSql(PgStatement.java:321)
	at org.postgresql.jdbc.PgStatement.executeWithFlags(PgStatement.java:297)
	at org.postgresql.jdbc.PgStatement.execute(PgStatement.java:292)
	at org.flywaydb.core.internal.jdbc.JdbcTemplate.executeStatement(JdbcTemplate.java:210)
	at org.flywaydb.core.internal.sqlscript.ParsedSqlStatement.execute(ParsedSqlStatement.java:97)
	at org.flywaydb.core.internal.sqlscript.DefaultSqlScriptExecutor.executeStatement(DefaultSqlScriptExecutor.java:213)
	... 29 common frames omitted
2026-03-11 18:26:35.583 [vert.x-eventloop-thread-1] ERROR com.cyberskill.MainVerticle - ✗ Error during startup
java.lang.RuntimeException: Database migration failed
	at com.cyberskill.MainVerticle.runDatabaseMigrations(MainVerticle.java:172)
	at com.cyberskill.MainVerticle.start(MainVerticle.java:66)
	at io.vertx.core.impl.DeploymentManager.lambda$doDeploy$5(DeploymentManager.java:210)
	at io.vertx.core.impl.ContextInternal.dispatch(ContextInternal.java:276)
	at io.vertx.core.impl.ContextInternal.dispatch(ContextInternal.java:258)
	at io.vertx.core.impl.ContextInternal.lambda$runOnContext$0(ContextInternal.java:56)
	at io.netty.util.concurrent.AbstractEventExecutor.runTask(AbstractEventExecutor.java:173)
	at io.netty.util.concurrent.AbstractEventExecutor.safeExecute(AbstractEventExecutor.java:166)
	at io.netty.util.concurrent.SingleThreadEventExecutor.runAllTasks(SingleThreadEventExecutor.java:470)
	at io.netty.channel.nio.NioEventLoop.run(NioEventLoop.java:569)
	at io.netty.util.concurrent.SingleThreadEventExecutor$4.run(SingleThreadEventExecutor.java:997)
	at io.netty.util.internal.ThreadExecutorMap$2.run(ThreadExecutorMap.java:74)
	at io.netty.util.concurrent.FastThreadLocalRunnable.run(FastThreadLocalRunnable.java:30)
	at java.base/java.lang.Thread.run(Thread.java:1447)
Caused by: org.flywaydb.core.internal.sqlscript.FlywaySqlScriptException: Migration  failed
-----------------
SQL State  : 42501
Error Code : 0
Message    : ERROR: permission denied for schema public
  Position: 14
Location   :  ()
Line       : 1
Statement  : CREATE TABLE "public"."flyway_schema_history" (
    "installed_rank" INT NOT NULL,
    "version" VARCHAR(50),
    "description" VARCHAR(200) NOT NULL,
    "type" VARCHAR(20) NOT NULL,
    "script" VARCHAR(1000) NOT NULL,
    "checksum" INTEGER,
    "installed_by" VARCHAR(100) NOT NULL,
    "installed_on" TIMESTAMP NOT NULL DEFAULT now(),
    "execution_time" INTEGER NOT NULL,
    "success" BOOLEAN NOT NULL
)

	at org.flywaydb.core.internal.sqlscript.DefaultSqlScriptExecutor.handleException(DefaultSqlScriptExecutor.java:270)
	at org.flywaydb.core.internal.sqlscript.DefaultSqlScriptExecutor.executeStatement(DefaultSqlScriptExecutor.java:225)
	at org.flywaydb.core.internal.sqlscript.DefaultSqlScriptExecutor.execute(DefaultSqlScriptExecutor.java:128)
	at org.flywaydb.core.internal.schemahistory.JdbcTableSchemaHistory$1$1.call(JdbcTableSchemaHistory.java:118)
	at org.flywaydb.core.internal.jdbc.TransactionalExecutionTemplate.execute(TransactionalExecutionTemplate.java:55)
	at org.flywaydb.core.internal.schemahistory.JdbcTableSchemaHistory$1.call(JdbcTableSchemaHistory.java:114)
	at org.flywaydb.database.postgresql.PostgreSQLAdvisoryLockTemplate.execute(PostgreSQLAdvisoryLockTemplate.java:73)
	at org.flywaydb.database.postgresql.PostgreSQLAdvisoryLockTemplate.lambda$execute$0(PostgreSQLAdvisoryLockTemplate.java:56)
	at org.flywaydb.core.internal.jdbc.TransactionalExecutionTemplate.execute(TransactionalExecutionTemplate.java:55)
	at org.flywaydb.database.postgresql.PostgreSQLAdvisoryLockTemplate.execute(PostgreSQLAdvisoryLockTemplate.java:56)
	at org.flywaydb.database.postgresql.PostgreSQLConnection.lock(PostgreSQLConnection.java:96)
	at org.flywaydb.core.internal.schemahistory.JdbcTableSchemaHistory.create(JdbcTableSchemaHistory.java:104)
	at org.flywaydb.core.internal.command.DbBaseline.baseline(DbBaseline.java:88)
	at org.flywaydb.core.Flyway.doBaseline(Flyway.java:424)
	at org.flywaydb.core.Flyway.lambda$migrate$0(Flyway.java:187)
	at org.flywaydb.core.FlywayExecutor.execute(FlywayExecutor.java:215)
	at org.flywaydb.core.Flyway.migrate(Flyway.java:147)
	at com.cyberskill.MainVerticle.runDatabaseMigrations(MainVerticle.java:168)
	... 13 common frames omitted
Caused by: org.postgresql.util.PSQLException: ERROR: permission denied for schema public
  Position: 14
	at org.postgresql.core.v3.QueryExecutorImpl.receiveErrorResponse(QueryExecutorImpl.java:2712)
	at org.postgresql.core.v3.QueryExecutorImpl.processResults(QueryExecutorImpl.java:2400)
	at org.postgresql.core.v3.QueryExecutorImpl.execute(QueryExecutorImpl.java:367)
	at org.postgresql.jdbc.PgStatement.executeInternal(PgStatement.java:498)
	at org.postgresql.jdbc.PgStatement.execute(PgStatement.java:415)
	at org.postgresql.jdbc.PgStatement.executeWithFlags(PgStatement.java:335)
	at org.postgresql.jdbc.PgStatement.executeCachedSql(PgStatement.java:321)
	at org.postgresql.jdbc.PgStatement.executeWithFlags(PgStatement.java:297)
	at org.postgresql.jdbc.PgStatement.execute(PgStatement.java:292)
	at org.flywaydb.core.internal.jdbc.JdbcTemplate.executeStatement(JdbcTemplate.java:210)
	at org.flywaydb.core.internal.sqlscript.ParsedSqlStatement.execute(ParsedSqlStatement.java:97)
	at org.flywaydb.core.internal.sqlscript.DefaultSqlScriptExecutor.executeStatement(DefaultSqlScriptExecutor.java:213)
	... 29 common frames omitted
2026-03-11 18:26:35.589 [vert.x-eventloop-thread-0] ERROR i.v.c.i.l.c.VertxIsolatedDeployer - Failed in deploying verticle
java.lang.RuntimeException: Database migration failed
	at com.cyberskill.MainVerticle.runDatabaseMigrations(MainVerticle.java:172)
	at com.cyberskill.MainVerticle.start(MainVerticle.java:66)
	at io.vertx.core.impl.DeploymentManager.lambda$doDeploy$5(DeploymentManager.java:210)
	at io.vertx.core.impl.ContextInternal.dispatch(ContextInternal.java:276)
	at io.vertx.core.impl.ContextInternal.dispatch(ContextInternal.java:258)
	at io.vertx.core.impl.ContextInternal.lambda$runOnContext$0(ContextInternal.java:56)
	at io.netty.util.concurrent.AbstractEventExecutor.runTask(AbstractEventExecutor.java:173)
	at io.netty.util.concurrent.AbstractEventExecutor.safeExecute(AbstractEventExecutor.java:166)
	at io.netty.util.concurrent.SingleThreadEventExecutor.runAllTasks(SingleThreadEventExecutor.java:470)
	at io.netty.channel.nio.NioEventLoop.run(NioEventLoop.java:569)
	at io.netty.util.concurrent.SingleThreadEventExecutor$4.run(SingleThreadEventExecutor.java:997)
	at io.netty.util.internal.ThreadExecutorMap$2.run(ThreadExecutorMap.java:74)
	at io.netty.util.concurrent.FastThreadLocalRunnable.run(FastThreadLocalRunnable.java:30)
	at java.base/java.lang.Thread.run(Thread.java:1447)
Caused by: org.flywaydb.core.internal.sqlscript.FlywaySqlScriptException: Migration  failed
-----------------
SQL State  : 42501
Error Code : 0
Message    : ERROR: permission denied for schema public
  Position: 14
Location   :  ()
Line       : 1
Statement  : CREATE TABLE "public"."flyway_schema_history" (
    "installed_rank" INT NOT NULL,
    "version" VARCHAR(50),
    "description" VARCHAR(200) NOT NULL,
    "type" VARCHAR(20) NOT NULL,
    "script" VARCHAR(1000) NOT NULL,
    "checksum" INTEGER,
    "installed_by" VARCHAR(100) NOT NULL,
    "installed_on" TIMESTAMP NOT NULL DEFAULT now(),
    "execution_time" INTEGER NOT NULL,
    "success" BOOLEAN NOT NULL
)

	at org.flywaydb.core.internal.sqlscript.DefaultSqlScriptExecutor.handleException(DefaultSqlScriptExecutor.java:270)
	at org.flywaydb.core.internal.sqlscript.DefaultSqlScriptExecutor.executeStatement(DefaultSqlScriptExecutor.java:225)
	at org.flywaydb.core.internal.sqlscript.DefaultSqlScriptExecutor.execute(DefaultSqlScriptExecutor.java:128)
	at org.flywaydb.core.internal.schemahistory.JdbcTableSchemaHistory$1$1.call(JdbcTableSchemaHistory.java:118)
	at org.flywaydb.core.internal.jdbc.TransactionalExecutionTemplate.execute(TransactionalExecutionTemplate.java:55)
	at org.flywaydb.core.internal.schemahistory.JdbcTableSchemaHistory$1.call(JdbcTableSchemaHistory.java:114)
	at org.flywaydb.database.postgresql.PostgreSQLAdvisoryLockTemplate.execute(PostgreSQLAdvisoryLockTemplate.java:73)
	at org.flywaydb.database.postgresql.PostgreSQLAdvisoryLockTemplate.lambda$execute$0(PostgreSQLAdvisoryLockTemplate.java:56)
	at org.flywaydb.core.internal.jdbc.TransactionalExecutionTemplate.execute(TransactionalExecutionTemplate.java:55)
	at org.flywaydb.database.postgresql.PostgreSQLAdvisoryLockTemplate.execute(PostgreSQLAdvisoryLockTemplate.java:56)
	at org.flywaydb.database.postgresql.PostgreSQLConnection.lock(PostgreSQLConnection.java:96)
	at org.flywaydb.core.internal.schemahistory.JdbcTableSchemaHistory.create(JdbcTableSchemaHistory.java:104)
	at org.flywaydb.core.internal.command.DbBaseline.baseline(DbBaseline.java:88)
	at org.flywaydb.core.Flyway.doBaseline(Flyway.java:424)
	at org.flywaydb.core.Flyway.lambda$migrate$0(Flyway.java:187)
	at org.flywaydb.core.FlywayExecutor.execute(FlywayExecutor.java:215)
	at org.flywaydb.core.Flyway.migrate(Flyway.java:147)
	at com.cyberskill.MainVerticle.runDatabaseMigrations(MainVerticle.java:168)
	... 13 common frames omitted
Caused by: org.postgresql.util.PSQLException: ERROR: permission denied for schema public
  Position: 14
	at org.postgresql.core.v3.QueryExecutorImpl.receiveErrorResponse(QueryExecutorImpl.java:2712)
	at org.postgresql.core.v3.QueryExecutorImpl.processResults(QueryExecutorImpl.java:2400)
	at org.postgresql.core.v3.QueryExecutorImpl.execute(QueryExecutorImpl.java:367)
	at org.postgresql.jdbc.PgStatement.executeInternal(PgStatement.java:498)
	at org.postgresql.jdbc.PgStatement.execute(PgStatement.java:415)
	at org.postgresql.jdbc.PgStatement.executeWithFlags(PgStatement.java:335)
	at org.postgresql.jdbc.PgStatement.executeCachedSql(PgStatement.java:321)
	at org.postgresql.jdbc.PgStatement.executeWithFlags(PgStatement.java:297)
	at org.postgresql.jdbc.PgStatement.execute(PgStatement.java:292)
	at org.flywaydb.core.internal.jdbc.JdbcTemplate.executeStatement(JdbcTemplate.java:210)
	at org.flywaydb.core.internal.sqlscript.ParsedSqlStatement.execute(ParsedSqlStatement.java:97)
	at org.flywaydb.core.internal.sqlscript.DefaultSqlScriptExecutor.executeStatement(DefaultSqlScriptExecutor.java:213)
	... 29 common frames omitted
2026-03-11 18:28:57.239 [vert.x-eventloop-thread-1] ERROR o.f.core.internal.command.DbMigrate - Migration of schema "public" to version "1 - Initial Schema" failed! Changes successfully rolled back.
2026-03-11 18:28:57.245 [vert.x-eventloop-thread-1] ERROR com.cyberskill.MainVerticle - ✗ Database migration failed
org.flywaydb.core.internal.command.DbMigrate$FlywayMigrateException: Migration V1__Initial_Schema.sql failed
---------------------------------------
SQL State  : 42P07
Error Code : 0
Message    : ERROR: relation "users" already exists
Location   : db/migration/V1__Initial_Schema.sql (C:\Users\I74350754\Documents\GitHub\CyberSkill\cyber-skill-platform\file:\C:\Users\I74350754\Documents\GitHub\CyberSkill\cyber-skill-platform\target\cyberskill-platform-1.0.0-fat.jar!\db\migration\V1__Initial_Schema.sql)
Line       : 13
Statement  : -- ============================================================================
-- USERS AND AUTHENTICATION
-- ============================================================================

-- Users table
CREATE TABLE users (
    id SERIAL PRIMARY KEY,
    username VARCHAR(100) UNIQUE NOT NULL,
    email VARCHAR(255) UNIQUE NOT NULL,
    password_hash VARCHAR(255) NOT NULL,
    role VARCHAR(20) NOT NULL DEFAULT 'USER' CHECK (role IN ('USER', 'ADMIN')),
    mfa_enabled BOOLEAN DEFAULT FALSE,
    mfa_secret VARCHAR(255),
    is_active BOOLEAN DEFAULT TRUE,
    email_verified BOOLEAN DEFAULT FALSE,
    created_at TIMESTAMP DEFAULT CURRENT_TIMESTAMP,
    updated_at TIMESTAMP DEFAULT CURRENT_TIMESTAMP,
    last_login TIMESTAMP
)

	at org.flywaydb.core.internal.command.DbMigrate.doMigrateGroup(DbMigrate.java:382)
	at org.flywaydb.core.internal.command.DbMigrate.lambda$applyMigrations$1(DbMigrate.java:272)
	at org.flywaydb.core.internal.jdbc.TransactionalExecutionTemplate.execute(TransactionalExecutionTemplate.java:55)
	at org.flywaydb.core.internal.command.DbMigrate.applyMigrations(DbMigrate.java:271)
	at org.flywaydb.core.internal.command.DbMigrate.migrateGroup(DbMigrate.java:244)
	at org.flywaydb.core.internal.command.DbMigrate.lambda$migrateAll$0(DbMigrate.java:139)
	at org.flywaydb.database.postgresql.PostgreSQLAdvisoryLockTemplate.execute(PostgreSQLAdvisoryLockTemplate.java:73)
	at org.flywaydb.database.postgresql.PostgreSQLAdvisoryLockTemplate.lambda$execute$0(PostgreSQLAdvisoryLockTemplate.java:56)
	at org.flywaydb.core.internal.jdbc.TransactionalExecutionTemplate.execute(TransactionalExecutionTemplate.java:55)
	at org.flywaydb.database.postgresql.PostgreSQLAdvisoryLockTemplate.execute(PostgreSQLAdvisoryLockTemplate.java:56)
	at org.flywaydb.database.postgresql.PostgreSQLConnection.lock(PostgreSQLConnection.java:96)
	at org.flywaydb.core.internal.schemahistory.JdbcTableSchemaHistory.lock(JdbcTableSchemaHistory.java:144)
	at org.flywaydb.core.internal.command.DbMigrate.migrateAll(DbMigrate.java:139)
	at org.flywaydb.core.internal.command.DbMigrate.migrate(DbMigrate.java:97)
	at org.flywaydb.core.Flyway.lambda$migrate$0(Flyway.java:202)
	at org.flywaydb.core.FlywayExecutor.execute(FlywayExecutor.java:215)
	at org.flywaydb.core.Flyway.migrate(Flyway.java:147)
	at com.cyberskill.MainVerticle.runDatabaseMigrations(MainVerticle.java:168)
	at com.cyberskill.MainVerticle.start(MainVerticle.java:66)
	at io.vertx.core.impl.DeploymentManager.lambda$doDeploy$5(DeploymentManager.java:210)
	at io.vertx.core.impl.ContextInternal.dispatch(ContextInternal.java:276)
	at io.vertx.core.impl.ContextInternal.dispatch(ContextInternal.java:258)
	at io.vertx.core.impl.ContextInternal.lambda$runOnContext$0(ContextInternal.java:56)
	at io.netty.util.concurrent.AbstractEventExecutor.runTask(AbstractEventExecutor.java:173)
	at io.netty.util.concurrent.AbstractEventExecutor.safeExecute(AbstractEventExecutor.java:166)
	at io.netty.util.concurrent.SingleThreadEventExecutor.runAllTasks(SingleThreadEventExecutor.java:470)
	at io.netty.channel.nio.NioEventLoop.run(NioEventLoop.java:569)
	at io.netty.util.concurrent.SingleThreadEventExecutor$4.run(SingleThreadEventExecutor.java:997)
	at io.netty.util.internal.ThreadExecutorMap$2.run(ThreadExecutorMap.java:74)
	at io.netty.util.concurrent.FastThreadLocalRunnable.run(FastThreadLocalRunnable.java:30)
	at java.base/java.lang.Thread.run(Thread.java:1447)
Caused by: org.flywaydb.core.internal.sqlscript.FlywaySqlScriptException: Migration V1__Initial_Schema.sql failed
---------------------------------------
SQL State  : 42P07
Error Code : 0
Message    : ERROR: relation "users" already exists
Location   : db/migration/V1__Initial_Schema.sql (C:\Users\I74350754\Documents\GitHub\CyberSkill\cyber-skill-platform\file:\C:\Users\I74350754\Documents\GitHub\CyberSkill\cyber-skill-platform\target\cyberskill-platform-1.0.0-fat.jar!\db\migration\V1__Initial_Schema.sql)
Line       : 13
Statement  : -- ============================================================================
-- USERS AND AUTHENTICATION
-- ============================================================================

-- Users table
CREATE TABLE users (
    id SERIAL PRIMARY KEY,
    username VARCHAR(100) UNIQUE NOT NULL,
    email VARCHAR(255) UNIQUE NOT NULL,
    password_hash VARCHAR(255) NOT NULL,
    role VARCHAR(20) NOT NULL DEFAULT 'USER' CHECK (role IN ('USER', 'ADMIN')),
    mfa_enabled BOOLEAN DEFAULT FALSE,
    mfa_secret VARCHAR(255),
    is_active BOOLEAN DEFAULT TRUE,
    email_verified BOOLEAN DEFAULT FALSE,
    created_at TIMESTAMP DEFAULT CURRENT_TIMESTAMP,
    updated_at TIMESTAMP DEFAULT CURRENT_TIMESTAMP,
    last_login TIMESTAMP
)

	at org.flywaydb.core.internal.sqlscript.DefaultSqlScriptExecutor.handleException(DefaultSqlScriptExecutor.java:270)
	at org.flywaydb.core.internal.sqlscript.DefaultSqlScriptExecutor.executeStatement(DefaultSqlScriptExecutor.java:225)
	at org.flywaydb.core.internal.sqlscript.DefaultSqlScriptExecutor.execute(DefaultSqlScriptExecutor.java:128)
	at org.flywaydb.core.internal.resolver.sql.SqlMigrationExecutor.executeOnce(SqlMigrationExecutor.java:68)
	at org.flywaydb.core.internal.resolver.sql.SqlMigrationExecutor.lambda$execute$0(SqlMigrationExecutor.java:57)
	at org.flywaydb.core.internal.database.DefaultExecutionStrategy.execute(DefaultExecutionStrategy.java:27)
	at org.flywaydb.core.internal.resolver.sql.SqlMigrationExecutor.execute(SqlMigrationExecutor.java:56)
	at org.flywaydb.core.internal.command.DbMigrate.doMigrateGroup(DbMigrate.java:374)
	... 30 common frames omitted
Caused by: org.postgresql.util.PSQLException: ERROR: relation "users" already exists
	at org.postgresql.core.v3.QueryExecutorImpl.receiveErrorResponse(QueryExecutorImpl.java:2712)
	at org.postgresql.core.v3.QueryExecutorImpl.processResults(QueryExecutorImpl.java:2400)
	at org.postgresql.core.v3.QueryExecutorImpl.execute(QueryExecutorImpl.java:367)
	at org.postgresql.jdbc.PgStatement.executeInternal(PgStatement.java:498)
	at org.postgresql.jdbc.PgStatement.execute(PgStatement.java:415)
	at org.postgresql.jdbc.PgStatement.executeWithFlags(PgStatement.java:335)
	at org.postgresql.jdbc.PgStatement.executeCachedSql(PgStatement.java:321)
	at org.postgresql.jdbc.PgStatement.executeWithFlags(PgStatement.java:297)
	at org.postgresql.jdbc.PgStatement.execute(PgStatement.java:292)
	at org.flywaydb.core.internal.jdbc.JdbcTemplate.executeStatement(JdbcTemplate.java:210)
	at org.flywaydb.core.internal.sqlscript.ParsedSqlStatement.execute(ParsedSqlStatement.java:97)
	at org.flywaydb.core.internal.sqlscript.DefaultSqlScriptExecutor.executeStatement(DefaultSqlScriptExecutor.java:213)
	... 36 common frames omitted
2026-03-11 18:28:57.251 [vert.x-eventloop-thread-1] ERROR com.cyberskill.MainVerticle - ✗ Error during startup
java.lang.RuntimeException: Database migration failed
	at com.cyberskill.MainVerticle.runDatabaseMigrations(MainVerticle.java:172)
	at com.cyberskill.MainVerticle.start(MainVerticle.java:66)
	at io.vertx.core.impl.DeploymentManager.lambda$doDeploy$5(DeploymentManager.java:210)
	at io.vertx.core.impl.ContextInternal.dispatch(ContextInternal.java:276)
	at io.vertx.core.impl.ContextInternal.dispatch(ContextInternal.java:258)
	at io.vertx.core.impl.ContextInternal.lambda$runOnContext$0(ContextInternal.java:56)
	at io.netty.util.concurrent.AbstractEventExecutor.runTask(AbstractEventExecutor.java:173)
	at io.netty.util.concurrent.AbstractEventExecutor.safeExecute(AbstractEventExecutor.java:166)
	at io.netty.util.concurrent.SingleThreadEventExecutor.runAllTasks(SingleThreadEventExecutor.java:470)
	at io.netty.channel.nio.NioEventLoop.run(NioEventLoop.java:569)
	at io.netty.util.concurrent.SingleThreadEventExecutor$4.run(SingleThreadEventExecutor.java:997)
	at io.netty.util.internal.ThreadExecutorMap$2.run(ThreadExecutorMap.java:74)
	at io.netty.util.concurrent.FastThreadLocalRunnable.run(FastThreadLocalRunnable.java:30)
	at java.base/java.lang.Thread.run(Thread.java:1447)
Caused by: org.flywaydb.core.internal.command.DbMigrate$FlywayMigrateException: Migration V1__Initial_Schema.sql failed
---------------------------------------
SQL State  : 42P07
Error Code : 0
Message    : ERROR: relation "users" already exists
Location   : db/migration/V1__Initial_Schema.sql (C:\Users\I74350754\Documents\GitHub\CyberSkill\cyber-skill-platform\file:\C:\Users\I74350754\Documents\GitHub\CyberSkill\cyber-skill-platform\target\cyberskill-platform-1.0.0-fat.jar!\db\migration\V1__Initial_Schema.sql)
Line       : 13
Statement  : -- ============================================================================
-- USERS AND AUTHENTICATION
-- ============================================================================

-- Users table
CREATE TABLE users (
    id SERIAL PRIMARY KEY,
    username VARCHAR(100) UNIQUE NOT NULL,
    email VARCHAR(255) UNIQUE NOT NULL,
    password_hash VARCHAR(255) NOT NULL,
    role VARCHAR(20) NOT NULL DEFAULT 'USER' CHECK (role IN ('USER', 'ADMIN')),
    mfa_enabled BOOLEAN DEFAULT FALSE,
    mfa_secret VARCHAR(255),
    is_active BOOLEAN DEFAULT TRUE,
    email_verified BOOLEAN DEFAULT FALSE,
    created_at TIMESTAMP DEFAULT CURRENT_TIMESTAMP,
    updated_at TIMESTAMP DEFAULT CURRENT_TIMESTAMP,
    last_login TIMESTAMP
)

	at org.flywaydb.core.internal.command.DbMigrate.doMigrateGroup(DbMigrate.java:382)
	at org.flywaydb.core.internal.command.DbMigrate.lambda$applyMigrations$1(DbMigrate.java:272)
	at org.flywaydb.core.internal.jdbc.TransactionalExecutionTemplate.execute(TransactionalExecutionTemplate.java:55)
	at org.flywaydb.core.internal.command.DbMigrate.applyMigrations(DbMigrate.java:271)
	at org.flywaydb.core.internal.command.DbMigrate.migrateGroup(DbMigrate.java:244)
	at org.flywaydb.core.internal.command.DbMigrate.lambda$migrateAll$0(DbMigrate.java:139)
	at org.flywaydb.database.postgresql.PostgreSQLAdvisoryLockTemplate.execute(PostgreSQLAdvisoryLockTemplate.java:73)
	at org.flywaydb.database.postgresql.PostgreSQLAdvisoryLockTemplate.lambda$execute$0(PostgreSQLAdvisoryLockTemplate.java:56)
	at org.flywaydb.core.internal.jdbc.TransactionalExecutionTemplate.execute(TransactionalExecutionTemplate.java:55)
	at org.flywaydb.database.postgresql.PostgreSQLAdvisoryLockTemplate.execute(PostgreSQLAdvisoryLockTemplate.java:56)
	at org.flywaydb.database.postgresql.PostgreSQLConnection.lock(PostgreSQLConnection.java:96)
	at org.flywaydb.core.internal.schemahistory.JdbcTableSchemaHistory.lock(JdbcTableSchemaHistory.java:144)
	at org.flywaydb.core.internal.command.DbMigrate.migrateAll(DbMigrate.java:139)
	at org.flywaydb.core.internal.command.DbMigrate.migrate(DbMigrate.java:97)
	at org.flywaydb.core.Flyway.lambda$migrate$0(Flyway.java:202)
	at org.flywaydb.core.FlywayExecutor.execute(FlywayExecutor.java:215)
	at org.flywaydb.core.Flyway.migrate(Flyway.java:147)
	at com.cyberskill.MainVerticle.runDatabaseMigrations(MainVerticle.java:168)
	... 13 common frames omitted
Caused by: org.flywaydb.core.internal.sqlscript.FlywaySqlScriptException: Migration V1__Initial_Schema.sql failed
---------------------------------------
SQL State  : 42P07
Error Code : 0
Message    : ERROR: relation "users" already exists
Location   : db/migration/V1__Initial_Schema.sql (C:\Users\I74350754\Documents\GitHub\CyberSkill\cyber-skill-platform\file:\C:\Users\I74350754\Documents\GitHub\CyberSkill\cyber-skill-platform\target\cyberskill-platform-1.0.0-fat.jar!\db\migration\V1__Initial_Schema.sql)
Line       : 13
Statement  : -- ============================================================================
-- USERS AND AUTHENTICATION
-- ============================================================================

-- Users table
CREATE TABLE users (
    id SERIAL PRIMARY KEY,
    username VARCHAR(100) UNIQUE NOT NULL,
    email VARCHAR(255) UNIQUE NOT NULL,
    password_hash VARCHAR(255) NOT NULL,
    role VARCHAR(20) NOT NULL DEFAULT 'USER' CHECK (role IN ('USER', 'ADMIN')),
    mfa_enabled BOOLEAN DEFAULT FALSE,
    mfa_secret VARCHAR(255),
    is_active BOOLEAN DEFAULT TRUE,
    email_verified BOOLEAN DEFAULT FALSE,
    created_at TIMESTAMP DEFAULT CURRENT_TIMESTAMP,
    updated_at TIMESTAMP DEFAULT CURRENT_TIMESTAMP,
    last_login TIMESTAMP
)

	at org.flywaydb.core.internal.sqlscript.DefaultSqlScriptExecutor.handleException(DefaultSqlScriptExecutor.java:270)
	at org.flywaydb.core.internal.sqlscript.DefaultSqlScriptExecutor.executeStatement(DefaultSqlScriptExecutor.java:225)
	at org.flywaydb.core.internal.sqlscript.DefaultSqlScriptExecutor.execute(DefaultSqlScriptExecutor.java:128)
	at org.flywaydb.core.internal.resolver.sql.SqlMigrationExecutor.executeOnce(SqlMigrationExecutor.java:68)
	at org.flywaydb.core.internal.resolver.sql.SqlMigrationExecutor.lambda$execute$0(SqlMigrationExecutor.java:57)
	at org.flywaydb.core.internal.database.DefaultExecutionStrategy.execute(DefaultExecutionStrategy.java:27)
	at org.flywaydb.core.internal.resolver.sql.SqlMigrationExecutor.execute(SqlMigrationExecutor.java:56)
	at org.flywaydb.core.internal.command.DbMigrate.doMigrateGroup(DbMigrate.java:374)
	... 30 common frames omitted
Caused by: org.postgresql.util.PSQLException: ERROR: relation "users" already exists
	at org.postgresql.core.v3.QueryExecutorImpl.receiveErrorResponse(QueryExecutorImpl.java:2712)
	at org.postgresql.core.v3.QueryExecutorImpl.processResults(QueryExecutorImpl.java:2400)
	at org.postgresql.core.v3.QueryExecutorImpl.execute(QueryExecutorImpl.java:367)
	at org.postgresql.jdbc.PgStatement.executeInternal(PgStatement.java:498)
	at org.postgresql.jdbc.PgStatement.execute(PgStatement.java:415)
	at org.postgresql.jdbc.PgStatement.executeWithFlags(PgStatement.java:335)
	at org.postgresql.jdbc.PgStatement.executeCachedSql(PgStatement.java:321)
	at org.postgresql.jdbc.PgStatement.executeWithFlags(PgStatement.java:297)
	at org.postgresql.jdbc.PgStatement.execute(PgStatement.java:292)
	at org.flywaydb.core.internal.jdbc.JdbcTemplate.executeStatement(JdbcTemplate.java:210)
	at org.flywaydb.core.internal.sqlscript.ParsedSqlStatement.execute(ParsedSqlStatement.java:97)
	at org.flywaydb.core.internal.sqlscript.DefaultSqlScriptExecutor.executeStatement(DefaultSqlScriptExecutor.java:213)
	... 36 common frames omitted
2026-03-11 18:28:57.264 [vert.x-eventloop-thread-0] ERROR i.v.c.i.l.c.VertxIsolatedDeployer - Failed in deploying verticle
java.lang.RuntimeException: Database migration failed
	at com.cyberskill.MainVerticle.runDatabaseMigrations(MainVerticle.java:172)
	at com.cyberskill.MainVerticle.start(MainVerticle.java:66)
	at io.vertx.core.impl.DeploymentManager.lambda$doDeploy$5(DeploymentManager.java:210)
	at io.vertx.core.impl.ContextInternal.dispatch(ContextInternal.java:276)
	at io.vertx.core.impl.ContextInternal.dispatch(ContextInternal.java:258)
	at io.vertx.core.impl.ContextInternal.lambda$runOnContext$0(ContextInternal.java:56)
	at io.netty.util.concurrent.AbstractEventExecutor.runTask(AbstractEventExecutor.java:173)
	at io.netty.util.concurrent.AbstractEventExecutor.safeExecute(AbstractEventExecutor.java:166)
	at io.netty.util.concurrent.SingleThreadEventExecutor.runAllTasks(SingleThreadEventExecutor.java:470)
	at io.netty.channel.nio.NioEventLoop.run(NioEventLoop.java:569)
	at io.netty.util.concurrent.SingleThreadEventExecutor$4.run(SingleThreadEventExecutor.java:997)
	at io.netty.util.internal.ThreadExecutorMap$2.run(ThreadExecutorMap.java:74)
	at io.netty.util.concurrent.FastThreadLocalRunnable.run(FastThreadLocalRunnable.java:30)
	at java.base/java.lang.Thread.run(Thread.java:1447)
Caused by: org.flywaydb.core.internal.command.DbMigrate$FlywayMigrateException: Migration V1__Initial_Schema.sql failed
---------------------------------------
SQL State  : 42P07
Error Code : 0
Message    : ERROR: relation "users" already exists
Location   : db/migration/V1__Initial_Schema.sql (C:\Users\I74350754\Documents\GitHub\CyberSkill\cyber-skill-platform\file:\C:\Users\I74350754\Documents\GitHub\CyberSkill\cyber-skill-platform\target\cyberskill-platform-1.0.0-fat.jar!\db\migration\V1__Initial_Schema.sql)
Line       : 13
Statement  : -- ============================================================================
-- USERS AND AUTHENTICATION
-- ============================================================================

-- Users table
CREATE TABLE users (
    id SERIAL PRIMARY KEY,
    username VARCHAR(100) UNIQUE NOT NULL,
    email VARCHAR(255) UNIQUE NOT NULL,
    password_hash VARCHAR(255) NOT NULL,
    role VARCHAR(20) NOT NULL DEFAULT 'USER' CHECK (role IN ('USER', 'ADMIN')),
    mfa_enabled BOOLEAN DEFAULT FALSE,
    mfa_secret VARCHAR(255),
    is_active BOOLEAN DEFAULT TRUE,
    email_verified BOOLEAN DEFAULT FALSE,
    created_at TIMESTAMP DEFAULT CURRENT_TIMESTAMP,
    updated_at TIMESTAMP DEFAULT CURRENT_TIMESTAMP,
    last_login TIMESTAMP
)

	at org.flywaydb.core.internal.command.DbMigrate.doMigrateGroup(DbMigrate.java:382)
	at org.flywaydb.core.internal.command.DbMigrate.lambda$applyMigrations$1(DbMigrate.java:272)
	at org.flywaydb.core.internal.jdbc.TransactionalExecutionTemplate.execute(TransactionalExecutionTemplate.java:55)
	at org.flywaydb.core.internal.command.DbMigrate.applyMigrations(DbMigrate.java:271)
	at org.flywaydb.core.internal.command.DbMigrate.migrateGroup(DbMigrate.java:244)
	at org.flywaydb.core.internal.command.DbMigrate.lambda$migrateAll$0(DbMigrate.java:139)
	at org.flywaydb.database.postgresql.PostgreSQLAdvisoryLockTemplate.execute(PostgreSQLAdvisoryLockTemplate.java:73)
	at org.flywaydb.database.postgresql.PostgreSQLAdvisoryLockTemplate.lambda$execute$0(PostgreSQLAdvisoryLockTemplate.java:56)
	at org.flywaydb.core.internal.jdbc.TransactionalExecutionTemplate.execute(TransactionalExecutionTemplate.java:55)
	at org.flywaydb.database.postgresql.PostgreSQLAdvisoryLockTemplate.execute(PostgreSQLAdvisoryLockTemplate.java:56)
	at org.flywaydb.database.postgresql.PostgreSQLConnection.lock(PostgreSQLConnection.java:96)
	at org.flywaydb.core.internal.schemahistory.JdbcTableSchemaHistory.lock(JdbcTableSchemaHistory.java:144)
	at org.flywaydb.core.internal.command.DbMigrate.migrateAll(DbMigrate.java:139)
	at org.flywaydb.core.internal.command.DbMigrate.migrate(DbMigrate.java:97)
	at org.flywaydb.core.Flyway.lambda$migrate$0(Flyway.java:202)
	at org.flywaydb.core.FlywayExecutor.execute(FlywayExecutor.java:215)
	at org.flywaydb.core.Flyway.migrate(Flyway.java:147)
	at com.cyberskill.MainVerticle.runDatabaseMigrations(MainVerticle.java:168)
	... 13 common frames omitted
Caused by: org.flywaydb.core.internal.sqlscript.FlywaySqlScriptException: Migration V1__Initial_Schema.sql failed
---------------------------------------
SQL State  : 42P07
Error Code : 0
Message    : ERROR: relation "users" already exists
Location   : db/migration/V1__Initial_Schema.sql (C:\Users\I74350754\Documents\GitHub\CyberSkill\cyber-skill-platform\file:\C:\Users\I74350754\Documents\GitHub\CyberSkill\cyber-skill-platform\target\cyberskill-platform-1.0.0-fat.jar!\db\migration\V1__Initial_Schema.sql)
Line       : 13
Statement  : -- ============================================================================
-- USERS AND AUTHENTICATION
-- ============================================================================

-- Users table
CREATE TABLE users (
    id SERIAL PRIMARY KEY,
    username VARCHAR(100) UNIQUE NOT NULL,
    email VARCHAR(255) UNIQUE NOT NULL,
    password_hash VARCHAR(255) NOT NULL,
    role VARCHAR(20) NOT NULL DEFAULT 'USER' CHECK (role IN ('USER', 'ADMIN')),
    mfa_enabled BOOLEAN DEFAULT FALSE,
    mfa_secret VARCHAR(255),
    is_active BOOLEAN DEFAULT TRUE,
    email_verified BOOLEAN DEFAULT FALSE,
    created_at TIMESTAMP DEFAULT CURRENT_TIMESTAMP,
    updated_at TIMESTAMP DEFAULT CURRENT_TIMESTAMP,
    last_login TIMESTAMP
)

	at org.flywaydb.core.internal.sqlscript.DefaultSqlScriptExecutor.handleException(DefaultSqlScriptExecutor.java:270)
	at org.flywaydb.core.internal.sqlscript.DefaultSqlScriptExecutor.executeStatement(DefaultSqlScriptExecutor.java:225)
	at org.flywaydb.core.internal.sqlscript.DefaultSqlScriptExecutor.execute(DefaultSqlScriptExecutor.java:128)
	at org.flywaydb.core.internal.resolver.sql.SqlMigrationExecutor.executeOnce(SqlMigrationExecutor.java:68)
	at org.flywaydb.core.internal.resolver.sql.SqlMigrationExecutor.lambda$execute$0(SqlMigrationExecutor.java:57)
	at org.flywaydb.core.internal.database.DefaultExecutionStrategy.execute(DefaultExecutionStrategy.java:27)
	at org.flywaydb.core.internal.resolver.sql.SqlMigrationExecutor.execute(SqlMigrationExecutor.java:56)
	at org.flywaydb.core.internal.command.DbMigrate.doMigrateGroup(DbMigrate.java:374)
	... 30 common frames omitted
Caused by: org.postgresql.util.PSQLException: ERROR: relation "users" already exists
	at org.postgresql.core.v3.QueryExecutorImpl.receiveErrorResponse(QueryExecutorImpl.java:2712)
	at org.postgresql.core.v3.QueryExecutorImpl.processResults(QueryExecutorImpl.java:2400)
	at org.postgresql.core.v3.QueryExecutorImpl.execute(QueryExecutorImpl.java:367)
	at org.postgresql.jdbc.PgStatement.executeInternal(PgStatement.java:498)
	at org.postgresql.jdbc.PgStatement.execute(PgStatement.java:415)
	at org.postgresql.jdbc.PgStatement.executeWithFlags(PgStatement.java:335)
	at org.postgresql.jdbc.PgStatement.executeCachedSql(PgStatement.java:321)
	at org.postgresql.jdbc.PgStatement.executeWithFlags(PgStatement.java:297)
	at org.postgresql.jdbc.PgStatement.execute(PgStatement.java:292)
	at org.flywaydb.core.internal.jdbc.JdbcTemplate.executeStatement(JdbcTemplate.java:210)
	at org.flywaydb.core.internal.sqlscript.ParsedSqlStatement.execute(ParsedSqlStatement.java:97)
	at org.flywaydb.core.internal.sqlscript.DefaultSqlScriptExecutor.executeStatement(DefaultSqlScriptExecutor.java:213)
	... 36 common frames omitted
2026-03-11 18:32:17.546 [vert.x-eventloop-thread-1] ERROR o.f.core.internal.command.DbMigrate - Migration of schema "public" to version "1 - Initial Schema" failed! Changes successfully rolled back.
2026-03-11 18:32:17.551 [vert.x-eventloop-thread-1] ERROR com.cyberskill.MainVerticle - ✗ Database migration failed
org.flywaydb.core.internal.command.DbMigrate$FlywayMigrateException: Migration V1__Initial_Schema.sql failed
---------------------------------------
SQL State  : 42P07
Error Code : 0
Message    : ERROR: relation "refresh_tokens" already exists
Location   : db/migration/V1__Initial_Schema.sql (C:\Users\I74350754\Documents\GitHub\CyberSkill\cyber-skill-platform\file:\C:\Users\I74350754\Documents\GitHub\CyberSkill\cyber-skill-platform\target\cyberskill-platform-1.0.0-fat.jar!\db\migration\V1__Initial_Schema.sql)
Line       : 33
Statement  : -- Refresh tokens table
CREATE TABLE refresh_tokens (
    id SERIAL PRIMARY KEY,
    user_id INTEGER NOT NULL REFERENCES users(id) ON DELETE CASCADE,
    token VARCHAR(500) UNIQUE NOT NULL,
    expires_at TIMESTAMP NOT NULL,
    created_at TIMESTAMP DEFAULT CURRENT_TIMESTAMP,
    revoked BOOLEAN DEFAULT FALSE
)

	at org.flywaydb.core.internal.command.DbMigrate.doMigrateGroup(DbMigrate.java:382)
	at org.flywaydb.core.internal.command.DbMigrate.lambda$applyMigrations$1(DbMigrate.java:272)
	at org.flywaydb.core.internal.jdbc.TransactionalExecutionTemplate.execute(TransactionalExecutionTemplate.java:55)
	at org.flywaydb.core.internal.command.DbMigrate.applyMigrations(DbMigrate.java:271)
	at org.flywaydb.core.internal.command.DbMigrate.migrateGroup(DbMigrate.java:244)
	at org.flywaydb.core.internal.command.DbMigrate.lambda$migrateAll$0(DbMigrate.java:139)
	at org.flywaydb.database.postgresql.PostgreSQLAdvisoryLockTemplate.execute(PostgreSQLAdvisoryLockTemplate.java:73)
	at org.flywaydb.database.postgresql.PostgreSQLAdvisoryLockTemplate.lambda$execute$0(PostgreSQLAdvisoryLockTemplate.java:56)
	at org.flywaydb.core.internal.jdbc.TransactionalExecutionTemplate.execute(TransactionalExecutionTemplate.java:55)
	at org.flywaydb.database.postgresql.PostgreSQLAdvisoryLockTemplate.execute(PostgreSQLAdvisoryLockTemplate.java:56)
	at org.flywaydb.database.postgresql.PostgreSQLConnection.lock(PostgreSQLConnection.java:96)
	at org.flywaydb.core.internal.schemahistory.JdbcTableSchemaHistory.lock(JdbcTableSchemaHistory.java:144)
	at org.flywaydb.core.internal.command.DbMigrate.migrateAll(DbMigrate.java:139)
	at org.flywaydb.core.internal.command.DbMigrate.migrate(DbMigrate.java:97)
	at org.flywaydb.core.Flyway.lambda$migrate$0(Flyway.java:202)
	at org.flywaydb.core.FlywayExecutor.execute(FlywayExecutor.java:215)
	at org.flywaydb.core.Flyway.migrate(Flyway.java:147)
	at com.cyberskill.MainVerticle.runDatabaseMigrations(MainVerticle.java:168)
	at com.cyberskill.MainVerticle.start(MainVerticle.java:66)
	at io.vertx.core.impl.DeploymentManager.lambda$doDeploy$5(DeploymentManager.java:210)
	at io.vertx.core.impl.ContextInternal.dispatch(ContextInternal.java:276)
	at io.vertx.core.impl.ContextInternal.dispatch(ContextInternal.java:258)
	at io.vertx.core.impl.ContextInternal.lambda$runOnContext$0(ContextInternal.java:56)
	at io.netty.util.concurrent.AbstractEventExecutor.runTask(AbstractEventExecutor.java:173)
	at io.netty.util.concurrent.AbstractEventExecutor.safeExecute(AbstractEventExecutor.java:166)
	at io.netty.util.concurrent.SingleThreadEventExecutor.runAllTasks(SingleThreadEventExecutor.java:470)
	at io.netty.channel.nio.NioEventLoop.run(NioEventLoop.java:569)
	at io.netty.util.concurrent.SingleThreadEventExecutor$4.run(SingleThreadEventExecutor.java:997)
	at io.netty.util.internal.ThreadExecutorMap$2.run(ThreadExecutorMap.java:74)
	at io.netty.util.concurrent.FastThreadLocalRunnable.run(FastThreadLocalRunnable.java:30)
	at java.base/java.lang.Thread.run(Thread.java:1447)
Caused by: org.flywaydb.core.internal.sqlscript.FlywaySqlScriptException: Migration V1__Initial_Schema.sql failed
---------------------------------------
SQL State  : 42P07
Error Code : 0
Message    : ERROR: relation "refresh_tokens" already exists
Location   : db/migration/V1__Initial_Schema.sql (C:\Users\I74350754\Documents\GitHub\CyberSkill\cyber-skill-platform\file:\C:\Users\I74350754\Documents\GitHub\CyberSkill\cyber-skill-platform\target\cyberskill-platform-1.0.0-fat.jar!\db\migration\V1__Initial_Schema.sql)
Line       : 33
Statement  : -- Refresh tokens table
CREATE TABLE refresh_tokens (
    id SERIAL PRIMARY KEY,
    user_id INTEGER NOT NULL REFERENCES users(id) ON DELETE CASCADE,
    token VARCHAR(500) UNIQUE NOT NULL,
    expires_at TIMESTAMP NOT NULL,
    created_at TIMESTAMP DEFAULT CURRENT_TIMESTAMP,
    revoked BOOLEAN DEFAULT FALSE
)

	at org.flywaydb.core.internal.sqlscript.DefaultSqlScriptExecutor.handleException(DefaultSqlScriptExecutor.java:270)
	at org.flywaydb.core.internal.sqlscript.DefaultSqlScriptExecutor.executeStatement(DefaultSqlScriptExecutor.java:225)
	at org.flywaydb.core.internal.sqlscript.DefaultSqlScriptExecutor.execute(DefaultSqlScriptExecutor.java:128)
	at org.flywaydb.core.internal.resolver.sql.SqlMigrationExecutor.executeOnce(SqlMigrationExecutor.java:68)
	at org.flywaydb.core.internal.resolver.sql.SqlMigrationExecutor.lambda$execute$0(SqlMigrationExecutor.java:57)
	at org.flywaydb.core.internal.database.DefaultExecutionStrategy.execute(DefaultExecutionStrategy.java:27)
	at org.flywaydb.core.internal.resolver.sql.SqlMigrationExecutor.execute(SqlMigrationExecutor.java:56)
	at org.flywaydb.core.internal.command.DbMigrate.doMigrateGroup(DbMigrate.java:374)
	... 30 common frames omitted
Caused by: org.postgresql.util.PSQLException: ERROR: relation "refresh_tokens" already exists
	at org.postgresql.core.v3.QueryExecutorImpl.receiveErrorResponse(QueryExecutorImpl.java:2712)
	at org.postgresql.core.v3.QueryExecutorImpl.processResults(QueryExecutorImpl.java:2400)
	at org.postgresql.core.v3.QueryExecutorImpl.execute(QueryExecutorImpl.java:367)
	at org.postgresql.jdbc.PgStatement.executeInternal(PgStatement.java:498)
	at org.postgresql.jdbc.PgStatement.execute(PgStatement.java:415)
	at org.postgresql.jdbc.PgStatement.executeWithFlags(PgStatement.java:335)
	at org.postgresql.jdbc.PgStatement.executeCachedSql(PgStatement.java:321)
	at org.postgresql.jdbc.PgStatement.executeWithFlags(PgStatement.java:297)
	at org.postgresql.jdbc.PgStatement.execute(PgStatement.java:292)
	at org.flywaydb.core.internal.jdbc.JdbcTemplate.executeStatement(JdbcTemplate.java:210)
	at org.flywaydb.core.internal.sqlscript.ParsedSqlStatement.execute(ParsedSqlStatement.java:97)
	at org.flywaydb.core.internal.sqlscript.DefaultSqlScriptExecutor.executeStatement(DefaultSqlScriptExecutor.java:213)
	... 36 common frames omitted
2026-03-11 18:32:17.556 [vert.x-eventloop-thread-1] ERROR com.cyberskill.MainVerticle - ✗ Error during startup
java.lang.RuntimeException: Database migration failed
	at com.cyberskill.MainVerticle.runDatabaseMigrations(MainVerticle.java:172)
	at com.cyberskill.MainVerticle.start(MainVerticle.java:66)
	at io.vertx.core.impl.DeploymentManager.lambda$doDeploy$5(DeploymentManager.java:210)
	at io.vertx.core.impl.ContextInternal.dispatch(ContextInternal.java:276)
	at io.vertx.core.impl.ContextInternal.dispatch(ContextInternal.java:258)
	at io.vertx.core.impl.ContextInternal.lambda$runOnContext$0(ContextInternal.java:56)
	at io.netty.util.concurrent.AbstractEventExecutor.runTask(AbstractEventExecutor.java:173)
	at io.netty.util.concurrent.AbstractEventExecutor.safeExecute(AbstractEventExecutor.java:166)
	at io.netty.util.concurrent.SingleThreadEventExecutor.runAllTasks(SingleThreadEventExecutor.java:470)
	at io.netty.channel.nio.NioEventLoop.run(NioEventLoop.java:569)
	at io.netty.util.concurrent.SingleThreadEventExecutor$4.run(SingleThreadEventExecutor.java:997)
	at io.netty.util.internal.ThreadExecutorMap$2.run(ThreadExecutorMap.java:74)
	at io.netty.util.concurrent.FastThreadLocalRunnable.run(FastThreadLocalRunnable.java:30)
	at java.base/java.lang.Thread.run(Thread.java:1447)
Caused by: org.flywaydb.core.internal.command.DbMigrate$FlywayMigrateException: Migration V1__Initial_Schema.sql failed
---------------------------------------
SQL State  : 42P07
Error Code : 0
Message    : ERROR: relation "refresh_tokens" already exists
Location   : db/migration/V1__Initial_Schema.sql (C:\Users\I74350754\Documents\GitHub\CyberSkill\cyber-skill-platform\file:\C:\Users\I74350754\Documents\GitHub\CyberSkill\cyber-skill-platform\target\cyberskill-platform-1.0.0-fat.jar!\db\migration\V1__Initial_Schema.sql)
Line       : 33
Statement  : -- Refresh tokens table
CREATE TABLE refresh_tokens (
    id SERIAL PRIMARY KEY,
    user_id INTEGER NOT NULL REFERENCES users(id) ON DELETE CASCADE,
    token VARCHAR(500) UNIQUE NOT NULL,
    expires_at TIMESTAMP NOT NULL,
    created_at TIMESTAMP DEFAULT CURRENT_TIMESTAMP,
    revoked BOOLEAN DEFAULT FALSE
)

	at org.flywaydb.core.internal.command.DbMigrate.doMigrateGroup(DbMigrate.java:382)
	at org.flywaydb.core.internal.command.DbMigrate.lambda$applyMigrations$1(DbMigrate.java:272)
	at org.flywaydb.core.internal.jdbc.TransactionalExecutionTemplate.execute(TransactionalExecutionTemplate.java:55)
	at org.flywaydb.core.internal.command.DbMigrate.applyMigrations(DbMigrate.java:271)
	at org.flywaydb.core.internal.command.DbMigrate.migrateGroup(DbMigrate.java:244)
	at org.flywaydb.core.internal.command.DbMigrate.lambda$migrateAll$0(DbMigrate.java:139)
	at org.flywaydb.database.postgresql.PostgreSQLAdvisoryLockTemplate.execute(PostgreSQLAdvisoryLockTemplate.java:73)
	at org.flywaydb.database.postgresql.PostgreSQLAdvisoryLockTemplate.lambda$execute$0(PostgreSQLAdvisoryLockTemplate.java:56)
	at org.flywaydb.core.internal.jdbc.TransactionalExecutionTemplate.execute(TransactionalExecutionTemplate.java:55)
	at org.flywaydb.database.postgresql.PostgreSQLAdvisoryLockTemplate.execute(PostgreSQLAdvisoryLockTemplate.java:56)
	at org.flywaydb.database.postgresql.PostgreSQLConnection.lock(PostgreSQLConnection.java:96)
	at org.flywaydb.core.internal.schemahistory.JdbcTableSchemaHistory.lock(JdbcTableSchemaHistory.java:144)
	at org.flywaydb.core.internal.command.DbMigrate.migrateAll(DbMigrate.java:139)
	at org.flywaydb.core.internal.command.DbMigrate.migrate(DbMigrate.java:97)
	at org.flywaydb.core.Flyway.lambda$migrate$0(Flyway.java:202)
	at org.flywaydb.core.FlywayExecutor.execute(FlywayExecutor.java:215)
	at org.flywaydb.core.Flyway.migrate(Flyway.java:147)
	at com.cyberskill.MainVerticle.runDatabaseMigrations(MainVerticle.java:168)
	... 13 common frames omitted
Caused by: org.flywaydb.core.internal.sqlscript.FlywaySqlScriptException: Migration V1__Initial_Schema.sql failed
---------------------------------------
SQL State  : 42P07
Error Code : 0
Message    : ERROR: relation "refresh_tokens" already exists
Location   : db/migration/V1__Initial_Schema.sql (C:\Users\I74350754\Documents\GitHub\CyberSkill\cyber-skill-platform\file:\C:\Users\I74350754\Documents\GitHub\CyberSkill\cyber-skill-platform\target\cyberskill-platform-1.0.0-fat.jar!\db\migration\V1__Initial_Schema.sql)
Line       : 33
Statement  : -- Refresh tokens table
CREATE TABLE refresh_tokens (
    id SERIAL PRIMARY KEY,
    user_id INTEGER NOT NULL REFERENCES users(id) ON DELETE CASCADE,
    token VARCHAR(500) UNIQUE NOT NULL,
    expires_at TIMESTAMP NOT NULL,
    created_at TIMESTAMP DEFAULT CURRENT_TIMESTAMP,
    revoked BOOLEAN DEFAULT FALSE
)

	at org.flywaydb.core.internal.sqlscript.DefaultSqlScriptExecutor.handleException(DefaultSqlScriptExecutor.java:270)
	at org.flywaydb.core.internal.sqlscript.DefaultSqlScriptExecutor.executeStatement(DefaultSqlScriptExecutor.java:225)
	at org.flywaydb.core.internal.sqlscript.DefaultSqlScriptExecutor.execute(DefaultSqlScriptExecutor.java:128)
	at org.flywaydb.core.internal.resolver.sql.SqlMigrationExecutor.executeOnce(SqlMigrationExecutor.java:68)
	at org.flywaydb.core.internal.resolver.sql.SqlMigrationExecutor.lambda$execute$0(SqlMigrationExecutor.java:57)
	at org.flywaydb.core.internal.database.DefaultExecutionStrategy.execute(DefaultExecutionStrategy.java:27)
	at org.flywaydb.core.internal.resolver.sql.SqlMigrationExecutor.execute(SqlMigrationExecutor.java:56)
	at org.flywaydb.core.internal.command.DbMigrate.doMigrateGroup(DbMigrate.java:374)
	... 30 common frames omitted
Caused by: org.postgresql.util.PSQLException: ERROR: relation "refresh_tokens" already exists
	at org.postgresql.core.v3.QueryExecutorImpl.receiveErrorResponse(QueryExecutorImpl.java:2712)
	at org.postgresql.core.v3.QueryExecutorImpl.processResults(QueryExecutorImpl.java:2400)
	at org.postgresql.core.v3.QueryExecutorImpl.execute(QueryExecutorImpl.java:367)
	at org.postgresql.jdbc.PgStatement.executeInternal(PgStatement.java:498)
	at org.postgresql.jdbc.PgStatement.execute(PgStatement.java:415)
	at org.postgresql.jdbc.PgStatement.executeWithFlags(PgStatement.java:335)
	at org.postgresql.jdbc.PgStatement.executeCachedSql(PgStatement.java:321)
	at org.postgresql.jdbc.PgStatement.executeWithFlags(PgStatement.java:297)
	at org.postgresql.jdbc.PgStatement.execute(PgStatement.java:292)
	at org.flywaydb.core.internal.jdbc.JdbcTemplate.executeStatement(JdbcTemplate.java:210)
	at org.flywaydb.core.internal.sqlscript.ParsedSqlStatement.execute(ParsedSqlStatement.java:97)
	at org.flywaydb.core.internal.sqlscript.DefaultSqlScriptExecutor.executeStatement(DefaultSqlScriptExecutor.java:213)
	... 36 common frames omitted
2026-03-11 18:32:17.564 [vert.x-eventloop-thread-0] ERROR i.v.c.i.l.c.VertxIsolatedDeployer - Failed in deploying verticle
java.lang.RuntimeException: Database migration failed
	at com.cyberskill.MainVerticle.runDatabaseMigrations(MainVerticle.java:172)
	at com.cyberskill.MainVerticle.start(MainVerticle.java:66)
	at io.vertx.core.impl.DeploymentManager.lambda$doDeploy$5(DeploymentManager.java:210)
	at io.vertx.core.impl.ContextInternal.dispatch(ContextInternal.java:276)
	at io.vertx.core.impl.ContextInternal.dispatch(ContextInternal.java:258)
	at io.vertx.core.impl.ContextInternal.lambda$runOnContext$0(ContextInternal.java:56)
	at io.netty.util.concurrent.AbstractEventExecutor.runTask(AbstractEventExecutor.java:173)
	at io.netty.util.concurrent.AbstractEventExecutor.safeExecute(AbstractEventExecutor.java:166)
	at io.netty.util.concurrent.SingleThreadEventExecutor.runAllTasks(SingleThreadEventExecutor.java:470)
	at io.netty.channel.nio.NioEventLoop.run(NioEventLoop.java:569)
	at io.netty.util.concurrent.SingleThreadEventExecutor$4.run(SingleThreadEventExecutor.java:997)
	at io.netty.util.internal.ThreadExecutorMap$2.run(ThreadExecutorMap.java:74)
	at io.netty.util.concurrent.FastThreadLocalRunnable.run(FastThreadLocalRunnable.java:30)
	at java.base/java.lang.Thread.run(Thread.java:1447)
Caused by: org.flywaydb.core.internal.command.DbMigrate$FlywayMigrateException: Migration V1__Initial_Schema.sql failed
---------------------------------------
SQL State  : 42P07
Error Code : 0
Message    : ERROR: relation "refresh_tokens" already exists
Location   : db/migration/V1__Initial_Schema.sql (C:\Users\I74350754\Documents\GitHub\CyberSkill\cyber-skill-platform\file:\C:\Users\I74350754\Documents\GitHub\CyberSkill\cyber-skill-platform\target\cyberskill-platform-1.0.0-fat.jar!\db\migration\V1__Initial_Schema.sql)
Line       : 33
Statement  : -- Refresh tokens table
CREATE TABLE refresh_tokens (
    id SERIAL PRIMARY KEY,
    user_id INTEGER NOT NULL REFERENCES users(id) ON DELETE CASCADE,
    token VARCHAR(500) UNIQUE NOT NULL,
    expires_at TIMESTAMP NOT NULL,
    created_at TIMESTAMP DEFAULT CURRENT_TIMESTAMP,
    revoked BOOLEAN DEFAULT FALSE
)

	at org.flywaydb.core.internal.command.DbMigrate.doMigrateGroup(DbMigrate.java:382)
	at org.flywaydb.core.internal.command.DbMigrate.lambda$applyMigrations$1(DbMigrate.java:272)
	at org.flywaydb.core.internal.jdbc.TransactionalExecutionTemplate.execute(TransactionalExecutionTemplate.java:55)
	at org.flywaydb.core.internal.command.DbMigrate.applyMigrations(DbMigrate.java:271)
	at org.flywaydb.core.internal.command.DbMigrate.migrateGroup(DbMigrate.java:244)
	at org.flywaydb.core.internal.command.DbMigrate.lambda$migrateAll$0(DbMigrate.java:139)
	at org.flywaydb.database.postgresql.PostgreSQLAdvisoryLockTemplate.execute(PostgreSQLAdvisoryLockTemplate.java:73)
	at org.flywaydb.database.postgresql.PostgreSQLAdvisoryLockTemplate.lambda$execute$0(PostgreSQLAdvisoryLockTemplate.java:56)
	at org.flywaydb.core.internal.jdbc.TransactionalExecutionTemplate.execute(TransactionalExecutionTemplate.java:55)
	at org.flywaydb.database.postgresql.PostgreSQLAdvisoryLockTemplate.execute(PostgreSQLAdvisoryLockTemplate.java:56)
	at org.flywaydb.database.postgresql.PostgreSQLConnection.lock(PostgreSQLConnection.java:96)
	at org.flywaydb.core.internal.schemahistory.JdbcTableSchemaHistory.lock(JdbcTableSchemaHistory.java:144)
	at org.flywaydb.core.internal.command.DbMigrate.migrateAll(DbMigrate.java:139)
	at org.flywaydb.core.internal.command.DbMigrate.migrate(DbMigrate.java:97)
	at org.flywaydb.core.Flyway.lambda$migrate$0(Flyway.java:202)
	at org.flywaydb.core.FlywayExecutor.execute(FlywayExecutor.java:215)
	at org.flywaydb.core.Flyway.migrate(Flyway.java:147)
	at com.cyberskill.MainVerticle.runDatabaseMigrations(MainVerticle.java:168)
	... 13 common frames omitted
Caused by: org.flywaydb.core.internal.sqlscript.FlywaySqlScriptException: Migration V1__Initial_Schema.sql failed
---------------------------------------
SQL State  : 42P07
Error Code : 0
Message    : ERROR: relation "refresh_tokens" already exists
Location   : db/migration/V1__Initial_Schema.sql (C:\Users\I74350754\Documents\GitHub\CyberSkill\cyber-skill-platform\file:\C:\Users\I74350754\Documents\GitHub\CyberSkill\cyber-skill-platform\target\cyberskill-platform-1.0.0-fat.jar!\db\migration\V1__Initial_Schema.sql)
Line       : 33
Statement  : -- Refresh tokens table
CREATE TABLE refresh_tokens (
    id SERIAL PRIMARY KEY,
    user_id INTEGER NOT NULL REFERENCES users(id) ON DELETE CASCADE,
    token VARCHAR(500) UNIQUE NOT NULL,
    expires_at TIMESTAMP NOT NULL,
    created_at TIMESTAMP DEFAULT CURRENT_TIMESTAMP,
    revoked BOOLEAN DEFAULT FALSE
)

	at org.flywaydb.core.internal.sqlscript.DefaultSqlScriptExecutor.handleException(DefaultSqlScriptExecutor.java:270)
	at org.flywaydb.core.internal.sqlscript.DefaultSqlScriptExecutor.executeStatement(DefaultSqlScriptExecutor.java:225)
	at org.flywaydb.core.internal.sqlscript.DefaultSqlScriptExecutor.execute(DefaultSqlScriptExecutor.java:128)
	at org.flywaydb.core.internal.resolver.sql.SqlMigrationExecutor.executeOnce(SqlMigrationExecutor.java:68)
	at org.flywaydb.core.internal.resolver.sql.SqlMigrationExecutor.lambda$execute$0(SqlMigrationExecutor.java:57)
	at org.flywaydb.core.internal.database.DefaultExecutionStrategy.execute(DefaultExecutionStrategy.java:27)
	at org.flywaydb.core.internal.resolver.sql.SqlMigrationExecutor.execute(SqlMigrationExecutor.java:56)
	at org.flywaydb.core.internal.command.DbMigrate.doMigrateGroup(DbMigrate.java:374)
	... 30 common frames omitted
Caused by: org.postgresql.util.PSQLException: ERROR: relation "refresh_tokens" already exists
	at org.postgresql.core.v3.QueryExecutorImpl.receiveErrorResponse(QueryExecutorImpl.java:2712)
	at org.postgresql.core.v3.QueryExecutorImpl.processResults(QueryExecutorImpl.java:2400)
	at org.postgresql.core.v3.QueryExecutorImpl.execute(QueryExecutorImpl.java:367)
	at org.postgresql.jdbc.PgStatement.executeInternal(PgStatement.java:498)
	at org.postgresql.jdbc.PgStatement.execute(PgStatement.java:415)
	at org.postgresql.jdbc.PgStatement.executeWithFlags(PgStatement.java:335)
	at org.postgresql.jdbc.PgStatement.executeCachedSql(PgStatement.java:321)
	at org.postgresql.jdbc.PgStatement.executeWithFlags(PgStatement.java:297)
	at org.postgresql.jdbc.PgStatement.execute(PgStatement.java:292)
	at org.flywaydb.core.internal.jdbc.JdbcTemplate.executeStatement(JdbcTemplate.java:210)
	at org.flywaydb.core.internal.sqlscript.ParsedSqlStatement.execute(ParsedSqlStatement.java:97)
	at org.flywaydb.core.internal.sqlscript.DefaultSqlScriptExecutor.executeStatement(DefaultSqlScriptExecutor.java:213)
	... 36 common frames omitted
2026-03-11 18:36:40.614 [vert.x-eventloop-thread-1] ERROR com.cyberskill.MainVerticle - Internal server error
2026-03-11 18:40:34.017 [vert.x-eventloop-thread-1] ERROR com.cyberskill.MainVerticle - ❌ Register page rendering failed
freemarker.template.TemplateNotFoundException: Template not found for name "templates/register.ftl".
The name was interpreted by this TemplateLoader: io.vertx.ext.web.templ.freemarker.impl.FreeMarkerTemplateLoader@1a36405a.
	at freemarker.template.Configuration.getTemplate(Configuration.java:2957)
	at freemarker.template.Configuration.getTemplate(Configuration.java:2768)
	at io.vertx.ext.web.templ.freemarker.impl.FreeMarkerTemplateEngineImpl.render(FreeMarkerTemplateEngineImpl.java:71)
	at io.vertx.ext.web.common.template.TemplateEngine.render(TemplateEngine.java:88)
	at com.cyberskill.MainVerticle.lambda$setupWebRoutes$6(MainVerticle.java:315)
	at io.vertx.ext.web.impl.RouteState.handleContext(RouteState.java:1285)
	at io.vertx.ext.web.impl.RoutingContextImplBase.iterateNext(RoutingContextImplBase.java:177)
	at io.vertx.ext.web.impl.RoutingContextImpl.next(RoutingContextImpl.java:143)
	at com.cyberskill.MainVerticle.lambda$setupGlobalHandlers$0(MainVerticle.java:251)
	at io.vertx.ext.web.impl.RouteState.handleContext(RouteState.java:1285)
	at io.vertx.ext.web.impl.RoutingContextImplBase.iterateNext(RoutingContextImplBase.java:177)
	at io.vertx.ext.web.impl.RoutingContextImpl.next(RoutingContextImpl.java:143)
	at io.vertx.ext.web.handler.impl.TimeoutHandlerImpl.handle(TimeoutHandlerImpl.java:49)
	at io.vertx.ext.web.handler.impl.TimeoutHandlerImpl.handle(TimeoutHandlerImpl.java:27)
	at io.vertx.ext.web.impl.RouteState.handleContext(RouteState.java:1285)
	at io.vertx.ext.web.impl.RoutingContextImplBase.iterateNext(RoutingContextImplBase.java:177)
	at io.vertx.ext.web.impl.RoutingContextImpl.next(RoutingContextImpl.java:143)
	at io.vertx.ext.web.handler.impl.BodyHandlerImpl.handle(BodyHandlerImpl.java:95)
	at io.vertx.ext.web.handler.impl.BodyHandlerImpl.handle(BodyHandlerImpl.java:45)
	at io.vertx.ext.web.impl.RouteState.handleContext(RouteState.java:1285)
	at io.vertx.ext.web.impl.RoutingContextImplBase.iterateNext(RoutingContextImplBase.java:177)
	at io.vertx.ext.web.impl.RoutingContextImpl.next(RoutingContextImpl.java:143)
	at io.vertx.ext.web.handler.impl.CorsHandlerImpl.handle(CorsHandlerImpl.java:205)
	at io.vertx.ext.web.handler.impl.CorsHandlerImpl.handle(CorsHandlerImpl.java:42)
	at io.vertx.ext.web.impl.RouteState.handleContext(RouteState.java:1285)
	at io.vertx.ext.web.impl.RoutingContextImplBase.iterateNext(RoutingContextImplBase.java:177)
	at io.vertx.ext.web.impl.RoutingContextImpl.next(RoutingContextImpl.java:143)
	at io.vertx.ext.web.impl.RouterImpl.handle(RouterImpl.java:68)
	at io.vertx.ext.web.impl.RouterImpl.handle(RouterImpl.java:37)
	at io.vertx.core.http.impl.Http1xServerRequestHandler.handle(Http1xServerRequestHandler.java:67)
	at io.vertx.core.http.impl.Http1xServerRequestHandler.handle(Http1xServerRequestHandler.java:30)
	at io.vertx.core.impl.ContextImpl.emit(ContextImpl.java:335)
	at io.vertx.core.impl.DuplicatedContext.emit(DuplicatedContext.java:176)
	at io.vertx.core.http.impl.Http1xServerConnection.handleMessage(Http1xServerConnection.java:174)
	at io.vertx.core.net.impl.ConnectionBase.read(ConnectionBase.java:159)
	at io.vertx.core.net.impl.VertxHandler.channelRead(VertxHandler.java:153)
	at io.netty.channel.AbstractChannelHandlerContext.invokeChannelRead(AbstractChannelHandlerContext.java:442)
	at io.netty.channel.AbstractChannelHandlerContext.invokeChannelRead(AbstractChannelHandlerContext.java:420)
	at io.netty.channel.AbstractChannelHandlerContext.fireChannelRead(AbstractChannelHandlerContext.java:412)
	at io.netty.channel.ChannelInboundHandlerAdapter.channelRead(ChannelInboundHandlerAdapter.java:93)
	at io.netty.handler.codec.http.websocketx.extensions.WebSocketServerExtensionHandler.onHttpRequestChannelRead(WebSocketServerExtensionHandler.java:160)
	at io.netty.handler.codec.http.websocketx.extensions.WebSocketServerExtensionHandler.channelRead(WebSocketServerExtensionHandler.java:83)
	at io.netty.channel.AbstractChannelHandlerContext.invokeChannelRead(AbstractChannelHandlerContext.java:442)
	at io.netty.channel.AbstractChannelHandlerContext.invokeChannelRead(AbstractChannelHandlerContext.java:420)
	at io.netty.channel.AbstractChannelHandlerContext.fireChannelRead(AbstractChannelHandlerContext.java:412)
	at io.vertx.core.http.impl.Http1xUpgradeToH2CHandler.channelRead(Http1xUpgradeToH2CHandler.java:124)
	at io.netty.channel.AbstractChannelHandlerContext.invokeChannelRead(AbstractChannelHandlerContext.java:444)
	at io.netty.channel.AbstractChannelHandlerContext.invokeChannelRead(AbstractChannelHandlerContext.java:420)
	at io.netty.channel.AbstractChannelHandlerContext.fireChannelRead(AbstractChannelHandlerContext.java:412)
	at io.netty.handler.timeout.IdleStateHandler.channelRead(IdleStateHandler.java:286)
	at io.netty.channel.AbstractChannelHandlerContext.invokeChannelRead(AbstractChannelHandlerContext.java:442)
	at io.netty.channel.AbstractChannelHandlerContext.invokeChannelRead(AbstractChannelHandlerContext.java:420)
	at io.netty.channel.AbstractChannelHandlerContext.fireChannelRead(AbstractChannelHandlerContext.java:412)
	at io.netty.handler.codec.MessageToMessageDecoder.channelRead(MessageToMessageDecoder.java:103)
	at io.netty.handler.codec.MessageToMessageCodec.channelRead(MessageToMessageCodec.java:111)
	at io.netty.channel.AbstractChannelHandlerContext.invokeChannelRead(AbstractChannelHandlerContext.java:442)
	at io.netty.channel.AbstractChannelHandlerContext.invokeChannelRead(AbstractChannelHandlerContext.java:420)
	at io.netty.channel.AbstractChannelHandlerContext.fireChannelRead(AbstractChannelHandlerContext.java:412)
	at io.netty.handler.codec.ByteToMessageDecoder.fireChannelRead(ByteToMessageDecoder.java:346)
	at io.netty.handler.codec.ByteToMessageDecoder.channelRead(ByteToMessageDecoder.java:318)
	at io.netty.channel.AbstractChannelHandlerContext.invokeChannelRead(AbstractChannelHandlerContext.java:444)
	at io.netty.channel.AbstractChannelHandlerContext.invokeChannelRead(AbstractChannelHandlerContext.java:420)
	at io.netty.channel.AbstractChannelHandlerContext.fireChannelRead(AbstractChannelHandlerContext.java:412)
	at io.vertx.core.http.impl.Http1xOrH2CHandler.end(Http1xOrH2CHandler.java:61)
	at io.vertx.core.http.impl.Http1xOrH2CHandler.channelRead(Http1xOrH2CHandler.java:38)
	at io.netty.channel.AbstractChannelHandlerContext.invokeChannelRead(AbstractChannelHandlerContext.java:444)
	at io.netty.channel.AbstractChannelHandlerContext.invokeChannelRead(AbstractChannelHandlerContext.java:420)
	at io.netty.channel.AbstractChannelHandlerContext.fireChannelRead(AbstractChannelHandlerContext.java:412)
	at io.netty.handler.timeout.IdleStateHandler.channelRead(IdleStateHandler.java:286)
	at io.netty.channel.AbstractChannelHandlerContext.invokeChannelRead(AbstractChannelHandlerContext.java:442)
	at io.netty.channel.AbstractChannelHandlerContext.invokeChannelRead(AbstractChannelHandlerContext.java:420)
	at io.netty.channel.AbstractChannelHandlerContext.fireChannelRead(AbstractChannelHandlerContext.java:412)
	at io.netty.channel.DefaultChannelPipeline$HeadContext.channelRead(DefaultChannelPipeline.java:1410)
	at io.netty.channel.AbstractChannelHandlerContext.invokeChannelRead(AbstractChannelHandlerContext.java:440)
	at io.netty.channel.AbstractChannelHandlerContext.invokeChannelRead(AbstractChannelHandlerContext.java:420)
	at io.netty.channel.DefaultChannelPipeline.fireChannelRead(DefaultChannelPipeline.java:919)
	at io.netty.channel.nio.AbstractNioByteChannel$NioByteUnsafe.read(AbstractNioByteChannel.java:166)
	at io.netty.channel.nio.NioEventLoop.processSelectedKey(NioEventLoop.java:788)
	at io.netty.channel.nio.NioEventLoop.processSelectedKeysOptimized(NioEventLoop.java:724)
	at io.netty.channel.nio.NioEventLoop.processSelectedKeys(NioEventLoop.java:650)
	at io.netty.channel.nio.NioEventLoop.run(NioEventLoop.java:562)
	at io.netty.util.concurrent.SingleThreadEventExecutor$4.run(SingleThreadEventExecutor.java:997)
	at io.netty.util.internal.ThreadExecutorMap$2.run(ThreadExecutorMap.java:74)
	at io.netty.util.concurrent.FastThreadLocalRunnable.run(FastThreadLocalRunnable.java:30)
	at java.base/java.lang.Thread.run(Thread.java:1447)
2026-03-11 18:40:34.022 [vert.x-eventloop-thread-1] ERROR com.cyberskill.MainVerticle - Error details: Template not found for name "templates/register.ftl".
The name was interpreted by this TemplateLoader: io.vertx.ext.web.templ.freemarker.impl.FreeMarkerTemplateLoader@1a36405a.
2026-03-11 18:40:34.023 [vert.x-eventloop-thread-1] ERROR com.cyberskill.MainVerticle - Template path: templates/register.ftl
2026-03-11 18:40:34.023 [vert.x-eventloop-thread-1] ERROR com.cyberskill.MainVerticle - Internal server error
2026-03-11 18:43:12.636 [vert.x-eventloop-thread-1] ERROR com.cyberskill.MainVerticle - ❌ Login page rendering failed
freemarker.core.ParseException: Syntax error in template "templates/login.ftl" in line 185, column 96:
Found string literal: 'Login failed'. Expecting: boolean (true/false)
	at freemarker.core.FMParser.notStringLiteral(FMParser.java:373)
	at freemarker.core.FMParser.booleanLiteralOnly(FMParser.java:447)
	at freemarker.core.FMParser.OrExpression(FMParser.java:1051)
	at freemarker.core.FMParser.Expression(FMParser.java:552)
	at freemarker.core.FMParser.StringOutput(FMParser.java:1674)
	at freemarker.core.FMParser.MixedContentElements(FMParser.java:3968)
	at freemarker.core.FMParser.Root(FMParser.java:4665)
	at freemarker.template.Template.<init>(Template.java:252)
	at freemarker.cache.TemplateCache.loadTemplate(TemplateCache.java:549)
	at freemarker.cache.TemplateCache.getTemplateInternal(TemplateCache.java:440)
	at freemarker.cache.TemplateCache.getTemplate(TemplateCache.java:293)
	at freemarker.template.Configuration.getTemplate(Configuration.java:2910)
	at freemarker.template.Configuration.getTemplate(Configuration.java:2768)
	at io.vertx.ext.web.templ.freemarker.impl.FreeMarkerTemplateEngineImpl.render(FreeMarkerTemplateEngineImpl.java:71)
	at io.vertx.ext.web.common.template.TemplateEngine.render(TemplateEngine.java:88)
	at com.cyberskill.MainVerticle.lambda$setupWebRoutes$3(MainVerticle.java:298)
	at io.vertx.ext.web.impl.RouteState.handleContext(RouteState.java:1285)
	at io.vertx.ext.web.impl.RoutingContextImplBase.iterateNext(RoutingContextImplBase.java:177)
	at io.vertx.ext.web.impl.RoutingContextImpl.next(RoutingContextImpl.java:143)
	at com.cyberskill.MainVerticle.lambda$setupGlobalHandlers$0(MainVerticle.java:251)
	at io.vertx.ext.web.impl.RouteState.handleContext(RouteState.java:1285)
	at io.vertx.ext.web.impl.RoutingContextImplBase.iterateNext(RoutingContextImplBase.java:177)
	at io.vertx.ext.web.impl.RoutingContextImpl.next(RoutingContextImpl.java:143)
	at io.vertx.ext.web.handler.impl.TimeoutHandlerImpl.handle(TimeoutHandlerImpl.java:49)
	at io.vertx.ext.web.handler.impl.TimeoutHandlerImpl.handle(TimeoutHandlerImpl.java:27)
	at io.vertx.ext.web.impl.RouteState.handleContext(RouteState.java:1285)
	at io.vertx.ext.web.impl.RoutingContextImplBase.iterateNext(RoutingContextImplBase.java:177)
	at io.vertx.ext.web.impl.RoutingContextImpl.next(RoutingContextImpl.java:143)
	at io.vertx.ext.web.handler.impl.BodyHandlerImpl.handle(BodyHandlerImpl.java:95)
	at io.vertx.ext.web.handler.impl.BodyHandlerImpl.handle(BodyHandlerImpl.java:45)
	at io.vertx.ext.web.impl.RouteState.handleContext(RouteState.java:1285)
	at io.vertx.ext.web.impl.RoutingContextImplBase.iterateNext(RoutingContextImplBase.java:177)
	at io.vertx.ext.web.impl.RoutingContextImpl.next(RoutingContextImpl.java:143)
	at io.vertx.ext.web.handler.impl.CorsHandlerImpl.handle(CorsHandlerImpl.java:205)
	at io.vertx.ext.web.handler.impl.CorsHandlerImpl.handle(CorsHandlerImpl.java:42)
	at io.vertx.ext.web.impl.RouteState.handleContext(RouteState.java:1285)
	at io.vertx.ext.web.impl.RoutingContextImplBase.iterateNext(RoutingContextImplBase.java:177)
	at io.vertx.ext.web.impl.RoutingContextImpl.next(RoutingContextImpl.java:143)
	at io.vertx.ext.web.impl.RouterImpl.handle(RouterImpl.java:68)
	at io.vertx.ext.web.impl.RouterImpl.handle(RouterImpl.java:37)
	at io.vertx.core.http.impl.Http1xServerRequestHandler.handle(Http1xServerRequestHandler.java:67)
	at io.vertx.core.http.impl.Http1xServerRequestHandler.handle(Http1xServerRequestHandler.java:30)
	at io.vertx.core.impl.ContextImpl.emit(ContextImpl.java:335)
	at io.vertx.core.impl.DuplicatedContext.emit(DuplicatedContext.java:176)
	at io.vertx.core.http.impl.Http1xServerConnection.handleMessage(Http1xServerConnection.java:174)
	at io.vertx.core.net.impl.ConnectionBase.read(ConnectionBase.java:159)
	at io.vertx.core.net.impl.VertxHandler.channelRead(VertxHandler.java:153)
	at io.netty.channel.AbstractChannelHandlerContext.invokeChannelRead(AbstractChannelHandlerContext.java:442)
	at io.netty.channel.AbstractChannelHandlerContext.invokeChannelRead(AbstractChannelHandlerContext.java:420)
	at io.netty.channel.AbstractChannelHandlerContext.fireChannelRead(AbstractChannelHandlerContext.java:412)
	at io.netty.channel.ChannelInboundHandlerAdapter.channelRead(ChannelInboundHandlerAdapter.java:93)
	at io.netty.handler.codec.http.websocketx.extensions.WebSocketServerExtensionHandler.onHttpRequestChannelRead(WebSocketServerExtensionHandler.java:160)
	at io.netty.handler.codec.http.websocketx.extensions.WebSocketServerExtensionHandler.channelRead(WebSocketServerExtensionHandler.java:83)
	at io.netty.channel.AbstractChannelHandlerContext.invokeChannelRead(AbstractChannelHandlerContext.java:442)
	at io.netty.channel.AbstractChannelHandlerContext.invokeChannelRead(AbstractChannelHandlerContext.java:420)
	at io.netty.channel.AbstractChannelHandlerContext.fireChannelRead(AbstractChannelHandlerContext.java:412)
	at io.netty.handler.timeout.IdleStateHandler.channelRead(IdleStateHandler.java:286)
	at io.netty.channel.AbstractChannelHandlerContext.invokeChannelRead(AbstractChannelHandlerContext.java:442)
	at io.netty.channel.AbstractChannelHandlerContext.invokeChannelRead(AbstractChannelHandlerContext.java:420)
	at io.netty.channel.AbstractChannelHandlerContext.fireChannelRead(AbstractChannelHandlerContext.java:412)
	at io.netty.handler.codec.MessageToMessageDecoder.channelRead(MessageToMessageDecoder.java:103)
	at io.netty.handler.codec.MessageToMessageCodec.channelRead(MessageToMessageCodec.java:111)
	at io.netty.channel.AbstractChannelHandlerContext.invokeChannelRead(AbstractChannelHandlerContext.java:442)
	at io.netty.channel.AbstractChannelHandlerContext.invokeChannelRead(AbstractChannelHandlerContext.java:420)
	at io.netty.channel.AbstractChannelHandlerContext.fireChannelRead(AbstractChannelHandlerContext.java:412)
	at io.netty.handler.codec.ByteToMessageDecoder.fireChannelRead(ByteToMessageDecoder.java:346)
	at io.netty.handler.codec.ByteToMessageDecoder.channelRead(ByteToMessageDecoder.java:318)
	at io.netty.channel.AbstractChannelHandlerContext.invokeChannelRead(AbstractChannelHandlerContext.java:444)
	at io.netty.channel.AbstractChannelHandlerContext.invokeChannelRead(AbstractChannelHandlerContext.java:420)
	at io.netty.channel.AbstractChannelHandlerContext.fireChannelRead(AbstractChannelHandlerContext.java:412)
	at io.netty.channel.DefaultChannelPipeline$HeadContext.channelRead(DefaultChannelPipeline.java:1410)
	at io.netty.channel.AbstractChannelHandlerContext.invokeChannelRead(AbstractChannelHandlerContext.java:440)
	at io.netty.channel.AbstractChannelHandlerContext.invokeChannelRead(AbstractChannelHandlerContext.java:420)
	at io.netty.channel.DefaultChannelPipeline.fireChannelRead(DefaultChannelPipeline.java:919)
	at io.netty.channel.nio.AbstractNioByteChannel$NioByteUnsafe.read(AbstractNioByteChannel.java:166)
	at io.netty.channel.nio.NioEventLoop.processSelectedKey(NioEventLoop.java:788)
	at io.netty.channel.nio.NioEventLoop.processSelectedKeysOptimized(NioEventLoop.java:724)
	at io.netty.channel.nio.NioEventLoop.processSelectedKeys(NioEventLoop.java:650)
	at io.netty.channel.nio.NioEventLoop.run(NioEventLoop.java:562)
	at io.netty.util.concurrent.SingleThreadEventExecutor$4.run(SingleThreadEventExecutor.java:997)
	at io.netty.util.internal.ThreadExecutorMap$2.run(ThreadExecutorMap.java:74)
	at io.netty.util.concurrent.FastThreadLocalRunnable.run(FastThreadLocalRunnable.java:30)
	at java.base/java.lang.Thread.run(Thread.java:1447)
2026-03-11 18:43:12.643 [vert.x-eventloop-thread-1] ERROR com.cyberskill.MainVerticle - Error details: Syntax error in template "templates/login.ftl" in line 185, column 96:
Found string literal: 'Login failed'. Expecting: boolean (true/false)
2026-03-11 18:43:12.643 [vert.x-eventloop-thread-1] ERROR com.cyberskill.MainVerticle - Internal server error
2026-03-11 18:47:06.803 [vert.x-eventloop-thread-1] ERROR c.c.repository.UserRepository - Error checking email exists: testuser@mail.com
java.lang.NoClassDefFoundError: com/ongres/scram/common/exception/ScramException
	at io.vertx.pgclient.impl.codec.InitCommandCodec.handleAuthenticationSasl(InitCommandCodec.java:60)
	at io.vertx.pgclient.impl.codec.PgDecoder.decodeAuthentication(PgDecoder.java:377)
	at io.vertx.pgclient.impl.codec.PgDecoder.decodeMessage(PgDecoder.java:151)
	at io.vertx.pgclient.impl.codec.PgDecoder.channelRead(PgDecoder.java:123)
	at io.netty.channel.CombinedChannelDuplexHandler.channelRead(CombinedChannelDuplexHandler.java:251)
	at io.netty.channel.AbstractChannelHandlerContext.invokeChannelRead(AbstractChannelHandlerContext.java:442)
	at io.netty.channel.AbstractChannelHandlerContext.invokeChannelRead(AbstractChannelHandlerContext.java:420)
	at io.netty.channel.AbstractChannelHandlerContext.fireChannelRead(AbstractChannelHandlerContext.java:412)
	at io.netty.channel.DefaultChannelPipeline$HeadContext.channelRead(DefaultChannelPipeline.java:1410)
	at io.netty.channel.AbstractChannelHandlerContext.invokeChannelRead(AbstractChannelHandlerContext.java:440)
	at io.netty.channel.AbstractChannelHandlerContext.invokeChannelRead(AbstractChannelHandlerContext.java:420)
	at io.netty.channel.DefaultChannelPipeline.fireChannelRead(DefaultChannelPipeline.java:919)
	at io.netty.channel.nio.AbstractNioByteChannel$NioByteUnsafe.read(AbstractNioByteChannel.java:166)
	at io.netty.channel.nio.NioEventLoop.processSelectedKey(NioEventLoop.java:788)
	at io.netty.channel.nio.NioEventLoop.processSelectedKeysOptimized(NioEventLoop.java:724)
	at io.netty.channel.nio.NioEventLoop.processSelectedKeys(NioEventLoop.java:650)
	at io.netty.channel.nio.NioEventLoop.run(NioEventLoop.java:562)
	at io.netty.util.concurrent.SingleThreadEventExecutor$4.run(SingleThreadEventExecutor.java:997)
	at io.netty.util.internal.ThreadExecutorMap$2.run(ThreadExecutorMap.java:74)
	at io.netty.util.concurrent.FastThreadLocalRunnable.run(FastThreadLocalRunnable.java:30)
	at java.base/java.lang.Thread.run(Thread.java:1447)
Caused by: java.lang.ClassNotFoundException: com.ongres.scram.common.exception.ScramException
	at java.base/jdk.internal.loader.BuiltinClassLoader.loadClass(BuiltinClassLoader.java:580)
	at java.base/java.lang.ClassLoader.loadClass(ClassLoader.java:490)
	... 21 common frames omitted
2026-03-11 18:47:06.805 [vert.x-eventloop-thread-1] ERROR com.cyberskill.service.AuthService - Registration failed for: testuser@mail.com
java.lang.NoClassDefFoundError: com/ongres/scram/common/exception/ScramException
	at io.vertx.pgclient.impl.codec.InitCommandCodec.handleAuthenticationSasl(InitCommandCodec.java:60)
	at io.vertx.pgclient.impl.codec.PgDecoder.decodeAuthentication(PgDecoder.java:377)
	at io.vertx.pgclient.impl.codec.PgDecoder.decodeMessage(PgDecoder.java:151)
	at io.vertx.pgclient.impl.codec.PgDecoder.channelRead(PgDecoder.java:123)
	at io.netty.channel.CombinedChannelDuplexHandler.channelRead(CombinedChannelDuplexHandler.java:251)
	at io.netty.channel.AbstractChannelHandlerContext.invokeChannelRead(AbstractChannelHandlerContext.java:442)
	at io.netty.channel.AbstractChannelHandlerContext.invokeChannelRead(AbstractChannelHandlerContext.java:420)
	at io.netty.channel.AbstractChannelHandlerContext.fireChannelRead(AbstractChannelHandlerContext.java:412)
	at io.netty.channel.DefaultChannelPipeline$HeadContext.channelRead(DefaultChannelPipeline.java:1410)
	at io.netty.channel.AbstractChannelHandlerContext.invokeChannelRead(AbstractChannelHandlerContext.java:440)
	at io.netty.channel.AbstractChannelHandlerContext.invokeChannelRead(AbstractChannelHandlerContext.java:420)
	at io.netty.channel.DefaultChannelPipeline.fireChannelRead(DefaultChannelPipeline.java:919)
	at io.netty.channel.nio.AbstractNioByteChannel$NioByteUnsafe.read(AbstractNioByteChannel.java:166)
	at io.netty.channel.nio.NioEventLoop.processSelectedKey(NioEventLoop.java:788)
	at io.netty.channel.nio.NioEventLoop.processSelectedKeysOptimized(NioEventLoop.java:724)
	at io.netty.channel.nio.NioEventLoop.processSelectedKeys(NioEventLoop.java:650)
	at io.netty.channel.nio.NioEventLoop.run(NioEventLoop.java:562)
	at io.netty.util.concurrent.SingleThreadEventExecutor$4.run(SingleThreadEventExecutor.java:997)
	at io.netty.util.internal.ThreadExecutorMap$2.run(ThreadExecutorMap.java:74)
	at io.netty.util.concurrent.FastThreadLocalRunnable.run(FastThreadLocalRunnable.java:30)
	at java.base/java.lang.Thread.run(Thread.java:1447)
Caused by: java.lang.ClassNotFoundException: com.ongres.scram.common.exception.ScramException
	at java.base/jdk.internal.loader.BuiltinClassLoader.loadClass(BuiltinClassLoader.java:580)
	at java.base/java.lang.ClassLoader.loadClass(ClassLoader.java:490)
	... 21 common frames omitted
2026-03-11 18:47:06.805 [vert.x-eventloop-thread-1] ERROR com.cyberskill.handler.AuthHandler - Registration failed
java.lang.NoClassDefFoundError: com/ongres/scram/common/exception/ScramException
	at io.vertx.pgclient.impl.codec.InitCommandCodec.handleAuthenticationSasl(InitCommandCodec.java:60)
	at io.vertx.pgclient.impl.codec.PgDecoder.decodeAuthentication(PgDecoder.java:377)
	at io.vertx.pgclient.impl.codec.PgDecoder.decodeMessage(PgDecoder.java:151)
	at io.vertx.pgclient.impl.codec.PgDecoder.channelRead(PgDecoder.java:123)
	at io.netty.channel.CombinedChannelDuplexHandler.channelRead(CombinedChannelDuplexHandler.java:251)
	at io.netty.channel.AbstractChannelHandlerContext.invokeChannelRead(AbstractChannelHandlerContext.java:442)
	at io.netty.channel.AbstractChannelHandlerContext.invokeChannelRead(AbstractChannelHandlerContext.java:420)
	at io.netty.channel.AbstractChannelHandlerContext.fireChannelRead(AbstractChannelHandlerContext.java:412)
	at io.netty.channel.DefaultChannelPipeline$HeadContext.channelRead(DefaultChannelPipeline.java:1410)
	at io.netty.channel.AbstractChannelHandlerContext.invokeChannelRead(AbstractChannelHandlerContext.java:440)
	at io.netty.channel.AbstractChannelHandlerContext.invokeChannelRead(AbstractChannelHandlerContext.java:420)
	at io.netty.channel.DefaultChannelPipeline.fireChannelRead(DefaultChannelPipeline.java:919)
	at io.netty.channel.nio.AbstractNioByteChannel$NioByteUnsafe.read(AbstractNioByteChannel.java:166)
	at io.netty.channel.nio.NioEventLoop.processSelectedKey(NioEventLoop.java:788)
	at io.netty.channel.nio.NioEventLoop.processSelectedKeysOptimized(NioEventLoop.java:724)
	at io.netty.channel.nio.NioEventLoop.processSelectedKeys(NioEventLoop.java:650)
	at io.netty.channel.nio.NioEventLoop.run(NioEventLoop.java:562)
	at io.netty.util.concurrent.SingleThreadEventExecutor$4.run(SingleThreadEventExecutor.java:997)
	at io.netty.util.internal.ThreadExecutorMap$2.run(ThreadExecutorMap.java:74)
	at io.netty.util.concurrent.FastThreadLocalRunnable.run(FastThreadLocalRunnable.java:30)
	at java.base/java.lang.Thread.run(Thread.java:1447)
Caused by: java.lang.ClassNotFoundException: com.ongres.scram.common.exception.ScramException
	at java.base/jdk.internal.loader.BuiltinClassLoader.loadClass(BuiltinClassLoader.java:580)
	at java.base/java.lang.ClassLoader.loadClass(ClassLoader.java:490)
	... 21 common frames omitted
2026-03-11 18:48:59.558 [vert.x-eventloop-thread-1] ERROR com.cyberskill.MainVerticle - ❌ Dashboard rendering failed
freemarker.core.InvalidReferenceException: The following has evaluated to null or missing:
==> accessToken  [in template "templates/dashboard.ftl" at line 170, column 52]

----
Tip: If the failing expression is known to legally refer to something that's sometimes null or missing, either specify a default value like myOptionalVar!myDefault, or use <#if myOptionalVar??>when-present<#else>when-missing</#if>. (These only cover the last step of the expression; to cover the whole expression, use parenthesis: (myOptionalVar.foo)!myDefault, (myOptionalVar.foo)??
----

----
FTL stack trace ("~" means nesting-related):
	- Failed at: ${accessToken}  [in template "templates/dashboard.ftl" at line 170, column 50]
----
	at freemarker.core.InvalidReferenceException.getInstance(InvalidReferenceException.java:134)
	at freemarker.core.EvalUtil.coerceModelToTextualCommon(EvalUtil.java:481)
	at freemarker.core.EvalUtil.coerceModelToStringOrMarkup(EvalUtil.java:401)
	at freemarker.core.EvalUtil.coerceModelToStringOrMarkup(EvalUtil.java:370)
	at freemarker.core.DollarVariable.calculateInterpolatedStringOrMarkup(DollarVariable.java:104)
	at freemarker.core.DollarVariable.accept(DollarVariable.java:63)
	at freemarker.core.Environment.visit(Environment.java:335)
	at freemarker.core.Environment.visit(Environment.java:341)
	at freemarker.core.Environment.process(Environment.java:314)
	at freemarker.template.Template.process(Template.java:383)
	at io.vertx.ext.web.templ.freemarker.impl.FreeMarkerTemplateEngineImpl.render(FreeMarkerTemplateEngineImpl.java:77)
	at io.vertx.ext.web.common.template.TemplateEngine.render(TemplateEngine.java:88)
	at com.cyberskill.MainVerticle.lambda$setupWebRoutes$9(MainVerticle.java:334)
	at io.vertx.ext.web.impl.RouteState.handleContext(RouteState.java:1285)
	at io.vertx.ext.web.impl.RoutingContextImplBase.iterateNext(RoutingContextImplBase.java:177)
	at io.vertx.ext.web.impl.RoutingContextImpl.next(RoutingContextImpl.java:143)
	at com.cyberskill.MainVerticle.lambda$setupGlobalHandlers$0(MainVerticle.java:251)
	at io.vertx.ext.web.impl.RouteState.handleContext(RouteState.java:1285)
	at io.vertx.ext.web.impl.RoutingContextImplBase.iterateNext(RoutingContextImplBase.java:177)
	at io.vertx.ext.web.impl.RoutingContextImpl.next(RoutingContextImpl.java:143)
	at io.vertx.ext.web.handler.impl.TimeoutHandlerImpl.handle(TimeoutHandlerImpl.java:49)
	at io.vertx.ext.web.handler.impl.TimeoutHandlerImpl.handle(TimeoutHandlerImpl.java:27)
	at io.vertx.ext.web.impl.RouteState.handleContext(RouteState.java:1285)
	at io.vertx.ext.web.impl.RoutingContextImplBase.iterateNext(RoutingContextImplBase.java:177)
	at io.vertx.ext.web.impl.RoutingContextImpl.next(RoutingContextImpl.java:143)
	at io.vertx.ext.web.handler.impl.BodyHandlerImpl.handle(BodyHandlerImpl.java:95)
	at io.vertx.ext.web.handler.impl.BodyHandlerImpl.handle(BodyHandlerImpl.java:45)
	at io.vertx.ext.web.impl.RouteState.handleContext(RouteState.java:1285)
	at io.vertx.ext.web.impl.RoutingContextImplBase.iterateNext(RoutingContextImplBase.java:177)
	at io.vertx.ext.web.impl.RoutingContextImpl.next(RoutingContextImpl.java:143)
	at io.vertx.ext.web.handler.impl.CorsHandlerImpl.handle(CorsHandlerImpl.java:205)
	at io.vertx.ext.web.handler.impl.CorsHandlerImpl.handle(CorsHandlerImpl.java:42)
	at io.vertx.ext.web.impl.RouteState.handleContext(RouteState.java:1285)
	at io.vertx.ext.web.impl.RoutingContextImplBase.iterateNext(RoutingContextImplBase.java:177)
	at io.vertx.ext.web.impl.RoutingContextImpl.next(RoutingContextImpl.java:143)
	at io.vertx.ext.web.impl.RouterImpl.handle(RouterImpl.java:68)
	at io.vertx.ext.web.impl.RouterImpl.handle(RouterImpl.java:37)
	at io.vertx.core.http.impl.Http1xServerRequestHandler.handle(Http1xServerRequestHandler.java:67)
	at io.vertx.core.http.impl.Http1xServerRequestHandler.handle(Http1xServerRequestHandler.java:30)
	at io.vertx.core.impl.ContextImpl.emit(ContextImpl.java:335)
	at io.vertx.core.impl.DuplicatedContext.emit(DuplicatedContext.java:176)
	at io.vertx.core.http.impl.Http1xServerConnection.handleMessage(Http1xServerConnection.java:174)
	at io.vertx.core.net.impl.ConnectionBase.read(ConnectionBase.java:159)
	at io.vertx.core.net.impl.VertxHandler.channelRead(VertxHandler.java:153)
	at io.netty.channel.AbstractChannelHandlerContext.invokeChannelRead(AbstractChannelHandlerContext.java:442)
	at io.netty.channel.AbstractChannelHandlerContext.invokeChannelRead(AbstractChannelHandlerContext.java:420)
	at io.netty.channel.AbstractChannelHandlerContext.fireChannelRead(AbstractChannelHandlerContext.java:412)
	at io.netty.channel.ChannelInboundHandlerAdapter.channelRead(ChannelInboundHandlerAdapter.java:93)
	at io.netty.handler.codec.http.websocketx.extensions.WebSocketServerExtensionHandler.onHttpRequestChannelRead(WebSocketServerExtensionHandler.java:160)
	at io.netty.handler.codec.http.websocketx.extensions.WebSocketServerExtensionHandler.channelRead(WebSocketServerExtensionHandler.java:83)
	at io.netty.channel.AbstractChannelHandlerContext.invokeChannelRead(AbstractChannelHandlerContext.java:442)
	at io.netty.channel.AbstractChannelHandlerContext.invokeChannelRead(AbstractChannelHandlerContext.java:420)
	at io.netty.channel.AbstractChannelHandlerContext.fireChannelRead(AbstractChannelHandlerContext.java:412)
	at io.netty.handler.timeout.IdleStateHandler.channelRead(IdleStateHandler.java:286)
	at io.netty.channel.AbstractChannelHandlerContext.invokeChannelRead(AbstractChannelHandlerContext.java:442)
	at io.netty.channel.AbstractChannelHandlerContext.invokeChannelRead(AbstractChannelHandlerContext.java:420)
	at io.netty.channel.AbstractChannelHandlerContext.fireChannelRead(AbstractChannelHandlerContext.java:412)
	at io.netty.handler.codec.MessageToMessageDecoder.channelRead(MessageToMessageDecoder.java:103)
	at io.netty.handler.codec.MessageToMessageCodec.channelRead(MessageToMessageCodec.java:111)
	at io.netty.channel.AbstractChannelHandlerContext.invokeChannelRead(AbstractChannelHandlerContext.java:442)
	at io.netty.channel.AbstractChannelHandlerContext.invokeChannelRead(AbstractChannelHandlerContext.java:420)
	at io.netty.channel.AbstractChannelHandlerContext.fireChannelRead(AbstractChannelHandlerContext.java:412)
	at io.netty.handler.codec.ByteToMessageDecoder.fireChannelRead(ByteToMessageDecoder.java:346)
	at io.netty.handler.codec.ByteToMessageDecoder.channelRead(ByteToMessageDecoder.java:318)
	at io.netty.channel.AbstractChannelHandlerContext.invokeChannelRead(AbstractChannelHandlerContext.java:444)
	at io.netty.channel.AbstractChannelHandlerContext.invokeChannelRead(AbstractChannelHandlerContext.java:420)
	at io.netty.channel.AbstractChannelHandlerContext.fireChannelRead(AbstractChannelHandlerContext.java:412)
	at io.netty.channel.DefaultChannelPipeline$HeadContext.channelRead(DefaultChannelPipeline.java:1410)
	at io.netty.channel.AbstractChannelHandlerContext.invokeChannelRead(AbstractChannelHandlerContext.java:440)
	at io.netty.channel.AbstractChannelHandlerContext.invokeChannelRead(AbstractChannelHandlerContext.java:420)
	at io.netty.channel.DefaultChannelPipeline.fireChannelRead(DefaultChannelPipeline.java:919)
	at io.netty.channel.nio.AbstractNioByteChannel$NioByteUnsafe.read(AbstractNioByteChannel.java:166)
	at io.netty.channel.nio.NioEventLoop.processSelectedKey(NioEventLoop.java:788)
	at io.netty.channel.nio.NioEventLoop.processSelectedKeysOptimized(NioEventLoop.java:724)
	at io.netty.channel.nio.NioEventLoop.processSelectedKeys(NioEventLoop.java:650)
	at io.netty.channel.nio.NioEventLoop.run(NioEventLoop.java:562)
	at io.netty.util.concurrent.SingleThreadEventExecutor$4.run(SingleThreadEventExecutor.java:997)
	at io.netty.util.internal.ThreadExecutorMap$2.run(ThreadExecutorMap.java:74)
	at io.netty.util.concurrent.FastThreadLocalRunnable.run(FastThreadLocalRunnable.java:30)
	at java.base/java.lang.Thread.run(Thread.java:1447)
2026-03-11 18:48:59.558 [vert.x-eventloop-thread-1] ERROR com.cyberskill.MainVerticle - Error details: The following has evaluated to null or missing:
==> accessToken  [in template "templates/dashboard.ftl" at line 170, column 52]

----
Tip: If the failing expression is known to legally refer to something that's sometimes null or missing, either specify a default value like myOptionalVar!myDefault, or use <#if myOptionalVar??>when-present<#else>when-missing</#if>. (These only cover the last step of the expression; to cover the whole expression, use parenthesis: (myOptionalVar.foo)!myDefault, (myOptionalVar.foo)??
----

----
FTL stack trace ("~" means nesting-related):
	- Failed at: ${accessToken}  [in template "templates/dashboard.ftl" at line 170, column 50]
----
2026-03-11 18:48:59.558 [vert.x-eventloop-thread-1] ERROR com.cyberskill.MainVerticle - Internal server error
2026-03-11 18:55:15.526 [vert.x-eventloop-thread-1] ERROR com.cyberskill.MainVerticle - ❌ Dashboard rendering failed
freemarker.core.InvalidReferenceException: The following has evaluated to null or missing:
==> path  [in template "templates/dashboard.ftl" at line 203, column 31]

----
Tip: If the failing expression is known to legally refer to something that's sometimes null or missing, either specify a default value like myOptionalVar!myDefault, or use <#if myOptionalVar??>when-present<#else>when-missing</#if>. (These only cover the last step of the expression; to cover the whole expression, use parenthesis: (myOptionalVar.foo)!myDefault, (myOptionalVar.foo)??
----

----
FTL stack trace ("~" means nesting-related):
	- Failed at: ${path.name}  [in template "templates/dashboard.ftl" at line 203, column 29]
----
	at freemarker.core.InvalidReferenceException.getInstance(InvalidReferenceException.java:134)
	at freemarker.core.UnexpectedTypeException.newDescriptionBuilder(UnexpectedTypeException.java:85)
	at freemarker.core.UnexpectedTypeException.<init>(UnexpectedTypeException.java:48)
	at freemarker.core.NonHashException.<init>(NonHashException.java:49)
	at freemarker.core.Dot._eval(Dot.java:48)
	at freemarker.core.Expression.eval(Expression.java:101)
	at freemarker.core.DollarVariable.calculateInterpolatedStringOrMarkup(DollarVariable.java:104)
	at freemarker.core.DollarVariable.accept(DollarVariable.java:63)
	at freemarker.core.Environment.visit(Environment.java:335)
	at freemarker.core.Environment.visit(Environment.java:341)
	at freemarker.core.Environment.process(Environment.java:314)
	at freemarker.template.Template.process(Template.java:383)
	at io.vertx.ext.web.templ.freemarker.impl.FreeMarkerTemplateEngineImpl.render(FreeMarkerTemplateEngineImpl.java:77)
	at io.vertx.ext.web.common.template.TemplateEngine.render(TemplateEngine.java:88)
	at com.cyberskill.MainVerticle.lambda$setupWebRoutes$9(MainVerticle.java:334)
	at io.vertx.ext.web.impl.RouteState.handleContext(RouteState.java:1285)
	at io.vertx.ext.web.impl.RoutingContextImplBase.iterateNext(RoutingContextImplBase.java:177)
	at io.vertx.ext.web.impl.RoutingContextImpl.next(RoutingContextImpl.java:143)
	at com.cyberskill.MainVerticle.lambda$setupGlobalHandlers$0(MainVerticle.java:251)
	at io.vertx.ext.web.impl.RouteState.handleContext(RouteState.java:1285)
	at io.vertx.ext.web.impl.RoutingContextImplBase.iterateNext(RoutingContextImplBase.java:177)
	at io.vertx.ext.web.impl.RoutingContextImpl.next(RoutingContextImpl.java:143)
	at io.vertx.ext.web.handler.impl.TimeoutHandlerImpl.handle(TimeoutHandlerImpl.java:49)
	at io.vertx.ext.web.handler.impl.TimeoutHandlerImpl.handle(TimeoutHandlerImpl.java:27)
	at io.vertx.ext.web.impl.RouteState.handleContext(RouteState.java:1285)
	at io.vertx.ext.web.impl.RoutingContextImplBase.iterateNext(RoutingContextImplBase.java:177)
	at io.vertx.ext.web.impl.RoutingContextImpl.next(RoutingContextImpl.java:143)
	at io.vertx.ext.web.handler.impl.BodyHandlerImpl.handle(BodyHandlerImpl.java:95)
	at io.vertx.ext.web.handler.impl.BodyHandlerImpl.handle(BodyHandlerImpl.java:45)
	at io.vertx.ext.web.impl.RouteState.handleContext(RouteState.java:1285)
	at io.vertx.ext.web.impl.RoutingContextImplBase.iterateNext(RoutingContextImplBase.java:177)
	at io.vertx.ext.web.impl.RoutingContextImpl.next(RoutingContextImpl.java:143)
	at io.vertx.ext.web.handler.impl.CorsHandlerImpl.handle(CorsHandlerImpl.java:205)
	at io.vertx.ext.web.handler.impl.CorsHandlerImpl.handle(CorsHandlerImpl.java:42)
	at io.vertx.ext.web.impl.RouteState.handleContext(RouteState.java:1285)
	at io.vertx.ext.web.impl.RoutingContextImplBase.iterateNext(RoutingContextImplBase.java:177)
	at io.vertx.ext.web.impl.RoutingContextImpl.next(RoutingContextImpl.java:143)
	at io.vertx.ext.web.impl.RouterImpl.handle(RouterImpl.java:68)
	at io.vertx.ext.web.impl.RouterImpl.handle(RouterImpl.java:37)
	at io.vertx.core.http.impl.Http1xServerRequestHandler.handle(Http1xServerRequestHandler.java:67)
	at io.vertx.core.http.impl.Http1xServerRequestHandler.handle(Http1xServerRequestHandler.java:30)
	at io.vertx.core.impl.ContextImpl.emit(ContextImpl.java:335)
	at io.vertx.core.impl.DuplicatedContext.emit(DuplicatedContext.java:176)
	at io.vertx.core.http.impl.Http1xServerConnection.handleMessage(Http1xServerConnection.java:174)
	at io.vertx.core.net.impl.ConnectionBase.read(ConnectionBase.java:159)
	at io.vertx.core.net.impl.VertxHandler.channelRead(VertxHandler.java:153)
	at io.netty.channel.AbstractChannelHandlerContext.invokeChannelRead(AbstractChannelHandlerContext.java:442)
	at io.netty.channel.AbstractChannelHandlerContext.invokeChannelRead(AbstractChannelHandlerContext.java:420)
	at io.netty.channel.AbstractChannelHandlerContext.fireChannelRead(AbstractChannelHandlerContext.java:412)
	at io.netty.channel.ChannelInboundHandlerAdapter.channelRead(ChannelInboundHandlerAdapter.java:93)
	at io.netty.handler.codec.http.websocketx.extensions.WebSocketServerExtensionHandler.onHttpRequestChannelRead(WebSocketServerExtensionHandler.java:160)
	at io.netty.handler.codec.http.websocketx.extensions.WebSocketServerExtensionHandler.channelRead(WebSocketServerExtensionHandler.java:83)
	at io.netty.channel.AbstractChannelHandlerContext.invokeChannelRead(AbstractChannelHandlerContext.java:442)
	at io.netty.channel.AbstractChannelHandlerContext.invokeChannelRead(AbstractChannelHandlerContext.java:420)
	at io.netty.channel.AbstractChannelHandlerContext.fireChannelRead(AbstractChannelHandlerContext.java:412)
	at io.netty.handler.timeout.IdleStateHandler.channelRead(IdleStateHandler.java:286)
	at io.netty.channel.AbstractChannelHandlerContext.invokeChannelRead(AbstractChannelHandlerContext.java:442)
	at io.netty.channel.AbstractChannelHandlerContext.invokeChannelRead(AbstractChannelHandlerContext.java:420)
	at io.netty.channel.AbstractChannelHandlerContext.fireChannelRead(AbstractChannelHandlerContext.java:412)
	at io.netty.handler.codec.MessageToMessageDecoder.channelRead(MessageToMessageDecoder.java:103)
	at io.netty.handler.codec.MessageToMessageCodec.channelRead(MessageToMessageCodec.java:111)
	at io.netty.channel.AbstractChannelHandlerContext.invokeChannelRead(AbstractChannelHandlerContext.java:442)
	at io.netty.channel.AbstractChannelHandlerContext.invokeChannelRead(AbstractChannelHandlerContext.java:420)
	at io.netty.channel.AbstractChannelHandlerContext.fireChannelRead(AbstractChannelHandlerContext.java:412)
	at io.netty.handler.codec.ByteToMessageDecoder.fireChannelRead(ByteToMessageDecoder.java:346)
	at io.netty.handler.codec.ByteToMessageDecoder.channelRead(ByteToMessageDecoder.java:318)
	at io.netty.channel.AbstractChannelHandlerContext.invokeChannelRead(AbstractChannelHandlerContext.java:444)
	at io.netty.channel.AbstractChannelHandlerContext.invokeChannelRead(AbstractChannelHandlerContext.java:420)
	at io.netty.channel.AbstractChannelHandlerContext.fireChannelRead(AbstractChannelHandlerContext.java:412)
	at io.netty.channel.DefaultChannelPipeline$HeadContext.channelRead(DefaultChannelPipeline.java:1410)
	at io.netty.channel.AbstractChannelHandlerContext.invokeChannelRead(AbstractChannelHandlerContext.java:440)
	at io.netty.channel.AbstractChannelHandlerContext.invokeChannelRead(AbstractChannelHandlerContext.java:420)
	at io.netty.channel.DefaultChannelPipeline.fireChannelRead(DefaultChannelPipeline.java:919)
	at io.netty.channel.nio.AbstractNioByteChannel$NioByteUnsafe.read(AbstractNioByteChannel.java:166)
	at io.netty.channel.nio.NioEventLoop.processSelectedKey(NioEventLoop.java:788)
	at io.netty.channel.nio.NioEventLoop.processSelectedKeysOptimized(NioEventLoop.java:724)
	at io.netty.channel.nio.NioEventLoop.processSelectedKeys(NioEventLoop.java:650)
	at io.netty.channel.nio.NioEventLoop.run(NioEventLoop.java:562)
	at io.netty.util.concurrent.SingleThreadEventExecutor$4.run(SingleThreadEventExecutor.java:997)
	at io.netty.util.internal.ThreadExecutorMap$2.run(ThreadExecutorMap.java:74)
	at io.netty.util.concurrent.FastThreadLocalRunnable.run(FastThreadLocalRunnable.java:30)
	at java.base/java.lang.Thread.run(Thread.java:1447)
2026-03-11 18:55:15.531 [vert.x-eventloop-thread-1] ERROR com.cyberskill.MainVerticle - Error details: The following has evaluated to null or missing:
==> path  [in template "templates/dashboard.ftl" at line 203, column 31]

----
Tip: If the failing expression is known to legally refer to something that's sometimes null or missing, either specify a default value like myOptionalVar!myDefault, or use <#if myOptionalVar??>when-present<#else>when-missing</#if>. (These only cover the last step of the expression; to cover the whole expression, use parenthesis: (myOptionalVar.foo)!myDefault, (myOptionalVar.foo)??
----

----
FTL stack trace ("~" means nesting-related):
	- Failed at: ${path.name}  [in template "templates/dashboard.ftl" at line 203, column 29]
----
2026-03-11 18:55:15.532 [vert.x-eventloop-thread-1] ERROR com.cyberskill.MainVerticle - Internal server error
2026-03-11 18:55:18.324 [vert.x-eventloop-thread-1] ERROR com.cyberskill.MainVerticle - ❌ Dashboard rendering failed
freemarker.core.InvalidReferenceException: The following has evaluated to null or missing:
==> path  [in template "templates/dashboard.ftl" at line 203, column 31]

----
Tip: If the failing expression is known to legally refer to something that's sometimes null or missing, either specify a default value like myOptionalVar!myDefault, or use <#if myOptionalVar??>when-present<#else>when-missing</#if>. (These only cover the last step of the expression; to cover the whole expression, use parenthesis: (myOptionalVar.foo)!myDefault, (myOptionalVar.foo)??
----

----
FTL stack trace ("~" means nesting-related):
	- Failed at: ${path.name}  [in template "templates/dashboard.ftl" at line 203, column 29]
----
	at freemarker.core.InvalidReferenceException.getInstance(InvalidReferenceException.java:134)
	at freemarker.core.UnexpectedTypeException.newDescriptionBuilder(UnexpectedTypeException.java:85)
	at freemarker.core.UnexpectedTypeException.<init>(UnexpectedTypeException.java:48)
	at freemarker.core.NonHashException.<init>(NonHashException.java:49)
	at freemarker.core.Dot._eval(Dot.java:48)
	at freemarker.core.Expression.eval(Expression.java:101)
	at freemarker.core.DollarVariable.calculateInterpolatedStringOrMarkup(DollarVariable.java:104)
	at freemarker.core.DollarVariable.accept(DollarVariable.java:63)
	at freemarker.core.Environment.visit(Environment.java:335)
	at freemarker.core.Environment.visit(Environment.java:341)
	at freemarker.core.Environment.process(Environment.java:314)
	at freemarker.template.Template.process(Template.java:383)
	at io.vertx.ext.web.templ.freemarker.impl.FreeMarkerTemplateEngineImpl.render(FreeMarkerTemplateEngineImpl.java:77)
	at io.vertx.ext.web.common.template.TemplateEngine.render(TemplateEngine.java:88)
	at com.cyberskill.MainVerticle.lambda$setupWebRoutes$9(MainVerticle.java:334)
	at io.vertx.ext.web.impl.RouteState.handleContext(RouteState.java:1285)
	at io.vertx.ext.web.impl.RoutingContextImplBase.iterateNext(RoutingContextImplBase.java:177)
	at io.vertx.ext.web.impl.RoutingContextImpl.next(RoutingContextImpl.java:143)
	at com.cyberskill.MainVerticle.lambda$setupGlobalHandlers$0(MainVerticle.java:251)
	at io.vertx.ext.web.impl.RouteState.handleContext(RouteState.java:1285)
	at io.vertx.ext.web.impl.RoutingContextImplBase.iterateNext(RoutingContextImplBase.java:177)
	at io.vertx.ext.web.impl.RoutingContextImpl.next(RoutingContextImpl.java:143)
	at io.vertx.ext.web.handler.impl.TimeoutHandlerImpl.handle(TimeoutHandlerImpl.java:49)
	at io.vertx.ext.web.handler.impl.TimeoutHandlerImpl.handle(TimeoutHandlerImpl.java:27)
	at io.vertx.ext.web.impl.RouteState.handleContext(RouteState.java:1285)
	at io.vertx.ext.web.impl.RoutingContextImplBase.iterateNext(RoutingContextImplBase.java:177)
	at io.vertx.ext.web.impl.RoutingContextImpl.next(RoutingContextImpl.java:143)
	at io.vertx.ext.web.handler.impl.BodyHandlerImpl.handle(BodyHandlerImpl.java:95)
	at io.vertx.ext.web.handler.impl.BodyHandlerImpl.handle(BodyHandlerImpl.java:45)
	at io.vertx.ext.web.impl.RouteState.handleContext(RouteState.java:1285)
	at io.vertx.ext.web.impl.RoutingContextImplBase.iterateNext(RoutingContextImplBase.java:177)
	at io.vertx.ext.web.impl.RoutingContextImpl.next(RoutingContextImpl.java:143)
	at io.vertx.ext.web.handler.impl.CorsHandlerImpl.handle(CorsHandlerImpl.java:205)
	at io.vertx.ext.web.handler.impl.CorsHandlerImpl.handle(CorsHandlerImpl.java:42)
	at io.vertx.ext.web.impl.RouteState.handleContext(RouteState.java:1285)
	at io.vertx.ext.web.impl.RoutingContextImplBase.iterateNext(RoutingContextImplBase.java:177)
	at io.vertx.ext.web.impl.RoutingContextImpl.next(RoutingContextImpl.java:143)
	at io.vertx.ext.web.impl.RouterImpl.handle(RouterImpl.java:68)
	at io.vertx.ext.web.impl.RouterImpl.handle(RouterImpl.java:37)
	at io.vertx.core.http.impl.Http1xServerRequestHandler.handle(Http1xServerRequestHandler.java:67)
	at io.vertx.core.http.impl.Http1xServerRequestHandler.handle(Http1xServerRequestHandler.java:30)
	at io.vertx.core.impl.ContextImpl.emit(ContextImpl.java:335)
	at io.vertx.core.impl.DuplicatedContext.emit(DuplicatedContext.java:176)
	at io.vertx.core.http.impl.Http1xServerConnection.handleMessage(Http1xServerConnection.java:174)
	at io.vertx.core.net.impl.ConnectionBase.read(ConnectionBase.java:159)
	at io.vertx.core.net.impl.VertxHandler.channelRead(VertxHandler.java:153)
	at io.netty.channel.AbstractChannelHandlerContext.invokeChannelRead(AbstractChannelHandlerContext.java:442)
	at io.netty.channel.AbstractChannelHandlerContext.invokeChannelRead(AbstractChannelHandlerContext.java:420)
	at io.netty.channel.AbstractChannelHandlerContext.fireChannelRead(AbstractChannelHandlerContext.java:412)
	at io.netty.channel.ChannelInboundHandlerAdapter.channelRead(ChannelInboundHandlerAdapter.java:93)
	at io.netty.handler.codec.http.websocketx.extensions.WebSocketServerExtensionHandler.onHttpRequestChannelRead(WebSocketServerExtensionHandler.java:160)
	at io.netty.handler.codec.http.websocketx.extensions.WebSocketServerExtensionHandler.channelRead(WebSocketServerExtensionHandler.java:83)
	at io.netty.channel.AbstractChannelHandlerContext.invokeChannelRead(AbstractChannelHandlerContext.java:442)
	at io.netty.channel.AbstractChannelHandlerContext.invokeChannelRead(AbstractChannelHandlerContext.java:420)
	at io.netty.channel.AbstractChannelHandlerContext.fireChannelRead(AbstractChannelHandlerContext.java:412)
	at io.netty.handler.timeout.IdleStateHandler.channelRead(IdleStateHandler.java:286)
	at io.netty.channel.AbstractChannelHandlerContext.invokeChannelRead(AbstractChannelHandlerContext.java:442)
	at io.netty.channel.AbstractChannelHandlerContext.invokeChannelRead(AbstractChannelHandlerContext.java:420)
	at io.netty.channel.AbstractChannelHandlerContext.fireChannelRead(AbstractChannelHandlerContext.java:412)
	at io.netty.handler.codec.MessageToMessageDecoder.channelRead(MessageToMessageDecoder.java:103)
	at io.netty.handler.codec.MessageToMessageCodec.channelRead(MessageToMessageCodec.java:111)
	at io.netty.channel.AbstractChannelHandlerContext.invokeChannelRead(AbstractChannelHandlerContext.java:442)
	at io.netty.channel.AbstractChannelHandlerContext.invokeChannelRead(AbstractChannelHandlerContext.java:420)
	at io.netty.channel.AbstractChannelHandlerContext.fireChannelRead(AbstractChannelHandlerContext.java:412)
	at io.netty.handler.codec.ByteToMessageDecoder.fireChannelRead(ByteToMessageDecoder.java:346)
	at io.netty.handler.codec.ByteToMessageDecoder.channelRead(ByteToMessageDecoder.java:318)
	at io.netty.channel.AbstractChannelHandlerContext.invokeChannelRead(AbstractChannelHandlerContext.java:444)
	at io.netty.channel.AbstractChannelHandlerContext.invokeChannelRead(AbstractChannelHandlerContext.java:420)
	at io.netty.channel.AbstractChannelHandlerContext.fireChannelRead(AbstractChannelHandlerContext.java:412)
	at io.netty.channel.DefaultChannelPipeline$HeadContext.channelRead(DefaultChannelPipeline.java:1410)
	at io.netty.channel.AbstractChannelHandlerContext.invokeChannelRead(AbstractChannelHandlerContext.java:440)
	at io.netty.channel.AbstractChannelHandlerContext.invokeChannelRead(AbstractChannelHandlerContext.java:420)
	at io.netty.channel.DefaultChannelPipeline.fireChannelRead(DefaultChannelPipeline.java:919)
	at io.netty.channel.nio.AbstractNioByteChannel$NioByteUnsafe.read(AbstractNioByteChannel.java:166)
	at io.netty.channel.nio.NioEventLoop.processSelectedKey(NioEventLoop.java:788)
	at io.netty.channel.nio.NioEventLoop.processSelectedKeysOptimized(NioEventLoop.java:724)
	at io.netty.channel.nio.NioEventLoop.processSelectedKeys(NioEventLoop.java:650)
	at io.netty.channel.nio.NioEventLoop.run(NioEventLoop.java:562)
	at io.netty.util.concurrent.SingleThreadEventExecutor$4.run(SingleThreadEventExecutor.java:997)
	at io.netty.util.internal.ThreadExecutorMap$2.run(ThreadExecutorMap.java:74)
	at io.netty.util.concurrent.FastThreadLocalRunnable.run(FastThreadLocalRunnable.java:30)
	at java.base/java.lang.Thread.run(Thread.java:1447)
2026-03-11 18:55:18.330 [vert.x-eventloop-thread-1] ERROR com.cyberskill.MainVerticle - Error details: The following has evaluated to null or missing:
==> path  [in template "templates/dashboard.ftl" at line 203, column 31]

----
Tip: If the failing expression is known to legally refer to something that's sometimes null or missing, either specify a default value like myOptionalVar!myDefault, or use <#if myOptionalVar??>when-present<#else>when-missing</#if>. (These only cover the last step of the expression; to cover the whole expression, use parenthesis: (myOptionalVar.foo)!myDefault, (myOptionalVar.foo)??
----

----
FTL stack trace ("~" means nesting-related):
	- Failed at: ${path.name}  [in template "templates/dashboard.ftl" at line 203, column 29]
----
2026-03-11 18:55:18.332 [vert.x-eventloop-thread-1] ERROR com.cyberskill.MainVerticle - Internal server error
2026-03-11 18:56:15.050 [vert.x-eventloop-thread-1] ERROR com.cyberskill.MainVerticle - ❌ Dashboard rendering failed
freemarker.core.InvalidReferenceException: The following has evaluated to null or missing:
==> path  [in template "templates/dashboard.ftl" at line 203, column 31]

----
Tip: If the failing expression is known to legally refer to something that's sometimes null or missing, either specify a default value like myOptionalVar!myDefault, or use <#if myOptionalVar??>when-present<#else>when-missing</#if>. (These only cover the last step of the expression; to cover the whole expression, use parenthesis: (myOptionalVar.foo)!myDefault, (myOptionalVar.foo)??
----

----
FTL stack trace ("~" means nesting-related):
	- Failed at: ${path.name}  [in template "templates/dashboard.ftl" at line 203, column 29]
----
	at freemarker.core.InvalidReferenceException.getInstance(InvalidReferenceException.java:134)
	at freemarker.core.UnexpectedTypeException.newDescriptionBuilder(UnexpectedTypeException.java:85)
	at freemarker.core.UnexpectedTypeException.<init>(UnexpectedTypeException.java:48)
	at freemarker.core.NonHashException.<init>(NonHashException.java:49)
	at freemarker.core.Dot._eval(Dot.java:48)
	at freemarker.core.Expression.eval(Expression.java:101)
	at freemarker.core.DollarVariable.calculateInterpolatedStringOrMarkup(DollarVariable.java:104)
	at freemarker.core.DollarVariable.accept(DollarVariable.java:63)
	at freemarker.core.Environment.visit(Environment.java:335)
	at freemarker.core.Environment.visit(Environment.java:341)
	at freemarker.core.Environment.process(Environment.java:314)
	at freemarker.template.Template.process(Template.java:383)
	at io.vertx.ext.web.templ.freemarker.impl.FreeMarkerTemplateEngineImpl.render(FreeMarkerTemplateEngineImpl.java:77)
	at io.vertx.ext.web.common.template.TemplateEngine.render(TemplateEngine.java:88)
	at com.cyberskill.MainVerticle.lambda$setupWebRoutes$9(MainVerticle.java:334)
	at io.vertx.ext.web.impl.RouteState.handleContext(RouteState.java:1285)
	at io.vertx.ext.web.impl.RoutingContextImplBase.iterateNext(RoutingContextImplBase.java:177)
	at io.vertx.ext.web.impl.RoutingContextImpl.next(RoutingContextImpl.java:143)
	at com.cyberskill.MainVerticle.lambda$setupGlobalHandlers$0(MainVerticle.java:251)
	at io.vertx.ext.web.impl.RouteState.handleContext(RouteState.java:1285)
	at io.vertx.ext.web.impl.RoutingContextImplBase.iterateNext(RoutingContextImplBase.java:177)
	at io.vertx.ext.web.impl.RoutingContextImpl.next(RoutingContextImpl.java:143)
	at io.vertx.ext.web.handler.impl.TimeoutHandlerImpl.handle(TimeoutHandlerImpl.java:49)
	at io.vertx.ext.web.handler.impl.TimeoutHandlerImpl.handle(TimeoutHandlerImpl.java:27)
	at io.vertx.ext.web.impl.RouteState.handleContext(RouteState.java:1285)
	at io.vertx.ext.web.impl.RoutingContextImplBase.iterateNext(RoutingContextImplBase.java:177)
	at io.vertx.ext.web.impl.RoutingContextImpl.next(RoutingContextImpl.java:143)
	at io.vertx.ext.web.handler.impl.BodyHandlerImpl.handle(BodyHandlerImpl.java:95)
	at io.vertx.ext.web.handler.impl.BodyHandlerImpl.handle(BodyHandlerImpl.java:45)
	at io.vertx.ext.web.impl.RouteState.handleContext(RouteState.java:1285)
	at io.vertx.ext.web.impl.RoutingContextImplBase.iterateNext(RoutingContextImplBase.java:177)
	at io.vertx.ext.web.impl.RoutingContextImpl.next(RoutingContextImpl.java:143)
	at io.vertx.ext.web.handler.impl.CorsHandlerImpl.handle(CorsHandlerImpl.java:205)
	at io.vertx.ext.web.handler.impl.CorsHandlerImpl.handle(CorsHandlerImpl.java:42)
	at io.vertx.ext.web.impl.RouteState.handleContext(RouteState.java:1285)
	at io.vertx.ext.web.impl.RoutingContextImplBase.iterateNext(RoutingContextImplBase.java:177)
	at io.vertx.ext.web.impl.RoutingContextImpl.next(RoutingContextImpl.java:143)
	at io.vertx.ext.web.impl.RouterImpl.handle(RouterImpl.java:68)
	at io.vertx.ext.web.impl.RouterImpl.handle(RouterImpl.java:37)
	at io.vertx.core.http.impl.Http1xServerRequestHandler.handle(Http1xServerRequestHandler.java:67)
	at io.vertx.core.http.impl.Http1xServerRequestHandler.handle(Http1xServerRequestHandler.java:30)
	at io.vertx.core.impl.ContextImpl.emit(ContextImpl.java:335)
	at io.vertx.core.impl.DuplicatedContext.emit(DuplicatedContext.java:176)
	at io.vertx.core.http.impl.Http1xServerConnection.handleMessage(Http1xServerConnection.java:174)
	at io.vertx.core.net.impl.ConnectionBase.read(ConnectionBase.java:159)
	at io.vertx.core.net.impl.VertxHandler.channelRead(VertxHandler.java:153)
	at io.netty.channel.AbstractChannelHandlerContext.invokeChannelRead(AbstractChannelHandlerContext.java:442)
	at io.netty.channel.AbstractChannelHandlerContext.invokeChannelRead(AbstractChannelHandlerContext.java:420)
	at io.netty.channel.AbstractChannelHandlerContext.fireChannelRead(AbstractChannelHandlerContext.java:412)
	at io.netty.channel.ChannelInboundHandlerAdapter.channelRead(ChannelInboundHandlerAdapter.java:93)
	at io.netty.handler.codec.http.websocketx.extensions.WebSocketServerExtensionHandler.onHttpRequestChannelRead(WebSocketServerExtensionHandler.java:160)
	at io.netty.handler.codec.http.websocketx.extensions.WebSocketServerExtensionHandler.channelRead(WebSocketServerExtensionHandler.java:83)
	at io.netty.channel.AbstractChannelHandlerContext.invokeChannelRead(AbstractChannelHandlerContext.java:442)
	at io.netty.channel.AbstractChannelHandlerContext.invokeChannelRead(AbstractChannelHandlerContext.java:420)
	at io.netty.channel.AbstractChannelHandlerContext.fireChannelRead(AbstractChannelHandlerContext.java:412)
	at io.netty.handler.timeout.IdleStateHandler.channelRead(IdleStateHandler.java:286)
	at io.netty.channel.AbstractChannelHandlerContext.invokeChannelRead(AbstractChannelHandlerContext.java:442)
	at io.netty.channel.AbstractChannelHandlerContext.invokeChannelRead(AbstractChannelHandlerContext.java:420)
	at io.netty.channel.AbstractChannelHandlerContext.fireChannelRead(AbstractChannelHandlerContext.java:412)
	at io.netty.handler.codec.MessageToMessageDecoder.channelRead(MessageToMessageDecoder.java:103)
	at io.netty.handler.codec.MessageToMessageCodec.channelRead(MessageToMessageCodec.java:111)
	at io.netty.channel.AbstractChannelHandlerContext.invokeChannelRead(AbstractChannelHandlerContext.java:442)
	at io.netty.channel.AbstractChannelHandlerContext.invokeChannelRead(AbstractChannelHandlerContext.java:420)
	at io.netty.channel.AbstractChannelHandlerContext.fireChannelRead(AbstractChannelHandlerContext.java:412)
	at io.netty.handler.codec.ByteToMessageDecoder.fireChannelRead(ByteToMessageDecoder.java:346)
	at io.netty.handler.codec.ByteToMessageDecoder.channelRead(ByteToMessageDecoder.java:318)
	at io.netty.channel.AbstractChannelHandlerContext.invokeChannelRead(AbstractChannelHandlerContext.java:444)
	at io.netty.channel.AbstractChannelHandlerContext.invokeChannelRead(AbstractChannelHandlerContext.java:420)
	at io.netty.channel.AbstractChannelHandlerContext.fireChannelRead(AbstractChannelHandlerContext.java:412)
	at io.netty.channel.DefaultChannelPipeline$HeadContext.channelRead(DefaultChannelPipeline.java:1410)
	at io.netty.channel.AbstractChannelHandlerContext.invokeChannelRead(AbstractChannelHandlerContext.java:440)
	at io.netty.channel.AbstractChannelHandlerContext.invokeChannelRead(AbstractChannelHandlerContext.java:420)
	at io.netty.channel.DefaultChannelPipeline.fireChannelRead(DefaultChannelPipeline.java:919)
	at io.netty.channel.nio.AbstractNioByteChannel$NioByteUnsafe.read(AbstractNioByteChannel.java:166)
	at io.netty.channel.nio.NioEventLoop.processSelectedKey(NioEventLoop.java:788)
	at io.netty.channel.nio.NioEventLoop.processSelectedKeysOptimized(NioEventLoop.java:724)
	at io.netty.channel.nio.NioEventLoop.processSelectedKeys(NioEventLoop.java:650)
	at io.netty.channel.nio.NioEventLoop.run(NioEventLoop.java:562)
	at io.netty.util.concurrent.SingleThreadEventExecutor$4.run(SingleThreadEventExecutor.java:997)
	at io.netty.util.internal.ThreadExecutorMap$2.run(ThreadExecutorMap.java:74)
	at io.netty.util.concurrent.FastThreadLocalRunnable.run(FastThreadLocalRunnable.java:30)
	at java.base/java.lang.Thread.run(Thread.java:1447)
2026-03-11 18:56:15.052 [vert.x-eventloop-thread-1] ERROR com.cyberskill.MainVerticle - Error details: The following has evaluated to null or missing:
==> path  [in template "templates/dashboard.ftl" at line 203, column 31]

----
Tip: If the failing expression is known to legally refer to something that's sometimes null or missing, either specify a default value like myOptionalVar!myDefault, or use <#if myOptionalVar??>when-present<#else>when-missing</#if>. (These only cover the last step of the expression; to cover the whole expression, use parenthesis: (myOptionalVar.foo)!myDefault, (myOptionalVar.foo)??
----

----
FTL stack trace ("~" means nesting-related):
	- Failed at: ${path.name}  [in template "templates/dashboard.ftl" at line 203, column 29]
----
2026-03-11 18:56:15.052 [vert.x-eventloop-thread-1] ERROR com.cyberskill.MainVerticle - Internal server error
2026-03-11 18:57:53.534 [vert.x-eventloop-thread-1] ERROR com.cyberskill.MainVerticle - ❌ Dashboard rendering failed
freemarker.core.InvalidReferenceException: The following has evaluated to null or missing:
==> path  [in template "templates/dashboard.ftl" at line 203, column 32]

----
Tip: If the failing expression is known to legally refer to something that's sometimes null or missing, either specify a default value like myOptionalVar!myDefault, or use <#if myOptionalVar??>when-present<#else>when-missing</#if>. (These only cover the last step of the expression; to cover the whole expression, use parenthesis: (myOptionalVar.foo)!myDefault, (myOptionalVar.foo)??
----

----
FTL stack trace ("~" means nesting-related):
	- Failed at: ${path.name}  [in template "templates/dashboard.ftl" at line 203, column 30]
----
	at freemarker.core.InvalidReferenceException.getInstance(InvalidReferenceException.java:134)
	at freemarker.core.UnexpectedTypeException.newDescriptionBuilder(UnexpectedTypeException.java:85)
	at freemarker.core.UnexpectedTypeException.<init>(UnexpectedTypeException.java:48)
	at freemarker.core.NonHashException.<init>(NonHashException.java:49)
	at freemarker.core.Dot._eval(Dot.java:48)
	at freemarker.core.Expression.eval(Expression.java:101)
	at freemarker.core.DollarVariable.calculateInterpolatedStringOrMarkup(DollarVariable.java:104)
	at freemarker.core.DollarVariable.accept(DollarVariable.java:63)
	at freemarker.core.Environment.visit(Environment.java:335)
	at freemarker.core.Environment.visit(Environment.java:341)
	at freemarker.core.Environment.process(Environment.java:314)
	at freemarker.template.Template.process(Template.java:383)
	at io.vertx.ext.web.templ.freemarker.impl.FreeMarkerTemplateEngineImpl.render(FreeMarkerTemplateEngineImpl.java:77)
	at io.vertx.ext.web.common.template.TemplateEngine.render(TemplateEngine.java:88)
	at com.cyberskill.MainVerticle.lambda$setupWebRoutes$9(MainVerticle.java:334)
	at io.vertx.ext.web.impl.RouteState.handleContext(RouteState.java:1285)
	at io.vertx.ext.web.impl.RoutingContextImplBase.iterateNext(RoutingContextImplBase.java:177)
	at io.vertx.ext.web.impl.RoutingContextImpl.next(RoutingContextImpl.java:143)
	at com.cyberskill.MainVerticle.lambda$setupGlobalHandlers$0(MainVerticle.java:251)
	at io.vertx.ext.web.impl.RouteState.handleContext(RouteState.java:1285)
	at io.vertx.ext.web.impl.RoutingContextImplBase.iterateNext(RoutingContextImplBase.java:177)
	at io.vertx.ext.web.impl.RoutingContextImpl.next(RoutingContextImpl.java:143)
	at io.vertx.ext.web.handler.impl.TimeoutHandlerImpl.handle(TimeoutHandlerImpl.java:49)
	at io.vertx.ext.web.handler.impl.TimeoutHandlerImpl.handle(TimeoutHandlerImpl.java:27)
	at io.vertx.ext.web.impl.RouteState.handleContext(RouteState.java:1285)
	at io.vertx.ext.web.impl.RoutingContextImplBase.iterateNext(RoutingContextImplBase.java:177)
	at io.vertx.ext.web.impl.RoutingContextImpl.next(RoutingContextImpl.java:143)
	at io.vertx.ext.web.handler.impl.BodyHandlerImpl.handle(BodyHandlerImpl.java:95)
	at io.vertx.ext.web.handler.impl.BodyHandlerImpl.handle(BodyHandlerImpl.java:45)
	at io.vertx.ext.web.impl.RouteState.handleContext(RouteState.java:1285)
	at io.vertx.ext.web.impl.RoutingContextImplBase.iterateNext(RoutingContextImplBase.java:177)
	at io.vertx.ext.web.impl.RoutingContextImpl.next(RoutingContextImpl.java:143)
	at io.vertx.ext.web.handler.impl.CorsHandlerImpl.handle(CorsHandlerImpl.java:205)
	at io.vertx.ext.web.handler.impl.CorsHandlerImpl.handle(CorsHandlerImpl.java:42)
	at io.vertx.ext.web.impl.RouteState.handleContext(RouteState.java:1285)
	at io.vertx.ext.web.impl.RoutingContextImplBase.iterateNext(RoutingContextImplBase.java:177)
	at io.vertx.ext.web.impl.RoutingContextImpl.next(RoutingContextImpl.java:143)
	at io.vertx.ext.web.impl.RouterImpl.handle(RouterImpl.java:68)
	at io.vertx.ext.web.impl.RouterImpl.handle(RouterImpl.java:37)
	at io.vertx.core.http.impl.Http1xServerRequestHandler.handle(Http1xServerRequestHandler.java:67)
	at io.vertx.core.http.impl.Http1xServerRequestHandler.handle(Http1xServerRequestHandler.java:30)
	at io.vertx.core.impl.ContextImpl.emit(ContextImpl.java:335)
	at io.vertx.core.impl.DuplicatedContext.emit(DuplicatedContext.java:176)
	at io.vertx.core.http.impl.Http1xServerConnection.handleMessage(Http1xServerConnection.java:174)
	at io.vertx.core.net.impl.ConnectionBase.read(ConnectionBase.java:159)
	at io.vertx.core.net.impl.VertxHandler.channelRead(VertxHandler.java:153)
	at io.netty.channel.AbstractChannelHandlerContext.invokeChannelRead(AbstractChannelHandlerContext.java:442)
	at io.netty.channel.AbstractChannelHandlerContext.invokeChannelRead(AbstractChannelHandlerContext.java:420)
	at io.netty.channel.AbstractChannelHandlerContext.fireChannelRead(AbstractChannelHandlerContext.java:412)
	at io.netty.channel.ChannelInboundHandlerAdapter.channelRead(ChannelInboundHandlerAdapter.java:93)
	at io.netty.handler.codec.http.websocketx.extensions.WebSocketServerExtensionHandler.onHttpRequestChannelRead(WebSocketServerExtensionHandler.java:160)
	at io.netty.handler.codec.http.websocketx.extensions.WebSocketServerExtensionHandler.channelRead(WebSocketServerExtensionHandler.java:83)
	at io.netty.channel.AbstractChannelHandlerContext.invokeChannelRead(AbstractChannelHandlerContext.java:442)
	at io.netty.channel.AbstractChannelHandlerContext.invokeChannelRead(AbstractChannelHandlerContext.java:420)
	at io.netty.channel.AbstractChannelHandlerContext.fireChannelRead(AbstractChannelHandlerContext.java:412)
	at io.netty.handler.timeout.IdleStateHandler.channelRead(IdleStateHandler.java:286)
	at io.netty.channel.AbstractChannelHandlerContext.invokeChannelRead(AbstractChannelHandlerContext.java:442)
	at io.netty.channel.AbstractChannelHandlerContext.invokeChannelRead(AbstractChannelHandlerContext.java:420)
	at io.netty.channel.AbstractChannelHandlerContext.fireChannelRead(AbstractChannelHandlerContext.java:412)
	at io.netty.handler.codec.MessageToMessageDecoder.channelRead(MessageToMessageDecoder.java:103)
	at io.netty.handler.codec.MessageToMessageCodec.channelRead(MessageToMessageCodec.java:111)
	at io.netty.channel.AbstractChannelHandlerContext.invokeChannelRead(AbstractChannelHandlerContext.java:442)
	at io.netty.channel.AbstractChannelHandlerContext.invokeChannelRead(AbstractChannelHandlerContext.java:420)
	at io.netty.channel.AbstractChannelHandlerContext.fireChannelRead(AbstractChannelHandlerContext.java:412)
	at io.netty.handler.codec.ByteToMessageDecoder.fireChannelRead(ByteToMessageDecoder.java:346)
	at io.netty.handler.codec.ByteToMessageDecoder.channelRead(ByteToMessageDecoder.java:318)
	at io.netty.channel.AbstractChannelHandlerContext.invokeChannelRead(AbstractChannelHandlerContext.java:444)
	at io.netty.channel.AbstractChannelHandlerContext.invokeChannelRead(AbstractChannelHandlerContext.java:420)
	at io.netty.channel.AbstractChannelHandlerContext.fireChannelRead(AbstractChannelHandlerContext.java:412)
	at io.netty.channel.DefaultChannelPipeline$HeadContext.channelRead(DefaultChannelPipeline.java:1410)
	at io.netty.channel.AbstractChannelHandlerContext.invokeChannelRead(AbstractChannelHandlerContext.java:440)
	at io.netty.channel.AbstractChannelHandlerContext.invokeChannelRead(AbstractChannelHandlerContext.java:420)
	at io.netty.channel.DefaultChannelPipeline.fireChannelRead(DefaultChannelPipeline.java:919)
	at io.netty.channel.nio.AbstractNioByteChannel$NioByteUnsafe.read(AbstractNioByteChannel.java:166)
	at io.netty.channel.nio.NioEventLoop.processSelectedKey(NioEventLoop.java:788)
	at io.netty.channel.nio.NioEventLoop.processSelectedKeysOptimized(NioEventLoop.java:724)
	at io.netty.channel.nio.NioEventLoop.processSelectedKeys(NioEventLoop.java:650)
	at io.netty.channel.nio.NioEventLoop.run(NioEventLoop.java:562)
	at io.netty.util.concurrent.SingleThreadEventExecutor$4.run(SingleThreadEventExecutor.java:997)
	at io.netty.util.internal.ThreadExecutorMap$2.run(ThreadExecutorMap.java:74)
	at io.netty.util.concurrent.FastThreadLocalRunnable.run(FastThreadLocalRunnable.java:30)
	at java.base/java.lang.Thread.run(Thread.java:1447)
2026-03-11 18:57:53.537 [vert.x-eventloop-thread-1] ERROR com.cyberskill.MainVerticle - Error details: The following has evaluated to null or missing:
==> path  [in template "templates/dashboard.ftl" at line 203, column 32]

----
Tip: If the failing expression is known to legally refer to something that's sometimes null or missing, either specify a default value like myOptionalVar!myDefault, or use <#if myOptionalVar??>when-present<#else>when-missing</#if>. (These only cover the last step of the expression; to cover the whole expression, use parenthesis: (myOptionalVar.foo)!myDefault, (myOptionalVar.foo)??
----

----
FTL stack trace ("~" means nesting-related):
	- Failed at: ${path.name}  [in template "templates/dashboard.ftl" at line 203, column 30]
----
2026-03-11 18:57:53.537 [vert.x-eventloop-thread-1] ERROR com.cyberskill.MainVerticle - Internal server error
2026-03-11 18:59:12.865 [vert.x-eventloop-thread-1] ERROR com.cyberskill.MainVerticle - ❌ Dashboard rendering failed
freemarker.core.InvalidReferenceException: The following has evaluated to null or missing:
==> path  [in template "templates/dashboard.ftl" at line 203, column 32]

----
Tip: If the failing expression is known to legally refer to something that's sometimes null or missing, either specify a default value like myOptionalVar!myDefault, or use <#if myOptionalVar??>when-present<#else>when-missing</#if>. (These only cover the last step of the expression; to cover the whole expression, use parenthesis: (myOptionalVar.foo)!myDefault, (myOptionalVar.foo)??
----

----
FTL stack trace ("~" means nesting-related):
	- Failed at: ${path.name}  [in template "templates/dashboard.ftl" at line 203, column 30]
----
	at freemarker.core.InvalidReferenceException.getInstance(InvalidReferenceException.java:134)
	at freemarker.core.UnexpectedTypeException.newDescriptionBuilder(UnexpectedTypeException.java:85)
	at freemarker.core.UnexpectedTypeException.<init>(UnexpectedTypeException.java:48)
	at freemarker.core.NonHashException.<init>(NonHashException.java:49)
	at freemarker.core.Dot._eval(Dot.java:48)
	at freemarker.core.Expression.eval(Expression.java:101)
	at freemarker.core.DollarVariable.calculateInterpolatedStringOrMarkup(DollarVariable.java:104)
	at freemarker.core.DollarVariable.accept(DollarVariable.java:63)
	at freemarker.core.Environment.visit(Environment.java:335)
	at freemarker.core.Environment.visit(Environment.java:341)
	at freemarker.core.Environment.process(Environment.java:314)
	at freemarker.template.Template.process(Template.java:383)
	at io.vertx.ext.web.templ.freemarker.impl.FreeMarkerTemplateEngineImpl.render(FreeMarkerTemplateEngineImpl.java:77)
	at io.vertx.ext.web.common.template.TemplateEngine.render(TemplateEngine.java:88)
	at com.cyberskill.MainVerticle.lambda$setupWebRoutes$9(MainVerticle.java:334)
	at io.vertx.ext.web.impl.RouteState.handleContext(RouteState.java:1285)
	at io.vertx.ext.web.impl.RoutingContextImplBase.iterateNext(RoutingContextImplBase.java:177)
	at io.vertx.ext.web.impl.RoutingContextImpl.next(RoutingContextImpl.java:143)
	at com.cyberskill.MainVerticle.lambda$setupGlobalHandlers$0(MainVerticle.java:251)
	at io.vertx.ext.web.impl.RouteState.handleContext(RouteState.java:1285)
	at io.vertx.ext.web.impl.RoutingContextImplBase.iterateNext(RoutingContextImplBase.java:177)
	at io.vertx.ext.web.impl.RoutingContextImpl.next(RoutingContextImpl.java:143)
	at io.vertx.ext.web.handler.impl.TimeoutHandlerImpl.handle(TimeoutHandlerImpl.java:49)
	at io.vertx.ext.web.handler.impl.TimeoutHandlerImpl.handle(TimeoutHandlerImpl.java:27)
	at io.vertx.ext.web.impl.RouteState.handleContext(RouteState.java:1285)
	at io.vertx.ext.web.impl.RoutingContextImplBase.iterateNext(RoutingContextImplBase.java:177)
	at io.vertx.ext.web.impl.RoutingContextImpl.next(RoutingContextImpl.java:143)
	at io.vertx.ext.web.handler.impl.BodyHandlerImpl.handle(BodyHandlerImpl.java:95)
	at io.vertx.ext.web.handler.impl.BodyHandlerImpl.handle(BodyHandlerImpl.java:45)
	at io.vertx.ext.web.impl.RouteState.handleContext(RouteState.java:1285)
	at io.vertx.ext.web.impl.RoutingContextImplBase.iterateNext(RoutingContextImplBase.java:177)
	at io.vertx.ext.web.impl.RoutingContextImpl.next(RoutingContextImpl.java:143)
	at io.vertx.ext.web.handler.impl.CorsHandlerImpl.handle(CorsHandlerImpl.java:205)
	at io.vertx.ext.web.handler.impl.CorsHandlerImpl.handle(CorsHandlerImpl.java:42)
	at io.vertx.ext.web.impl.RouteState.handleContext(RouteState.java:1285)
	at io.vertx.ext.web.impl.RoutingContextImplBase.iterateNext(RoutingContextImplBase.java:177)
	at io.vertx.ext.web.impl.RoutingContextImpl.next(RoutingContextImpl.java:143)
	at io.vertx.ext.web.impl.RouterImpl.handle(RouterImpl.java:68)
	at io.vertx.ext.web.impl.RouterImpl.handle(RouterImpl.java:37)
	at io.vertx.core.http.impl.Http1xServerRequestHandler.handle(Http1xServerRequestHandler.java:67)
	at io.vertx.core.http.impl.Http1xServerRequestHandler.handle(Http1xServerRequestHandler.java:30)
	at io.vertx.core.impl.ContextImpl.emit(ContextImpl.java:335)
	at io.vertx.core.impl.DuplicatedContext.emit(DuplicatedContext.java:176)
	at io.vertx.core.http.impl.Http1xServerConnection.handleMessage(Http1xServerConnection.java:174)
	at io.vertx.core.net.impl.ConnectionBase.read(ConnectionBase.java:159)
	at io.vertx.core.net.impl.VertxHandler.channelRead(VertxHandler.java:153)
	at io.netty.channel.AbstractChannelHandlerContext.invokeChannelRead(AbstractChannelHandlerContext.java:442)
	at io.netty.channel.AbstractChannelHandlerContext.invokeChannelRead(AbstractChannelHandlerContext.java:420)
	at io.netty.channel.AbstractChannelHandlerContext.fireChannelRead(AbstractChannelHandlerContext.java:412)
	at io.netty.channel.ChannelInboundHandlerAdapter.channelRead(ChannelInboundHandlerAdapter.java:93)
	at io.netty.handler.codec.http.websocketx.extensions.WebSocketServerExtensionHandler.onHttpRequestChannelRead(WebSocketServerExtensionHandler.java:160)
	at io.netty.handler.codec.http.websocketx.extensions.WebSocketServerExtensionHandler.channelRead(WebSocketServerExtensionHandler.java:83)
	at io.netty.channel.AbstractChannelHandlerContext.invokeChannelRead(AbstractChannelHandlerContext.java:442)
	at io.netty.channel.AbstractChannelHandlerContext.invokeChannelRead(AbstractChannelHandlerContext.java:420)
	at io.netty.channel.AbstractChannelHandlerContext.fireChannelRead(AbstractChannelHandlerContext.java:412)
	at io.netty.handler.timeout.IdleStateHandler.channelRead(IdleStateHandler.java:286)
	at io.netty.channel.AbstractChannelHandlerContext.invokeChannelRead(AbstractChannelHandlerContext.java:442)
	at io.netty.channel.AbstractChannelHandlerContext.invokeChannelRead(AbstractChannelHandlerContext.java:420)
	at io.netty.channel.AbstractChannelHandlerContext.fireChannelRead(AbstractChannelHandlerContext.java:412)
	at io.netty.handler.codec.MessageToMessageDecoder.channelRead(MessageToMessageDecoder.java:103)
	at io.netty.handler.codec.MessageToMessageCodec.channelRead(MessageToMessageCodec.java:111)
	at io.netty.channel.AbstractChannelHandlerContext.invokeChannelRead(AbstractChannelHandlerContext.java:442)
	at io.netty.channel.AbstractChannelHandlerContext.invokeChannelRead(AbstractChannelHandlerContext.java:420)
	at io.netty.channel.AbstractChannelHandlerContext.fireChannelRead(AbstractChannelHandlerContext.java:412)
	at io.netty.handler.codec.ByteToMessageDecoder.fireChannelRead(ByteToMessageDecoder.java:346)
	at io.netty.handler.codec.ByteToMessageDecoder.channelRead(ByteToMessageDecoder.java:318)
	at io.netty.channel.AbstractChannelHandlerContext.invokeChannelRead(AbstractChannelHandlerContext.java:444)
	at io.netty.channel.AbstractChannelHandlerContext.invokeChannelRead(AbstractChannelHandlerContext.java:420)
	at io.netty.channel.AbstractChannelHandlerContext.fireChannelRead(AbstractChannelHandlerContext.java:412)
	at io.netty.channel.DefaultChannelPipeline$HeadContext.channelRead(DefaultChannelPipeline.java:1410)
	at io.netty.channel.AbstractChannelHandlerContext.invokeChannelRead(AbstractChannelHandlerContext.java:440)
	at io.netty.channel.AbstractChannelHandlerContext.invokeChannelRead(AbstractChannelHandlerContext.java:420)
	at io.netty.channel.DefaultChannelPipeline.fireChannelRead(DefaultChannelPipeline.java:919)
	at io.netty.channel.nio.AbstractNioByteChannel$NioByteUnsafe.read(AbstractNioByteChannel.java:166)
	at io.netty.channel.nio.NioEventLoop.processSelectedKey(NioEventLoop.java:788)
	at io.netty.channel.nio.NioEventLoop.processSelectedKeysOptimized(NioEventLoop.java:724)
	at io.netty.channel.nio.NioEventLoop.processSelectedKeys(NioEventLoop.java:650)
	at io.netty.channel.nio.NioEventLoop.run(NioEventLoop.java:562)
	at io.netty.util.concurrent.SingleThreadEventExecutor$4.run(SingleThreadEventExecutor.java:997)
	at io.netty.util.internal.ThreadExecutorMap$2.run(ThreadExecutorMap.java:74)
	at io.netty.util.concurrent.FastThreadLocalRunnable.run(FastThreadLocalRunnable.java:30)
	at java.base/java.lang.Thread.run(Thread.java:1447)
2026-03-11 18:59:12.868 [vert.x-eventloop-thread-1] ERROR com.cyberskill.MainVerticle - Error details: The following has evaluated to null or missing:
==> path  [in template "templates/dashboard.ftl" at line 203, column 32]

----
Tip: If the failing expression is known to legally refer to something that's sometimes null or missing, either specify a default value like myOptionalVar!myDefault, or use <#if myOptionalVar??>when-present<#else>when-missing</#if>. (These only cover the last step of the expression; to cover the whole expression, use parenthesis: (myOptionalVar.foo)!myDefault, (myOptionalVar.foo)??
----

----
FTL stack trace ("~" means nesting-related):
	- Failed at: ${path.name}  [in template "templates/dashboard.ftl" at line 203, column 30]
----
2026-03-11 18:59:12.868 [vert.x-eventloop-thread-1] ERROR com.cyberskill.MainVerticle - Internal server error
2026-03-11 19:03:12.778 [vert.x-eventloop-thread-1] ERROR com.cyberskill.MainVerticle - ❌ Dashboard rendering failed
freemarker.core.InvalidReferenceException: The following has evaluated to null or missing:
==> path  [in template "templates/dashboard.ftl" at line 203, column 32]

----
Tip: If the failing expression is known to legally refer to something that's sometimes null or missing, either specify a default value like myOptionalVar!myDefault, or use <#if myOptionalVar??>when-present<#else>when-missing</#if>. (These only cover the last step of the expression; to cover the whole expression, use parenthesis: (myOptionalVar.foo)!myDefault, (myOptionalVar.foo)??
----

----
FTL stack trace ("~" means nesting-related):
	- Failed at: ${path.name}  [in template "templates/dashboard.ftl" at line 203, column 30]
----
	at freemarker.core.InvalidReferenceException.getInstance(InvalidReferenceException.java:134)
	at freemarker.core.UnexpectedTypeException.newDescriptionBuilder(UnexpectedTypeException.java:85)
	at freemarker.core.UnexpectedTypeException.<init>(UnexpectedTypeException.java:48)
	at freemarker.core.NonHashException.<init>(NonHashException.java:49)
	at freemarker.core.Dot._eval(Dot.java:48)
	at freemarker.core.Expression.eval(Expression.java:101)
	at freemarker.core.DollarVariable.calculateInterpolatedStringOrMarkup(DollarVariable.java:104)
	at freemarker.core.DollarVariable.accept(DollarVariable.java:63)
	at freemarker.core.Environment.visit(Environment.java:335)
	at freemarker.core.Environment.visit(Environment.java:341)
	at freemarker.core.Environment.process(Environment.java:314)
	at freemarker.template.Template.process(Template.java:383)
	at io.vertx.ext.web.templ.freemarker.impl.FreeMarkerTemplateEngineImpl.render(FreeMarkerTemplateEngineImpl.java:77)
	at io.vertx.ext.web.common.template.TemplateEngine.render(TemplateEngine.java:88)
	at com.cyberskill.MainVerticle.lambda$setupWebRoutes$9(MainVerticle.java:334)
	at io.vertx.ext.web.impl.RouteState.handleContext(RouteState.java:1285)
	at io.vertx.ext.web.impl.RoutingContextImplBase.iterateNext(RoutingContextImplBase.java:177)
	at io.vertx.ext.web.impl.RoutingContextImpl.next(RoutingContextImpl.java:143)
	at com.cyberskill.MainVerticle.lambda$setupGlobalHandlers$0(MainVerticle.java:251)
	at io.vertx.ext.web.impl.RouteState.handleContext(RouteState.java:1285)
	at io.vertx.ext.web.impl.RoutingContextImplBase.iterateNext(RoutingContextImplBase.java:177)
	at io.vertx.ext.web.impl.RoutingContextImpl.next(RoutingContextImpl.java:143)
	at io.vertx.ext.web.handler.impl.TimeoutHandlerImpl.handle(TimeoutHandlerImpl.java:49)
	at io.vertx.ext.web.handler.impl.TimeoutHandlerImpl.handle(TimeoutHandlerImpl.java:27)
	at io.vertx.ext.web.impl.RouteState.handleContext(RouteState.java:1285)
	at io.vertx.ext.web.impl.RoutingContextImplBase.iterateNext(RoutingContextImplBase.java:177)
	at io.vertx.ext.web.impl.RoutingContextImpl.next(RoutingContextImpl.java:143)
	at io.vertx.ext.web.handler.impl.BodyHandlerImpl.handle(BodyHandlerImpl.java:95)
	at io.vertx.ext.web.handler.impl.BodyHandlerImpl.handle(BodyHandlerImpl.java:45)
	at io.vertx.ext.web.impl.RouteState.handleContext(RouteState.java:1285)
	at io.vertx.ext.web.impl.RoutingContextImplBase.iterateNext(RoutingContextImplBase.java:177)
	at io.vertx.ext.web.impl.RoutingContextImpl.next(RoutingContextImpl.java:143)
	at io.vertx.ext.web.handler.impl.CorsHandlerImpl.handle(CorsHandlerImpl.java:205)
	at io.vertx.ext.web.handler.impl.CorsHandlerImpl.handle(CorsHandlerImpl.java:42)
	at io.vertx.ext.web.impl.RouteState.handleContext(RouteState.java:1285)
	at io.vertx.ext.web.impl.RoutingContextImplBase.iterateNext(RoutingContextImplBase.java:177)
	at io.vertx.ext.web.impl.RoutingContextImpl.next(RoutingContextImpl.java:143)
	at io.vertx.ext.web.impl.RouterImpl.handle(RouterImpl.java:68)
	at io.vertx.ext.web.impl.RouterImpl.handle(RouterImpl.java:37)
	at io.vertx.core.http.impl.Http1xServerRequestHandler.handle(Http1xServerRequestHandler.java:67)
	at io.vertx.core.http.impl.Http1xServerRequestHandler.handle(Http1xServerRequestHandler.java:30)
	at io.vertx.core.impl.ContextImpl.emit(ContextImpl.java:335)
	at io.vertx.core.impl.DuplicatedContext.emit(DuplicatedContext.java:176)
	at io.vertx.core.http.impl.Http1xServerConnection.handleMessage(Http1xServerConnection.java:174)
	at io.vertx.core.net.impl.ConnectionBase.read(ConnectionBase.java:159)
	at io.vertx.core.net.impl.VertxHandler.channelRead(VertxHandler.java:153)
	at io.netty.channel.AbstractChannelHandlerContext.invokeChannelRead(AbstractChannelHandlerContext.java:442)
	at io.netty.channel.AbstractChannelHandlerContext.invokeChannelRead(AbstractChannelHandlerContext.java:420)
	at io.netty.channel.AbstractChannelHandlerContext.fireChannelRead(AbstractChannelHandlerContext.java:412)
	at io.netty.channel.ChannelInboundHandlerAdapter.channelRead(ChannelInboundHandlerAdapter.java:93)
	at io.netty.handler.codec.http.websocketx.extensions.WebSocketServerExtensionHandler.onHttpRequestChannelRead(WebSocketServerExtensionHandler.java:160)
	at io.netty.handler.codec.http.websocketx.extensions.WebSocketServerExtensionHandler.channelRead(WebSocketServerExtensionHandler.java:83)
	at io.netty.channel.AbstractChannelHandlerContext.invokeChannelRead(AbstractChannelHandlerContext.java:442)
	at io.netty.channel.AbstractChannelHandlerContext.invokeChannelRead(AbstractChannelHandlerContext.java:420)
	at io.netty.channel.AbstractChannelHandlerContext.fireChannelRead(AbstractChannelHandlerContext.java:412)
	at io.netty.handler.timeout.IdleStateHandler.channelRead(IdleStateHandler.java:286)
	at io.netty.channel.AbstractChannelHandlerContext.invokeChannelRead(AbstractChannelHandlerContext.java:442)
	at io.netty.channel.AbstractChannelHandlerContext.invokeChannelRead(AbstractChannelHandlerContext.java:420)
	at io.netty.channel.AbstractChannelHandlerContext.fireChannelRead(AbstractChannelHandlerContext.java:412)
	at io.netty.handler.codec.MessageToMessageDecoder.channelRead(MessageToMessageDecoder.java:103)
	at io.netty.handler.codec.MessageToMessageCodec.channelRead(MessageToMessageCodec.java:111)
	at io.netty.channel.AbstractChannelHandlerContext.invokeChannelRead(AbstractChannelHandlerContext.java:442)
	at io.netty.channel.AbstractChannelHandlerContext.invokeChannelRead(AbstractChannelHandlerContext.java:420)
	at io.netty.channel.AbstractChannelHandlerContext.fireChannelRead(AbstractChannelHandlerContext.java:412)
	at io.netty.handler.codec.ByteToMessageDecoder.fireChannelRead(ByteToMessageDecoder.java:346)
	at io.netty.handler.codec.ByteToMessageDecoder.channelRead(ByteToMessageDecoder.java:318)
	at io.netty.channel.AbstractChannelHandlerContext.invokeChannelRead(AbstractChannelHandlerContext.java:444)
	at io.netty.channel.AbstractChannelHandlerContext.invokeChannelRead(AbstractChannelHandlerContext.java:420)
	at io.netty.channel.AbstractChannelHandlerContext.fireChannelRead(AbstractChannelHandlerContext.java:412)
	at io.netty.channel.DefaultChannelPipeline$HeadContext.channelRead(DefaultChannelPipeline.java:1410)
	at io.netty.channel.AbstractChannelHandlerContext.invokeChannelRead(AbstractChannelHandlerContext.java:440)
	at io.netty.channel.AbstractChannelHandlerContext.invokeChannelRead(AbstractChannelHandlerContext.java:420)
	at io.netty.channel.DefaultChannelPipeline.fireChannelRead(DefaultChannelPipeline.java:919)
	at io.netty.channel.nio.AbstractNioByteChannel$NioByteUnsafe.read(AbstractNioByteChannel.java:166)
	at io.netty.channel.nio.NioEventLoop.processSelectedKey(NioEventLoop.java:788)
	at io.netty.channel.nio.NioEventLoop.processSelectedKeysOptimized(NioEventLoop.java:724)
	at io.netty.channel.nio.NioEventLoop.processSelectedKeys(NioEventLoop.java:650)
	at io.netty.channel.nio.NioEventLoop.run(NioEventLoop.java:562)
	at io.netty.util.concurrent.SingleThreadEventExecutor$4.run(SingleThreadEventExecutor.java:997)
	at io.netty.util.internal.ThreadExecutorMap$2.run(ThreadExecutorMap.java:74)
	at io.netty.util.concurrent.FastThreadLocalRunnable.run(FastThreadLocalRunnable.java:30)
	at java.base/java.lang.Thread.run(Thread.java:1447)
2026-03-11 19:03:12.781 [vert.x-eventloop-thread-1] ERROR com.cyberskill.MainVerticle - Error details: The following has evaluated to null or missing:
==> path  [in template "templates/dashboard.ftl" at line 203, column 32]

----
Tip: If the failing expression is known to legally refer to something that's sometimes null or missing, either specify a default value like myOptionalVar!myDefault, or use <#if myOptionalVar??>when-present<#else>when-missing</#if>. (These only cover the last step of the expression; to cover the whole expression, use parenthesis: (myOptionalVar.foo)!myDefault, (myOptionalVar.foo)??
----

----
FTL stack trace ("~" means nesting-related):
	- Failed at: ${path.name}  [in template "templates/dashboard.ftl" at line 203, column 30]
----
2026-03-11 19:03:12.782 [vert.x-eventloop-thread-1] ERROR com.cyberskill.MainVerticle - Internal server error
2026-03-11 19:05:44.097 [vert.x-eventloop-thread-1] ERROR com.cyberskill.MainVerticle - ❌ Dashboard rendering failed
freemarker.core.InvalidReferenceException: The following has evaluated to null or missing:
==> path  [in template "templates/dashboard.ftl" at line 203, column 32]

----
Tip: If the failing expression is known to legally refer to something that's sometimes null or missing, either specify a default value like myOptionalVar!myDefault, or use <#if myOptionalVar??>when-present<#else>when-missing</#if>. (These only cover the last step of the expression; to cover the whole expression, use parenthesis: (myOptionalVar.foo)!myDefault, (myOptionalVar.foo)??
----

----
FTL stack trace ("~" means nesting-related):
	- Failed at: ${path.name}  [in template "templates/dashboard.ftl" at line 203, column 30]
----
	at freemarker.core.InvalidReferenceException.getInstance(InvalidReferenceException.java:134)
	at freemarker.core.UnexpectedTypeException.newDescriptionBuilder(UnexpectedTypeException.java:85)
	at freemarker.core.UnexpectedTypeException.<init>(UnexpectedTypeException.java:48)
	at freemarker.core.NonHashException.<init>(NonHashException.java:49)
	at freemarker.core.Dot._eval(Dot.java:48)
	at freemarker.core.Expression.eval(Expression.java:101)
	at freemarker.core.DollarVariable.calculateInterpolatedStringOrMarkup(DollarVariable.java:104)
	at freemarker.core.DollarVariable.accept(DollarVariable.java:63)
	at freemarker.core.Environment.visit(Environment.java:335)
	at freemarker.core.Environment.visit(Environment.java:341)
	at freemarker.core.Environment.process(Environment.java:314)
	at freemarker.template.Template.process(Template.java:383)
	at io.vertx.ext.web.templ.freemarker.impl.FreeMarkerTemplateEngineImpl.render(FreeMarkerTemplateEngineImpl.java:77)
	at io.vertx.ext.web.common.template.TemplateEngine.render(TemplateEngine.java:88)
	at com.cyberskill.MainVerticle.lambda$setupWebRoutes$9(MainVerticle.java:334)
	at io.vertx.ext.web.impl.RouteState.handleContext(RouteState.java:1285)
	at io.vertx.ext.web.impl.RoutingContextImplBase.iterateNext(RoutingContextImplBase.java:177)
	at io.vertx.ext.web.impl.RoutingContextImpl.next(RoutingContextImpl.java:143)
	at com.cyberskill.MainVerticle.lambda$setupGlobalHandlers$0(MainVerticle.java:251)
	at io.vertx.ext.web.impl.RouteState.handleContext(RouteState.java:1285)
	at io.vertx.ext.web.impl.RoutingContextImplBase.iterateNext(RoutingContextImplBase.java:177)
	at io.vertx.ext.web.impl.RoutingContextImpl.next(RoutingContextImpl.java:143)
	at io.vertx.ext.web.handler.impl.TimeoutHandlerImpl.handle(TimeoutHandlerImpl.java:49)
	at io.vertx.ext.web.handler.impl.TimeoutHandlerImpl.handle(TimeoutHandlerImpl.java:27)
	at io.vertx.ext.web.impl.RouteState.handleContext(RouteState.java:1285)
	at io.vertx.ext.web.impl.RoutingContextImplBase.iterateNext(RoutingContextImplBase.java:177)
	at io.vertx.ext.web.impl.RoutingContextImpl.next(RoutingContextImpl.java:143)
	at io.vertx.ext.web.handler.impl.BodyHandlerImpl.handle(BodyHandlerImpl.java:95)
	at io.vertx.ext.web.handler.impl.BodyHandlerImpl.handle(BodyHandlerImpl.java:45)
	at io.vertx.ext.web.impl.RouteState.handleContext(RouteState.java:1285)
	at io.vertx.ext.web.impl.RoutingContextImplBase.iterateNext(RoutingContextImplBase.java:177)
	at io.vertx.ext.web.impl.RoutingContextImpl.next(RoutingContextImpl.java:143)
	at io.vertx.ext.web.handler.impl.CorsHandlerImpl.handle(CorsHandlerImpl.java:205)
	at io.vertx.ext.web.handler.impl.CorsHandlerImpl.handle(CorsHandlerImpl.java:42)
	at io.vertx.ext.web.impl.RouteState.handleContext(RouteState.java:1285)
	at io.vertx.ext.web.impl.RoutingContextImplBase.iterateNext(RoutingContextImplBase.java:177)
	at io.vertx.ext.web.impl.RoutingContextImpl.next(RoutingContextImpl.java:143)
	at io.vertx.ext.web.impl.RouterImpl.handle(RouterImpl.java:68)
	at io.vertx.ext.web.impl.RouterImpl.handle(RouterImpl.java:37)
	at io.vertx.core.http.impl.Http1xServerRequestHandler.handle(Http1xServerRequestHandler.java:67)
	at io.vertx.core.http.impl.Http1xServerRequestHandler.handle(Http1xServerRequestHandler.java:30)
	at io.vertx.core.impl.ContextImpl.emit(ContextImpl.java:335)
	at io.vertx.core.impl.DuplicatedContext.emit(DuplicatedContext.java:176)
	at io.vertx.core.http.impl.Http1xServerConnection.handleMessage(Http1xServerConnection.java:174)
	at io.vertx.core.net.impl.ConnectionBase.read(ConnectionBase.java:159)
	at io.vertx.core.net.impl.VertxHandler.channelRead(VertxHandler.java:153)
	at io.netty.channel.AbstractChannelHandlerContext.invokeChannelRead(AbstractChannelHandlerContext.java:442)
	at io.netty.channel.AbstractChannelHandlerContext.invokeChannelRead(AbstractChannelHandlerContext.java:420)
	at io.netty.channel.AbstractChannelHandlerContext.fireChannelRead(AbstractChannelHandlerContext.java:412)
	at io.netty.channel.ChannelInboundHandlerAdapter.channelRead(ChannelInboundHandlerAdapter.java:93)
	at io.netty.handler.codec.http.websocketx.extensions.WebSocketServerExtensionHandler.onHttpRequestChannelRead(WebSocketServerExtensionHandler.java:160)
	at io.netty.handler.codec.http.websocketx.extensions.WebSocketServerExtensionHandler.channelRead(WebSocketServerExtensionHandler.java:83)
	at io.netty.channel.AbstractChannelHandlerContext.invokeChannelRead(AbstractChannelHandlerContext.java:442)
	at io.netty.channel.AbstractChannelHandlerContext.invokeChannelRead(AbstractChannelHandlerContext.java:420)
	at io.netty.channel.AbstractChannelHandlerContext.fireChannelRead(AbstractChannelHandlerContext.java:412)
	at io.netty.handler.timeout.IdleStateHandler.channelRead(IdleStateHandler.java:286)
	at io.netty.channel.AbstractChannelHandlerContext.invokeChannelRead(AbstractChannelHandlerContext.java:442)
	at io.netty.channel.AbstractChannelHandlerContext.invokeChannelRead(AbstractChannelHandlerContext.java:420)
	at io.netty.channel.AbstractChannelHandlerContext.fireChannelRead(AbstractChannelHandlerContext.java:412)
	at io.netty.handler.codec.MessageToMessageDecoder.channelRead(MessageToMessageDecoder.java:103)
	at io.netty.handler.codec.MessageToMessageCodec.channelRead(MessageToMessageCodec.java:111)
	at io.netty.channel.AbstractChannelHandlerContext.invokeChannelRead(AbstractChannelHandlerContext.java:442)
	at io.netty.channel.AbstractChannelHandlerContext.invokeChannelRead(AbstractChannelHandlerContext.java:420)
	at io.netty.channel.AbstractChannelHandlerContext.fireChannelRead(AbstractChannelHandlerContext.java:412)
	at io.netty.handler.codec.ByteToMessageDecoder.fireChannelRead(ByteToMessageDecoder.java:346)
	at io.netty.handler.codec.ByteToMessageDecoder.channelRead(ByteToMessageDecoder.java:318)
	at io.netty.channel.AbstractChannelHandlerContext.invokeChannelRead(AbstractChannelHandlerContext.java:444)
	at io.netty.channel.AbstractChannelHandlerContext.invokeChannelRead(AbstractChannelHandlerContext.java:420)
	at io.netty.channel.AbstractChannelHandlerContext.fireChannelRead(AbstractChannelHandlerContext.java:412)
	at io.netty.channel.DefaultChannelPipeline$HeadContext.channelRead(DefaultChannelPipeline.java:1410)
	at io.netty.channel.AbstractChannelHandlerContext.invokeChannelRead(AbstractChannelHandlerContext.java:440)
	at io.netty.channel.AbstractChannelHandlerContext.invokeChannelRead(AbstractChannelHandlerContext.java:420)
	at io.netty.channel.DefaultChannelPipeline.fireChannelRead(DefaultChannelPipeline.java:919)
	at io.netty.channel.nio.AbstractNioByteChannel$NioByteUnsafe.read(AbstractNioByteChannel.java:166)
	at io.netty.channel.nio.NioEventLoop.processSelectedKey(NioEventLoop.java:788)
	at io.netty.channel.nio.NioEventLoop.processSelectedKeysOptimized(NioEventLoop.java:724)
	at io.netty.channel.nio.NioEventLoop.processSelectedKeys(NioEventLoop.java:650)
	at io.netty.channel.nio.NioEventLoop.run(NioEventLoop.java:562)
	at io.netty.util.concurrent.SingleThreadEventExecutor$4.run(SingleThreadEventExecutor.java:997)
	at io.netty.util.internal.ThreadExecutorMap$2.run(ThreadExecutorMap.java:74)
	at io.netty.util.concurrent.FastThreadLocalRunnable.run(FastThreadLocalRunnable.java:30)
	at java.base/java.lang.Thread.run(Thread.java:1447)
2026-03-11 19:05:44.100 [vert.x-eventloop-thread-1] ERROR com.cyberskill.MainVerticle - Error details: The following has evaluated to null or missing:
==> path  [in template "templates/dashboard.ftl" at line 203, column 32]

----
Tip: If the failing expression is known to legally refer to something that's sometimes null or missing, either specify a default value like myOptionalVar!myDefault, or use <#if myOptionalVar??>when-present<#else>when-missing</#if>. (These only cover the last step of the expression; to cover the whole expression, use parenthesis: (myOptionalVar.foo)!myDefault, (myOptionalVar.foo)??
----

----
FTL stack trace ("~" means nesting-related):
	- Failed at: ${path.name}  [in template "templates/dashboard.ftl" at line 203, column 30]
----
2026-03-11 19:05:44.100 [vert.x-eventloop-thread-1] ERROR com.cyberskill.MainVerticle - Internal server error
2026-03-11 19:08:29.434 [vert.x-eventloop-thread-1] ERROR com.cyberskill.MainVerticle - ❌ Dashboard rendering failed
freemarker.core.InvalidReferenceException: The following has evaluated to null or missing:
==> pathId  [in template "templates/dashboard.ftl" at line 227, column 54]

----
Tip: If the failing expression is known to legally refer to something that's sometimes null or missing, either specify a default value like myOptionalVar!myDefault, or use <#if myOptionalVar??>when-present<#else>when-missing</#if>. (These only cover the last step of the expression; to cover the whole expression, use parenthesis: (myOptionalVar.foo)!myDefault, (myOptionalVar.foo)??
----

----
FTL stack trace ("~" means nesting-related):
	- Failed at: ${pathId}  [in template "templates/dashboard.ftl" at line 227, column 52]
----
	at freemarker.core.InvalidReferenceException.getInstance(InvalidReferenceException.java:134)
	at freemarker.core.EvalUtil.coerceModelToTextualCommon(EvalUtil.java:481)
	at freemarker.core.EvalUtil.coerceModelToStringOrMarkup(EvalUtil.java:401)
	at freemarker.core.EvalUtil.coerceModelToStringOrMarkup(EvalUtil.java:370)
	at freemarker.core.DollarVariable.calculateInterpolatedStringOrMarkup(DollarVariable.java:104)
	at freemarker.core.DollarVariable.accept(DollarVariable.java:63)
	at freemarker.core.Environment.visit(Environment.java:335)
	at freemarker.core.Environment.visit(Environment.java:341)
	at freemarker.core.Environment.process(Environment.java:314)
	at freemarker.template.Template.process(Template.java:383)
	at io.vertx.ext.web.templ.freemarker.impl.FreeMarkerTemplateEngineImpl.render(FreeMarkerTemplateEngineImpl.java:77)
	at io.vertx.ext.web.common.template.TemplateEngine.render(TemplateEngine.java:88)
	at com.cyberskill.MainVerticle.lambda$setupWebRoutes$9(MainVerticle.java:334)
	at io.vertx.ext.web.impl.RouteState.handleContext(RouteState.java:1285)
	at io.vertx.ext.web.impl.RoutingContextImplBase.iterateNext(RoutingContextImplBase.java:177)
	at io.vertx.ext.web.impl.RoutingContextImpl.next(RoutingContextImpl.java:143)
	at com.cyberskill.MainVerticle.lambda$setupGlobalHandlers$0(MainVerticle.java:251)
	at io.vertx.ext.web.impl.RouteState.handleContext(RouteState.java:1285)
	at io.vertx.ext.web.impl.RoutingContextImplBase.iterateNext(RoutingContextImplBase.java:177)
	at io.vertx.ext.web.impl.RoutingContextImpl.next(RoutingContextImpl.java:143)
	at io.vertx.ext.web.handler.impl.TimeoutHandlerImpl.handle(TimeoutHandlerImpl.java:49)
	at io.vertx.ext.web.handler.impl.TimeoutHandlerImpl.handle(TimeoutHandlerImpl.java:27)
	at io.vertx.ext.web.impl.RouteState.handleContext(RouteState.java:1285)
	at io.vertx.ext.web.impl.RoutingContextImplBase.iterateNext(RoutingContextImplBase.java:177)
	at io.vertx.ext.web.impl.RoutingContextImpl.next(RoutingContextImpl.java:143)
	at io.vertx.ext.web.handler.impl.BodyHandlerImpl.handle(BodyHandlerImpl.java:95)
	at io.vertx.ext.web.handler.impl.BodyHandlerImpl.handle(BodyHandlerImpl.java:45)
	at io.vertx.ext.web.impl.RouteState.handleContext(RouteState.java:1285)
	at io.vertx.ext.web.impl.RoutingContextImplBase.iterateNext(RoutingContextImplBase.java:177)
	at io.vertx.ext.web.impl.RoutingContextImpl.next(RoutingContextImpl.java:143)
	at io.vertx.ext.web.handler.impl.CorsHandlerImpl.handle(CorsHandlerImpl.java:205)
	at io.vertx.ext.web.handler.impl.CorsHandlerImpl.handle(CorsHandlerImpl.java:42)
	at io.vertx.ext.web.impl.RouteState.handleContext(RouteState.java:1285)
	at io.vertx.ext.web.impl.RoutingContextImplBase.iterateNext(RoutingContextImplBase.java:177)
	at io.vertx.ext.web.impl.RoutingContextImpl.next(RoutingContextImpl.java:143)
	at io.vertx.ext.web.impl.RouterImpl.handle(RouterImpl.java:68)
	at io.vertx.ext.web.impl.RouterImpl.handle(RouterImpl.java:37)
	at io.vertx.core.http.impl.Http1xServerRequestHandler.handle(Http1xServerRequestHandler.java:67)
	at io.vertx.core.http.impl.Http1xServerRequestHandler.handle(Http1xServerRequestHandler.java:30)
	at io.vertx.core.impl.ContextImpl.emit(ContextImpl.java:335)
	at io.vertx.core.impl.DuplicatedContext.emit(DuplicatedContext.java:176)
	at io.vertx.core.http.impl.Http1xServerConnection.handleMessage(Http1xServerConnection.java:174)
	at io.vertx.core.net.impl.ConnectionBase.read(ConnectionBase.java:159)
	at io.vertx.core.net.impl.VertxHandler.channelRead(VertxHandler.java:153)
	at io.netty.channel.AbstractChannelHandlerContext.invokeChannelRead(AbstractChannelHandlerContext.java:442)
	at io.netty.channel.AbstractChannelHandlerContext.invokeChannelRead(AbstractChannelHandlerContext.java:420)
	at io.netty.channel.AbstractChannelHandlerContext.fireChannelRead(AbstractChannelHandlerContext.java:412)
	at io.netty.channel.ChannelInboundHandlerAdapter.channelRead(ChannelInboundHandlerAdapter.java:93)
	at io.netty.handler.codec.http.websocketx.extensions.WebSocketServerExtensionHandler.onHttpRequestChannelRead(WebSocketServerExtensionHandler.java:160)
	at io.netty.handler.codec.http.websocketx.extensions.WebSocketServerExtensionHandler.channelRead(WebSocketServerExtensionHandler.java:83)
	at io.netty.channel.AbstractChannelHandlerContext.invokeChannelRead(AbstractChannelHandlerContext.java:442)
	at io.netty.channel.AbstractChannelHandlerContext.invokeChannelRead(AbstractChannelHandlerContext.java:420)
	at io.netty.channel.AbstractChannelHandlerContext.fireChannelRead(AbstractChannelHandlerContext.java:412)
	at io.netty.handler.timeout.IdleStateHandler.channelRead(IdleStateHandler.java:286)
	at io.netty.channel.AbstractChannelHandlerContext.invokeChannelRead(AbstractChannelHandlerContext.java:442)
	at io.netty.channel.AbstractChannelHandlerContext.invokeChannelRead(AbstractChannelHandlerContext.java:420)
	at io.netty.channel.AbstractChannelHandlerContext.fireChannelRead(AbstractChannelHandlerContext.java:412)
	at io.netty.handler.codec.MessageToMessageDecoder.channelRead(MessageToMessageDecoder.java:103)
	at io.netty.handler.codec.MessageToMessageCodec.channelRead(MessageToMessageCodec.java:111)
	at io.netty.channel.AbstractChannelHandlerContext.invokeChannelRead(AbstractChannelHandlerContext.java:442)
	at io.netty.channel.AbstractChannelHandlerContext.invokeChannelRead(AbstractChannelHandlerContext.java:420)
	at io.netty.channel.AbstractChannelHandlerContext.fireChannelRead(AbstractChannelHandlerContext.java:412)
	at io.netty.handler.codec.ByteToMessageDecoder.fireChannelRead(ByteToMessageDecoder.java:346)
	at io.netty.handler.codec.ByteToMessageDecoder.channelRead(ByteToMessageDecoder.java:318)
	at io.netty.channel.AbstractChannelHandlerContext.invokeChannelRead(AbstractChannelHandlerContext.java:444)
	at io.netty.channel.AbstractChannelHandlerContext.invokeChannelRead(AbstractChannelHandlerContext.java:420)
	at io.netty.channel.AbstractChannelHandlerContext.fireChannelRead(AbstractChannelHandlerContext.java:412)
	at io.netty.channel.DefaultChannelPipeline$HeadContext.channelRead(DefaultChannelPipeline.java:1410)
	at io.netty.channel.AbstractChannelHandlerContext.invokeChannelRead(AbstractChannelHandlerContext.java:440)
	at io.netty.channel.AbstractChannelHandlerContext.invokeChannelRead(AbstractChannelHandlerContext.java:420)
	at io.netty.channel.DefaultChannelPipeline.fireChannelRead(DefaultChannelPipeline.java:919)
	at io.netty.channel.nio.AbstractNioByteChannel$NioByteUnsafe.read(AbstractNioByteChannel.java:166)
	at io.netty.channel.nio.NioEventLoop.processSelectedKey(NioEventLoop.java:788)
	at io.netty.channel.nio.NioEventLoop.processSelectedKeysOptimized(NioEventLoop.java:724)
	at io.netty.channel.nio.NioEventLoop.processSelectedKeys(NioEventLoop.java:650)
	at io.netty.channel.nio.NioEventLoop.run(NioEventLoop.java:562)
	at io.netty.util.concurrent.SingleThreadEventExecutor$4.run(SingleThreadEventExecutor.java:997)
	at io.netty.util.internal.ThreadExecutorMap$2.run(ThreadExecutorMap.java:74)
	at io.netty.util.concurrent.FastThreadLocalRunnable.run(FastThreadLocalRunnable.java:30)
	at java.base/java.lang.Thread.run(Thread.java:1447)
2026-03-11 19:08:29.441 [vert.x-eventloop-thread-1] ERROR com.cyberskill.MainVerticle - Error details: The following has evaluated to null or missing:
==> pathId  [in template "templates/dashboard.ftl" at line 227, column 54]

----
Tip: If the failing expression is known to legally refer to something that's sometimes null or missing, either specify a default value like myOptionalVar!myDefault, or use <#if myOptionalVar??>when-present<#else>when-missing</#if>. (These only cover the last step of the expression; to cover the whole expression, use parenthesis: (myOptionalVar.foo)!myDefault, (myOptionalVar.foo)??
----

----
FTL stack trace ("~" means nesting-related):
	- Failed at: ${pathId}  [in template "templates/dashboard.ftl" at line 227, column 52]
----
2026-03-11 19:08:29.442 [vert.x-eventloop-thread-1] ERROR com.cyberskill.MainVerticle - Internal server error
