2026-03-11 18:23:51.895 [vert.x-eventloop-thread-1] INFO  com.cyberskill.MainVerticle - Starting CyberSkill Platform...
2026-03-11 18:23:51.897 [vert.x-eventloop-thread-1] INFO  com.cyberskill.config.AppConfig - Application properties loaded successfully
2026-03-11 18:23:51.984 [vert.x-eventloop-thread-1] INFO  com.cyberskill.MainVerticle - Running database migrations...
2026-03-11 18:23:52.088 [vert.x-eventloop-thread-1] INFO  o.f.c.i.s.classpath.ClassPathScanner - Flyway OSS Edition 10.4.1 by Redgate
2026-03-11 18:23:52.088 [vert.x-eventloop-thread-1] INFO  o.f.c.i.s.classpath.ClassPathScanner - 
2026-03-11 18:23:52.097 [vert.x-eventloop-thread-1] INFO  o.f.c.i.s.classpath.ClassPathScanner - See release notes here: https://rd.gt/416ObMi
2026-03-11 18:23:52.262 [vert.x-eventloop-thread-1] INFO  org.flywaydb.core.FlywayExecutor - Database: jdbc:postgresql://localhost:5432/cyberskill (PostgreSQL 16.3)
2026-03-11 18:23:52.305 [vert.x-eventloop-thread-1] INFO  o.f.c.i.s.JdbcTableSchemaHistory - Schema history table "public"."flyway_schema_history" does not exist yet
2026-03-11 18:23:52.309 [vert.x-eventloop-thread-1] INFO  o.f.core.internal.command.DbValidate - Successfully validated 2 migrations (execution time 00:00.029s)
2026-03-11 18:23:52.349 [vert.x-eventloop-thread-1] ERROR com.cyberskill.MainVerticle - ✗ Database migration failed
org.flywaydb.core.api.FlywayException: Found non-empty schema(s) "public" but no schema history table. Use baseline() or set baselineOnMigrate to true to initialize the schema history table.
	at org.flywaydb.core.Flyway.lambda$migrate$0(Flyway.java:192)
	at org.flywaydb.core.FlywayExecutor.execute(FlywayExecutor.java:215)
	at org.flywaydb.core.Flyway.migrate(Flyway.java:147)
	at com.cyberskill.MainVerticle.runDatabaseMigrations(MainVerticle.java:165)
	at com.cyberskill.MainVerticle.start(MainVerticle.java:66)
	at io.vertx.core.impl.DeploymentManager.lambda$doDeploy$5(DeploymentManager.java:210)
	at io.vertx.core.impl.ContextInternal.dispatch(ContextInternal.java:276)
	at io.vertx.core.impl.ContextInternal.dispatch(ContextInternal.java:258)
	at io.vertx.core.impl.ContextInternal.lambda$runOnContext$0(ContextInternal.java:56)
	at io.netty.util.concurrent.AbstractEventExecutor.runTask(AbstractEventExecutor.java:173)
	at io.netty.util.concurrent.AbstractEventExecutor.safeExecute(AbstractEventExecutor.java:166)
	at io.netty.util.concurrent.SingleThreadEventExecutor.runAllTasks(SingleThreadEventExecutor.java:470)
	at io.netty.channel.nio.NioEventLoop.run(NioEventLoop.java:569)
	at io.netty.util.concurrent.SingleThreadEventExecutor$4.run(SingleThreadEventExecutor.java:997)
	at io.netty.util.internal.ThreadExecutorMap$2.run(ThreadExecutorMap.java:74)
	at io.netty.util.concurrent.FastThreadLocalRunnable.run(FastThreadLocalRunnable.java:30)
	at java.base/java.lang.Thread.run(Thread.java:1447)
2026-03-11 18:23:52.353 [vert.x-eventloop-thread-1] ERROR com.cyberskill.MainVerticle - ✗ Error during startup
java.lang.RuntimeException: Database migration failed
	at com.cyberskill.MainVerticle.runDatabaseMigrations(MainVerticle.java:169)
	at com.cyberskill.MainVerticle.start(MainVerticle.java:66)
	at io.vertx.core.impl.DeploymentManager.lambda$doDeploy$5(DeploymentManager.java:210)
	at io.vertx.core.impl.ContextInternal.dispatch(ContextInternal.java:276)
	at io.vertx.core.impl.ContextInternal.dispatch(ContextInternal.java:258)
	at io.vertx.core.impl.ContextInternal.lambda$runOnContext$0(ContextInternal.java:56)
	at io.netty.util.concurrent.AbstractEventExecutor.runTask(AbstractEventExecutor.java:173)
	at io.netty.util.concurrent.AbstractEventExecutor.safeExecute(AbstractEventExecutor.java:166)
	at io.netty.util.concurrent.SingleThreadEventExecutor.runAllTasks(SingleThreadEventExecutor.java:470)
	at io.netty.channel.nio.NioEventLoop.run(NioEventLoop.java:569)
	at io.netty.util.concurrent.SingleThreadEventExecutor$4.run(SingleThreadEventExecutor.java:997)
	at io.netty.util.internal.ThreadExecutorMap$2.run(ThreadExecutorMap.java:74)
	at io.netty.util.concurrent.FastThreadLocalRunnable.run(FastThreadLocalRunnable.java:30)
	at java.base/java.lang.Thread.run(Thread.java:1447)
Caused by: org.flywaydb.core.api.FlywayException: Found non-empty schema(s) "public" but no schema history table. Use baseline() or set baselineOnMigrate to true to initialize the schema history table.
	at org.flywaydb.core.Flyway.lambda$migrate$0(Flyway.java:192)
	at org.flywaydb.core.FlywayExecutor.execute(FlywayExecutor.java:215)
	at org.flywaydb.core.Flyway.migrate(Flyway.java:147)
	at com.cyberskill.MainVerticle.runDatabaseMigrations(MainVerticle.java:165)
	... 13 common frames omitted
2026-03-11 18:23:52.359 [vert.x-eventloop-thread-0] ERROR i.v.c.i.l.c.VertxIsolatedDeployer - Failed in deploying verticle
java.lang.RuntimeException: Database migration failed
	at com.cyberskill.MainVerticle.runDatabaseMigrations(MainVerticle.java:169)
	at com.cyberskill.MainVerticle.start(MainVerticle.java:66)
	at io.vertx.core.impl.DeploymentManager.lambda$doDeploy$5(DeploymentManager.java:210)
	at io.vertx.core.impl.ContextInternal.dispatch(ContextInternal.java:276)
	at io.vertx.core.impl.ContextInternal.dispatch(ContextInternal.java:258)
	at io.vertx.core.impl.ContextInternal.lambda$runOnContext$0(ContextInternal.java:56)
	at io.netty.util.concurrent.AbstractEventExecutor.runTask(AbstractEventExecutor.java:173)
	at io.netty.util.concurrent.AbstractEventExecutor.safeExecute(AbstractEventExecutor.java:166)
	at io.netty.util.concurrent.SingleThreadEventExecutor.runAllTasks(SingleThreadEventExecutor.java:470)
	at io.netty.channel.nio.NioEventLoop.run(NioEventLoop.java:569)
	at io.netty.util.concurrent.SingleThreadEventExecutor$4.run(SingleThreadEventExecutor.java:997)
	at io.netty.util.internal.ThreadExecutorMap$2.run(ThreadExecutorMap.java:74)
	at io.netty.util.concurrent.FastThreadLocalRunnable.run(FastThreadLocalRunnable.java:30)
	at java.base/java.lang.Thread.run(Thread.java:1447)
Caused by: org.flywaydb.core.api.FlywayException: Found non-empty schema(s) "public" but no schema history table. Use baseline() or set baselineOnMigrate to true to initialize the schema history table.
	at org.flywaydb.core.Flyway.lambda$migrate$0(Flyway.java:192)
	at org.flywaydb.core.FlywayExecutor.execute(FlywayExecutor.java:215)
	at org.flywaydb.core.Flyway.migrate(Flyway.java:147)
	at com.cyberskill.MainVerticle.runDatabaseMigrations(MainVerticle.java:165)
	... 13 common frames omitted
2026-03-11 18:26:26.080 [vert.x-eventloop-thread-1] INFO  com.cyberskill.MainVerticle - Starting CyberSkill Platform...
2026-03-11 18:26:26.083 [vert.x-eventloop-thread-1] INFO  com.cyberskill.config.AppConfig - Application properties loaded successfully
2026-03-11 18:26:26.175 [vert.x-eventloop-thread-1] INFO  com.cyberskill.MainVerticle - Running database migrations...
2026-03-11 18:26:26.285 [vert.x-eventloop-thread-1] INFO  o.f.c.i.s.classpath.ClassPathScanner - Flyway OSS Edition 10.4.1 by Redgate
2026-03-11 18:26:26.285 [vert.x-eventloop-thread-1] INFO  o.f.c.i.s.classpath.ClassPathScanner - 
2026-03-11 18:26:26.285 [vert.x-eventloop-thread-1] INFO  o.f.c.i.s.classpath.ClassPathScanner - See release notes here: https://rd.gt/416ObMi
2026-03-11 18:26:26.452 [vert.x-eventloop-thread-1] INFO  org.flywaydb.core.FlywayExecutor - Database: jdbc:postgresql://localhost:5432/cyberskill (PostgreSQL 16.3)
2026-03-11 18:26:26.484 [vert.x-eventloop-thread-1] INFO  o.f.c.i.s.JdbcTableSchemaHistory - Schema history table "public"."flyway_schema_history" does not exist yet
2026-03-11 18:26:26.487 [vert.x-eventloop-thread-1] INFO  o.f.core.internal.command.DbValidate - Successfully validated 2 migrations (execution time 00:00.017s)
2026-03-11 18:26:26.502 [vert.x-eventloop-thread-1] INFO  o.f.c.i.s.JdbcTableSchemaHistory - Creating Schema History table "public"."flyway_schema_history" with baseline ...
2026-03-11 18:26:28.910 [vertx-blocked-thread-checker] WARN  i.v.core.impl.BlockedThreadChecker - Thread Thread[vert.x-eventloop-thread-1,5,main] has been blocked for 2829 ms, time limit is 2000 ms
2026-03-11 18:26:29.910 [vertx-blocked-thread-checker] WARN  i.v.core.impl.BlockedThreadChecker - Thread Thread[vert.x-eventloop-thread-1,5,main] has been blocked for 3829 ms, time limit is 2000 ms
2026-03-11 18:26:30.911 [vertx-blocked-thread-checker] WARN  i.v.core.impl.BlockedThreadChecker - Thread Thread[vert.x-eventloop-thread-1,5,main] has been blocked for 4831 ms, time limit is 2000 ms
2026-03-11 18:26:31.912 [vertx-blocked-thread-checker] WARN  i.v.core.impl.BlockedThreadChecker - Thread Thread[vert.x-eventloop-thread-1,5,main] has been blocked for 5831 ms, time limit is 2000 ms
io.vertx.core.VertxException: Thread blocked
	at java.base/java.lang.Thread.sleepNanos0(Native Method)
	at java.base/java.lang.Thread.sleepNanos(Thread.java:482)
	at java.base/java.lang.Thread.sleep(Thread.java:513)
	at org.flywaydb.core.internal.schemahistory.JdbcTableSchemaHistory$1.call(JdbcTableSchemaHistory.java:129)
	at org.flywaydb.database.postgresql.PostgreSQLAdvisoryLockTemplate.execute(PostgreSQLAdvisoryLockTemplate.java:73)
	at org.flywaydb.database.postgresql.PostgreSQLAdvisoryLockTemplate.lambda$execute$0(PostgreSQLAdvisoryLockTemplate.java:56)
	at org.flywaydb.core.internal.jdbc.TransactionalExecutionTemplate.execute(TransactionalExecutionTemplate.java:55)
	at org.flywaydb.database.postgresql.PostgreSQLAdvisoryLockTemplate.execute(PostgreSQLAdvisoryLockTemplate.java:56)
	at org.flywaydb.database.postgresql.PostgreSQLConnection.lock(PostgreSQLConnection.java:96)
	at org.flywaydb.core.internal.schemahistory.JdbcTableSchemaHistory.create(JdbcTableSchemaHistory.java:104)
	at org.flywaydb.core.internal.command.DbBaseline.baseline(DbBaseline.java:88)
	at org.flywaydb.core.Flyway.doBaseline(Flyway.java:424)
	at org.flywaydb.core.Flyway.lambda$migrate$0(Flyway.java:187)
	at org.flywaydb.core.FlywayExecutor.execute(FlywayExecutor.java:215)
	at org.flywaydb.core.Flyway.migrate(Flyway.java:147)
	at com.cyberskill.MainVerticle.runDatabaseMigrations(MainVerticle.java:168)
	at com.cyberskill.MainVerticle.start(MainVerticle.java:66)
	at io.vertx.core.impl.DeploymentManager.lambda$doDeploy$5(DeploymentManager.java:210)
	at io.vertx.core.impl.ContextInternal.dispatch(ContextInternal.java:276)
	at io.vertx.core.impl.ContextInternal.dispatch(ContextInternal.java:258)
	at io.vertx.core.impl.ContextInternal.lambda$runOnContext$0(ContextInternal.java:56)
	at io.netty.util.concurrent.AbstractEventExecutor.runTask(AbstractEventExecutor.java:173)
	at io.netty.util.concurrent.AbstractEventExecutor.safeExecute(AbstractEventExecutor.java:166)
	at io.netty.util.concurrent.SingleThreadEventExecutor.runAllTasks(SingleThreadEventExecutor.java:470)
	at io.netty.channel.nio.NioEventLoop.run(NioEventLoop.java:569)
	at io.netty.util.concurrent.SingleThreadEventExecutor$4.run(SingleThreadEventExecutor.java:997)
	at io.netty.util.internal.ThreadExecutorMap$2.run(ThreadExecutorMap.java:74)
	at io.netty.util.concurrent.FastThreadLocalRunnable.run(FastThreadLocalRunnable.java:30)
	at java.base/java.lang.Thread.run(Thread.java:1447)
2026-03-11 18:26:32.912 [vertx-blocked-thread-checker] WARN  i.v.core.impl.BlockedThreadChecker - Thread Thread[vert.x-eventloop-thread-1,5,main] has been blocked for 6832 ms, time limit is 2000 ms
io.vertx.core.VertxException: Thread blocked
	at java.base/java.lang.Thread.sleepNanos0(Native Method)
	at java.base/java.lang.Thread.sleepNanos(Thread.java:482)
	at java.base/java.lang.Thread.sleep(Thread.java:513)
	at org.flywaydb.core.internal.schemahistory.JdbcTableSchemaHistory$1.call(JdbcTableSchemaHistory.java:129)
	at org.flywaydb.database.postgresql.PostgreSQLAdvisoryLockTemplate.execute(PostgreSQLAdvisoryLockTemplate.java:73)
	at org.flywaydb.database.postgresql.PostgreSQLAdvisoryLockTemplate.lambda$execute$0(PostgreSQLAdvisoryLockTemplate.java:56)
	at org.flywaydb.core.internal.jdbc.TransactionalExecutionTemplate.execute(TransactionalExecutionTemplate.java:55)
	at org.flywaydb.database.postgresql.PostgreSQLAdvisoryLockTemplate.execute(PostgreSQLAdvisoryLockTemplate.java:56)
	at org.flywaydb.database.postgresql.PostgreSQLConnection.lock(PostgreSQLConnection.java:96)
	at org.flywaydb.core.internal.schemahistory.JdbcTableSchemaHistory.create(JdbcTableSchemaHistory.java:104)
	at org.flywaydb.core.internal.command.DbBaseline.baseline(DbBaseline.java:88)
	at org.flywaydb.core.Flyway.doBaseline(Flyway.java:424)
	at org.flywaydb.core.Flyway.lambda$migrate$0(Flyway.java:187)
	at org.flywaydb.core.FlywayExecutor.execute(FlywayExecutor.java:215)
	at org.flywaydb.core.Flyway.migrate(Flyway.java:147)
	at com.cyberskill.MainVerticle.runDatabaseMigrations(MainVerticle.java:168)
	at com.cyberskill.MainVerticle.start(MainVerticle.java:66)
	at io.vertx.core.impl.DeploymentManager.lambda$doDeploy$5(DeploymentManager.java:210)
	at io.vertx.core.impl.ContextInternal.dispatch(ContextInternal.java:276)
	at io.vertx.core.impl.ContextInternal.dispatch(ContextInternal.java:258)
	at io.vertx.core.impl.ContextInternal.lambda$runOnContext$0(ContextInternal.java:56)
	at io.netty.util.concurrent.AbstractEventExecutor.runTask(AbstractEventExecutor.java:173)
	at io.netty.util.concurrent.AbstractEventExecutor.safeExecute(AbstractEventExecutor.java:166)
	at io.netty.util.concurrent.SingleThreadEventExecutor.runAllTasks(SingleThreadEventExecutor.java:470)
	at io.netty.channel.nio.NioEventLoop.run(NioEventLoop.java:569)
	at io.netty.util.concurrent.SingleThreadEventExecutor$4.run(SingleThreadEventExecutor.java:997)
	at io.netty.util.internal.ThreadExecutorMap$2.run(ThreadExecutorMap.java:74)
	at io.netty.util.concurrent.FastThreadLocalRunnable.run(FastThreadLocalRunnable.java:30)
	at java.base/java.lang.Thread.run(Thread.java:1447)
2026-03-11 18:26:33.913 [vertx-blocked-thread-checker] WARN  i.v.core.impl.BlockedThreadChecker - Thread Thread[vert.x-eventloop-thread-1,5,main] has been blocked for 7833 ms, time limit is 2000 ms
io.vertx.core.VertxException: Thread blocked
	at java.base/java.lang.Thread.sleepNanos0(Native Method)
	at java.base/java.lang.Thread.sleepNanos(Thread.java:482)
	at java.base/java.lang.Thread.sleep(Thread.java:513)
	at org.flywaydb.core.internal.schemahistory.JdbcTableSchemaHistory$1.call(JdbcTableSchemaHistory.java:129)
	at org.flywaydb.database.postgresql.PostgreSQLAdvisoryLockTemplate.execute(PostgreSQLAdvisoryLockTemplate.java:73)
	at org.flywaydb.database.postgresql.PostgreSQLAdvisoryLockTemplate.lambda$execute$0(PostgreSQLAdvisoryLockTemplate.java:56)
	at org.flywaydb.core.internal.jdbc.TransactionalExecutionTemplate.execute(TransactionalExecutionTemplate.java:55)
	at org.flywaydb.database.postgresql.PostgreSQLAdvisoryLockTemplate.execute(PostgreSQLAdvisoryLockTemplate.java:56)
	at org.flywaydb.database.postgresql.PostgreSQLConnection.lock(PostgreSQLConnection.java:96)
	at org.flywaydb.core.internal.schemahistory.JdbcTableSchemaHistory.create(JdbcTableSchemaHistory.java:104)
	at org.flywaydb.core.internal.command.DbBaseline.baseline(DbBaseline.java:88)
	at org.flywaydb.core.Flyway.doBaseline(Flyway.java:424)
	at org.flywaydb.core.Flyway.lambda$migrate$0(Flyway.java:187)
	at org.flywaydb.core.FlywayExecutor.execute(FlywayExecutor.java:215)
	at org.flywaydb.core.Flyway.migrate(Flyway.java:147)
	at com.cyberskill.MainVerticle.runDatabaseMigrations(MainVerticle.java:168)
	at com.cyberskill.MainVerticle.start(MainVerticle.java:66)
	at io.vertx.core.impl.DeploymentManager.lambda$doDeploy$5(DeploymentManager.java:210)
	at io.vertx.core.impl.ContextInternal.dispatch(ContextInternal.java:276)
	at io.vertx.core.impl.ContextInternal.dispatch(ContextInternal.java:258)
	at io.vertx.core.impl.ContextInternal.lambda$runOnContext$0(ContextInternal.java:56)
	at io.netty.util.concurrent.AbstractEventExecutor.runTask(AbstractEventExecutor.java:173)
	at io.netty.util.concurrent.AbstractEventExecutor.safeExecute(AbstractEventExecutor.java:166)
	at io.netty.util.concurrent.SingleThreadEventExecutor.runAllTasks(SingleThreadEventExecutor.java:470)
	at io.netty.channel.nio.NioEventLoop.run(NioEventLoop.java:569)
	at io.netty.util.concurrent.SingleThreadEventExecutor$4.run(SingleThreadEventExecutor.java:997)
	at io.netty.util.internal.ThreadExecutorMap$2.run(ThreadExecutorMap.java:74)
	at io.netty.util.concurrent.FastThreadLocalRunnable.run(FastThreadLocalRunnable.java:30)
	at java.base/java.lang.Thread.run(Thread.java:1447)
2026-03-11 18:26:34.913 [vertx-blocked-thread-checker] WARN  i.v.core.impl.BlockedThreadChecker - Thread Thread[vert.x-eventloop-thread-1,5,main] has been blocked for 8833 ms, time limit is 2000 ms
io.vertx.core.VertxException: Thread blocked
	at java.base/java.lang.Thread.sleepNanos0(Native Method)
	at java.base/java.lang.Thread.sleepNanos(Thread.java:482)
	at java.base/java.lang.Thread.sleep(Thread.java:513)
	at org.flywaydb.core.internal.schemahistory.JdbcTableSchemaHistory$1.call(JdbcTableSchemaHistory.java:129)
	at org.flywaydb.database.postgresql.PostgreSQLAdvisoryLockTemplate.execute(PostgreSQLAdvisoryLockTemplate.java:73)
	at org.flywaydb.database.postgresql.PostgreSQLAdvisoryLockTemplate.lambda$execute$0(PostgreSQLAdvisoryLockTemplate.java:56)
	at org.flywaydb.core.internal.jdbc.TransactionalExecutionTemplate.execute(TransactionalExecutionTemplate.java:55)
	at org.flywaydb.database.postgresql.PostgreSQLAdvisoryLockTemplate.execute(PostgreSQLAdvisoryLockTemplate.java:56)
	at org.flywaydb.database.postgresql.PostgreSQLConnection.lock(PostgreSQLConnection.java:96)
	at org.flywaydb.core.internal.schemahistory.JdbcTableSchemaHistory.create(JdbcTableSchemaHistory.java:104)
	at org.flywaydb.core.internal.command.DbBaseline.baseline(DbBaseline.java:88)
	at org.flywaydb.core.Flyway.doBaseline(Flyway.java:424)
	at org.flywaydb.core.Flyway.lambda$migrate$0(Flyway.java:187)
	at org.flywaydb.core.FlywayExecutor.execute(FlywayExecutor.java:215)
	at org.flywaydb.core.Flyway.migrate(Flyway.java:147)
	at com.cyberskill.MainVerticle.runDatabaseMigrations(MainVerticle.java:168)
	at com.cyberskill.MainVerticle.start(MainVerticle.java:66)
	at io.vertx.core.impl.DeploymentManager.lambda$doDeploy$5(DeploymentManager.java:210)
	at io.vertx.core.impl.ContextInternal.dispatch(ContextInternal.java:276)
	at io.vertx.core.impl.ContextInternal.dispatch(ContextInternal.java:258)
	at io.vertx.core.impl.ContextInternal.lambda$runOnContext$0(ContextInternal.java:56)
	at io.netty.util.concurrent.AbstractEventExecutor.runTask(AbstractEventExecutor.java:173)
	at io.netty.util.concurrent.AbstractEventExecutor.safeExecute(AbstractEventExecutor.java:166)
	at io.netty.util.concurrent.SingleThreadEventExecutor.runAllTasks(SingleThreadEventExecutor.java:470)
	at io.netty.channel.nio.NioEventLoop.run(NioEventLoop.java:569)
	at io.netty.util.concurrent.SingleThreadEventExecutor$4.run(SingleThreadEventExecutor.java:997)
	at io.netty.util.internal.ThreadExecutorMap$2.run(ThreadExecutorMap.java:74)
	at io.netty.util.concurrent.FastThreadLocalRunnable.run(FastThreadLocalRunnable.java:30)
	at java.base/java.lang.Thread.run(Thread.java:1447)
2026-03-11 18:26:35.579 [vert.x-eventloop-thread-1] ERROR com.cyberskill.MainVerticle - ✗ Database migration failed
org.flywaydb.core.internal.sqlscript.FlywaySqlScriptException: Migration  failed
-----------------
SQL State  : 42501
Error Code : 0
Message    : ERROR: permission denied for schema public
  Position: 14
Location   :  ()
Line       : 1
Statement  : CREATE TABLE "public"."flyway_schema_history" (
    "installed_rank" INT NOT NULL,
    "version" VARCHAR(50),
    "description" VARCHAR(200) NOT NULL,
    "type" VARCHAR(20) NOT NULL,
    "script" VARCHAR(1000) NOT NULL,
    "checksum" INTEGER,
    "installed_by" VARCHAR(100) NOT NULL,
    "installed_on" TIMESTAMP NOT NULL DEFAULT now(),
    "execution_time" INTEGER NOT NULL,
    "success" BOOLEAN NOT NULL
)

	at org.flywaydb.core.internal.sqlscript.DefaultSqlScriptExecutor.handleException(DefaultSqlScriptExecutor.java:270)
	at org.flywaydb.core.internal.sqlscript.DefaultSqlScriptExecutor.executeStatement(DefaultSqlScriptExecutor.java:225)
	at org.flywaydb.core.internal.sqlscript.DefaultSqlScriptExecutor.execute(DefaultSqlScriptExecutor.java:128)
	at org.flywaydb.core.internal.schemahistory.JdbcTableSchemaHistory$1$1.call(JdbcTableSchemaHistory.java:118)
	at org.flywaydb.core.internal.jdbc.TransactionalExecutionTemplate.execute(TransactionalExecutionTemplate.java:55)
	at org.flywaydb.core.internal.schemahistory.JdbcTableSchemaHistory$1.call(JdbcTableSchemaHistory.java:114)
	at org.flywaydb.database.postgresql.PostgreSQLAdvisoryLockTemplate.execute(PostgreSQLAdvisoryLockTemplate.java:73)
	at org.flywaydb.database.postgresql.PostgreSQLAdvisoryLockTemplate.lambda$execute$0(PostgreSQLAdvisoryLockTemplate.java:56)
	at org.flywaydb.core.internal.jdbc.TransactionalExecutionTemplate.execute(TransactionalExecutionTemplate.java:55)
	at org.flywaydb.database.postgresql.PostgreSQLAdvisoryLockTemplate.execute(PostgreSQLAdvisoryLockTemplate.java:56)
	at org.flywaydb.database.postgresql.PostgreSQLConnection.lock(PostgreSQLConnection.java:96)
	at org.flywaydb.core.internal.schemahistory.JdbcTableSchemaHistory.create(JdbcTableSchemaHistory.java:104)
	at org.flywaydb.core.internal.command.DbBaseline.baseline(DbBaseline.java:88)
	at org.flywaydb.core.Flyway.doBaseline(Flyway.java:424)
	at org.flywaydb.core.Flyway.lambda$migrate$0(Flyway.java:187)
	at org.flywaydb.core.FlywayExecutor.execute(FlywayExecutor.java:215)
	at org.flywaydb.core.Flyway.migrate(Flyway.java:147)
	at com.cyberskill.MainVerticle.runDatabaseMigrations(MainVerticle.java:168)
	at com.cyberskill.MainVerticle.start(MainVerticle.java:66)
	at io.vertx.core.impl.DeploymentManager.lambda$doDeploy$5(DeploymentManager.java:210)
	at io.vertx.core.impl.ContextInternal.dispatch(ContextInternal.java:276)
	at io.vertx.core.impl.ContextInternal.dispatch(ContextInternal.java:258)
	at io.vertx.core.impl.ContextInternal.lambda$runOnContext$0(ContextInternal.java:56)
	at io.netty.util.concurrent.AbstractEventExecutor.runTask(AbstractEventExecutor.java:173)
	at io.netty.util.concurrent.AbstractEventExecutor.safeExecute(AbstractEventExecutor.java:166)
	at io.netty.util.concurrent.SingleThreadEventExecutor.runAllTasks(SingleThreadEventExecutor.java:470)
	at io.netty.channel.nio.NioEventLoop.run(NioEventLoop.java:569)
	at io.netty.util.concurrent.SingleThreadEventExecutor$4.run(SingleThreadEventExecutor.java:997)
	at io.netty.util.internal.ThreadExecutorMap$2.run(ThreadExecutorMap.java:74)
	at io.netty.util.concurrent.FastThreadLocalRunnable.run(FastThreadLocalRunnable.java:30)
	at java.base/java.lang.Thread.run(Thread.java:1447)
Caused by: org.postgresql.util.PSQLException: ERROR: permission denied for schema public
  Position: 14
	at org.postgresql.core.v3.QueryExecutorImpl.receiveErrorResponse(QueryExecutorImpl.java:2712)
	at org.postgresql.core.v3.QueryExecutorImpl.processResults(QueryExecutorImpl.java:2400)
	at org.postgresql.core.v3.QueryExecutorImpl.execute(QueryExecutorImpl.java:367)
	at org.postgresql.jdbc.PgStatement.executeInternal(PgStatement.java:498)
	at org.postgresql.jdbc.PgStatement.execute(PgStatement.java:415)
	at org.postgresql.jdbc.PgStatement.executeWithFlags(PgStatement.java:335)
	at org.postgresql.jdbc.PgStatement.executeCachedSql(PgStatement.java:321)
	at org.postgresql.jdbc.PgStatement.executeWithFlags(PgStatement.java:297)
	at org.postgresql.jdbc.PgStatement.execute(PgStatement.java:292)
	at org.flywaydb.core.internal.jdbc.JdbcTemplate.executeStatement(JdbcTemplate.java:210)
	at org.flywaydb.core.internal.sqlscript.ParsedSqlStatement.execute(ParsedSqlStatement.java:97)
	at org.flywaydb.core.internal.sqlscript.DefaultSqlScriptExecutor.executeStatement(DefaultSqlScriptExecutor.java:213)
	... 29 common frames omitted
2026-03-11 18:26:35.583 [vert.x-eventloop-thread-1] ERROR com.cyberskill.MainVerticle - ✗ Error during startup
java.lang.RuntimeException: Database migration failed
	at com.cyberskill.MainVerticle.runDatabaseMigrations(MainVerticle.java:172)
	at com.cyberskill.MainVerticle.start(MainVerticle.java:66)
	at io.vertx.core.impl.DeploymentManager.lambda$doDeploy$5(DeploymentManager.java:210)
	at io.vertx.core.impl.ContextInternal.dispatch(ContextInternal.java:276)
	at io.vertx.core.impl.ContextInternal.dispatch(ContextInternal.java:258)
	at io.vertx.core.impl.ContextInternal.lambda$runOnContext$0(ContextInternal.java:56)
	at io.netty.util.concurrent.AbstractEventExecutor.runTask(AbstractEventExecutor.java:173)
	at io.netty.util.concurrent.AbstractEventExecutor.safeExecute(AbstractEventExecutor.java:166)
	at io.netty.util.concurrent.SingleThreadEventExecutor.runAllTasks(SingleThreadEventExecutor.java:470)
	at io.netty.channel.nio.NioEventLoop.run(NioEventLoop.java:569)
	at io.netty.util.concurrent.SingleThreadEventExecutor$4.run(SingleThreadEventExecutor.java:997)
	at io.netty.util.internal.ThreadExecutorMap$2.run(ThreadExecutorMap.java:74)
	at io.netty.util.concurrent.FastThreadLocalRunnable.run(FastThreadLocalRunnable.java:30)
	at java.base/java.lang.Thread.run(Thread.java:1447)
Caused by: org.flywaydb.core.internal.sqlscript.FlywaySqlScriptException: Migration  failed
-----------------
SQL State  : 42501
Error Code : 0
Message    : ERROR: permission denied for schema public
  Position: 14
Location   :  ()
Line       : 1
Statement  : CREATE TABLE "public"."flyway_schema_history" (
    "installed_rank" INT NOT NULL,
    "version" VARCHAR(50),
    "description" VARCHAR(200) NOT NULL,
    "type" VARCHAR(20) NOT NULL,
    "script" VARCHAR(1000) NOT NULL,
    "checksum" INTEGER,
    "installed_by" VARCHAR(100) NOT NULL,
    "installed_on" TIMESTAMP NOT NULL DEFAULT now(),
    "execution_time" INTEGER NOT NULL,
    "success" BOOLEAN NOT NULL
)

	at org.flywaydb.core.internal.sqlscript.DefaultSqlScriptExecutor.handleException(DefaultSqlScriptExecutor.java:270)
	at org.flywaydb.core.internal.sqlscript.DefaultSqlScriptExecutor.executeStatement(DefaultSqlScriptExecutor.java:225)
	at org.flywaydb.core.internal.sqlscript.DefaultSqlScriptExecutor.execute(DefaultSqlScriptExecutor.java:128)
	at org.flywaydb.core.internal.schemahistory.JdbcTableSchemaHistory$1$1.call(JdbcTableSchemaHistory.java:118)
	at org.flywaydb.core.internal.jdbc.TransactionalExecutionTemplate.execute(TransactionalExecutionTemplate.java:55)
	at org.flywaydb.core.internal.schemahistory.JdbcTableSchemaHistory$1.call(JdbcTableSchemaHistory.java:114)
	at org.flywaydb.database.postgresql.PostgreSQLAdvisoryLockTemplate.execute(PostgreSQLAdvisoryLockTemplate.java:73)
	at org.flywaydb.database.postgresql.PostgreSQLAdvisoryLockTemplate.lambda$execute$0(PostgreSQLAdvisoryLockTemplate.java:56)
	at org.flywaydb.core.internal.jdbc.TransactionalExecutionTemplate.execute(TransactionalExecutionTemplate.java:55)
	at org.flywaydb.database.postgresql.PostgreSQLAdvisoryLockTemplate.execute(PostgreSQLAdvisoryLockTemplate.java:56)
	at org.flywaydb.database.postgresql.PostgreSQLConnection.lock(PostgreSQLConnection.java:96)
	at org.flywaydb.core.internal.schemahistory.JdbcTableSchemaHistory.create(JdbcTableSchemaHistory.java:104)
	at org.flywaydb.core.internal.command.DbBaseline.baseline(DbBaseline.java:88)
	at org.flywaydb.core.Flyway.doBaseline(Flyway.java:424)
	at org.flywaydb.core.Flyway.lambda$migrate$0(Flyway.java:187)
	at org.flywaydb.core.FlywayExecutor.execute(FlywayExecutor.java:215)
	at org.flywaydb.core.Flyway.migrate(Flyway.java:147)
	at com.cyberskill.MainVerticle.runDatabaseMigrations(MainVerticle.java:168)
	... 13 common frames omitted
Caused by: org.postgresql.util.PSQLException: ERROR: permission denied for schema public
  Position: 14
	at org.postgresql.core.v3.QueryExecutorImpl.receiveErrorResponse(QueryExecutorImpl.java:2712)
	at org.postgresql.core.v3.QueryExecutorImpl.processResults(QueryExecutorImpl.java:2400)
	at org.postgresql.core.v3.QueryExecutorImpl.execute(QueryExecutorImpl.java:367)
	at org.postgresql.jdbc.PgStatement.executeInternal(PgStatement.java:498)
	at org.postgresql.jdbc.PgStatement.execute(PgStatement.java:415)
	at org.postgresql.jdbc.PgStatement.executeWithFlags(PgStatement.java:335)
	at org.postgresql.jdbc.PgStatement.executeCachedSql(PgStatement.java:321)
	at org.postgresql.jdbc.PgStatement.executeWithFlags(PgStatement.java:297)
	at org.postgresql.jdbc.PgStatement.execute(PgStatement.java:292)
	at org.flywaydb.core.internal.jdbc.JdbcTemplate.executeStatement(JdbcTemplate.java:210)
	at org.flywaydb.core.internal.sqlscript.ParsedSqlStatement.execute(ParsedSqlStatement.java:97)
	at org.flywaydb.core.internal.sqlscript.DefaultSqlScriptExecutor.executeStatement(DefaultSqlScriptExecutor.java:213)
	... 29 common frames omitted
2026-03-11 18:26:35.589 [vert.x-eventloop-thread-0] ERROR i.v.c.i.l.c.VertxIsolatedDeployer - Failed in deploying verticle
java.lang.RuntimeException: Database migration failed
	at com.cyberskill.MainVerticle.runDatabaseMigrations(MainVerticle.java:172)
	at com.cyberskill.MainVerticle.start(MainVerticle.java:66)
	at io.vertx.core.impl.DeploymentManager.lambda$doDeploy$5(DeploymentManager.java:210)
	at io.vertx.core.impl.ContextInternal.dispatch(ContextInternal.java:276)
	at io.vertx.core.impl.ContextInternal.dispatch(ContextInternal.java:258)
	at io.vertx.core.impl.ContextInternal.lambda$runOnContext$0(ContextInternal.java:56)
	at io.netty.util.concurrent.AbstractEventExecutor.runTask(AbstractEventExecutor.java:173)
	at io.netty.util.concurrent.AbstractEventExecutor.safeExecute(AbstractEventExecutor.java:166)
	at io.netty.util.concurrent.SingleThreadEventExecutor.runAllTasks(SingleThreadEventExecutor.java:470)
	at io.netty.channel.nio.NioEventLoop.run(NioEventLoop.java:569)
	at io.netty.util.concurrent.SingleThreadEventExecutor$4.run(SingleThreadEventExecutor.java:997)
	at io.netty.util.internal.ThreadExecutorMap$2.run(ThreadExecutorMap.java:74)
	at io.netty.util.concurrent.FastThreadLocalRunnable.run(FastThreadLocalRunnable.java:30)
	at java.base/java.lang.Thread.run(Thread.java:1447)
Caused by: org.flywaydb.core.internal.sqlscript.FlywaySqlScriptException: Migration  failed
-----------------
SQL State  : 42501
Error Code : 0
Message    : ERROR: permission denied for schema public
  Position: 14
Location   :  ()
Line       : 1
Statement  : CREATE TABLE "public"."flyway_schema_history" (
    "installed_rank" INT NOT NULL,
    "version" VARCHAR(50),
    "description" VARCHAR(200) NOT NULL,
    "type" VARCHAR(20) NOT NULL,
    "script" VARCHAR(1000) NOT NULL,
    "checksum" INTEGER,
    "installed_by" VARCHAR(100) NOT NULL,
    "installed_on" TIMESTAMP NOT NULL DEFAULT now(),
    "execution_time" INTEGER NOT NULL,
    "success" BOOLEAN NOT NULL
)

	at org.flywaydb.core.internal.sqlscript.DefaultSqlScriptExecutor.handleException(DefaultSqlScriptExecutor.java:270)
	at org.flywaydb.core.internal.sqlscript.DefaultSqlScriptExecutor.executeStatement(DefaultSqlScriptExecutor.java:225)
	at org.flywaydb.core.internal.sqlscript.DefaultSqlScriptExecutor.execute(DefaultSqlScriptExecutor.java:128)
	at org.flywaydb.core.internal.schemahistory.JdbcTableSchemaHistory$1$1.call(JdbcTableSchemaHistory.java:118)
	at org.flywaydb.core.internal.jdbc.TransactionalExecutionTemplate.execute(TransactionalExecutionTemplate.java:55)
	at org.flywaydb.core.internal.schemahistory.JdbcTableSchemaHistory$1.call(JdbcTableSchemaHistory.java:114)
	at org.flywaydb.database.postgresql.PostgreSQLAdvisoryLockTemplate.execute(PostgreSQLAdvisoryLockTemplate.java:73)
	at org.flywaydb.database.postgresql.PostgreSQLAdvisoryLockTemplate.lambda$execute$0(PostgreSQLAdvisoryLockTemplate.java:56)
	at org.flywaydb.core.internal.jdbc.TransactionalExecutionTemplate.execute(TransactionalExecutionTemplate.java:55)
	at org.flywaydb.database.postgresql.PostgreSQLAdvisoryLockTemplate.execute(PostgreSQLAdvisoryLockTemplate.java:56)
	at org.flywaydb.database.postgresql.PostgreSQLConnection.lock(PostgreSQLConnection.java:96)
	at org.flywaydb.core.internal.schemahistory.JdbcTableSchemaHistory.create(JdbcTableSchemaHistory.java:104)
	at org.flywaydb.core.internal.command.DbBaseline.baseline(DbBaseline.java:88)
	at org.flywaydb.core.Flyway.doBaseline(Flyway.java:424)
	at org.flywaydb.core.Flyway.lambda$migrate$0(Flyway.java:187)
	at org.flywaydb.core.FlywayExecutor.execute(FlywayExecutor.java:215)
	at org.flywaydb.core.Flyway.migrate(Flyway.java:147)
	at com.cyberskill.MainVerticle.runDatabaseMigrations(MainVerticle.java:168)
	... 13 common frames omitted
Caused by: org.postgresql.util.PSQLException: ERROR: permission denied for schema public
  Position: 14
	at org.postgresql.core.v3.QueryExecutorImpl.receiveErrorResponse(QueryExecutorImpl.java:2712)
	at org.postgresql.core.v3.QueryExecutorImpl.processResults(QueryExecutorImpl.java:2400)
	at org.postgresql.core.v3.QueryExecutorImpl.execute(QueryExecutorImpl.java:367)
	at org.postgresql.jdbc.PgStatement.executeInternal(PgStatement.java:498)
	at org.postgresql.jdbc.PgStatement.execute(PgStatement.java:415)
	at org.postgresql.jdbc.PgStatement.executeWithFlags(PgStatement.java:335)
	at org.postgresql.jdbc.PgStatement.executeCachedSql(PgStatement.java:321)
	at org.postgresql.jdbc.PgStatement.executeWithFlags(PgStatement.java:297)
	at org.postgresql.jdbc.PgStatement.execute(PgStatement.java:292)
	at org.flywaydb.core.internal.jdbc.JdbcTemplate.executeStatement(JdbcTemplate.java:210)
	at org.flywaydb.core.internal.sqlscript.ParsedSqlStatement.execute(ParsedSqlStatement.java:97)
	at org.flywaydb.core.internal.sqlscript.DefaultSqlScriptExecutor.executeStatement(DefaultSqlScriptExecutor.java:213)
	... 29 common frames omitted
2026-03-11 18:28:56.570 [vert.x-eventloop-thread-1] INFO  com.cyberskill.MainVerticle - Starting CyberSkill Platform...
2026-03-11 18:28:56.572 [vert.x-eventloop-thread-1] INFO  com.cyberskill.config.AppConfig - Application properties loaded successfully
2026-03-11 18:28:56.670 [vert.x-eventloop-thread-1] INFO  com.cyberskill.MainVerticle - Running database migrations...
2026-03-11 18:28:56.779 [vert.x-eventloop-thread-1] INFO  o.f.c.i.s.classpath.ClassPathScanner - Flyway OSS Edition 10.4.1 by Redgate
2026-03-11 18:28:56.780 [vert.x-eventloop-thread-1] INFO  o.f.c.i.s.classpath.ClassPathScanner - 
2026-03-11 18:28:56.780 [vert.x-eventloop-thread-1] INFO  o.f.c.i.s.classpath.ClassPathScanner - See release notes here: https://rd.gt/416ObMi
2026-03-11 18:28:56.948 [vert.x-eventloop-thread-1] INFO  org.flywaydb.core.FlywayExecutor - Database: jdbc:postgresql://localhost:5432/cyberskill (PostgreSQL 16.3)
2026-03-11 18:28:56.983 [vert.x-eventloop-thread-1] INFO  o.f.c.i.s.JdbcTableSchemaHistory - Schema history table "public"."flyway_schema_history" does not exist yet
2026-03-11 18:28:56.987 [vert.x-eventloop-thread-1] INFO  o.f.core.internal.command.DbValidate - Successfully validated 2 migrations (execution time 00:00.021s)
2026-03-11 18:28:57.006 [vert.x-eventloop-thread-1] INFO  o.f.c.i.s.JdbcTableSchemaHistory - Creating Schema History table "public"."flyway_schema_history" with baseline ...
2026-03-11 18:28:57.123 [vert.x-eventloop-thread-1] INFO  o.f.core.internal.command.DbBaseline - Successfully baselined schema with version: 0
2026-03-11 18:28:57.190 [vert.x-eventloop-thread-1] INFO  o.f.core.internal.command.DbMigrate - Current version of schema "public": 0
2026-03-11 18:28:57.219 [vert.x-eventloop-thread-1] INFO  o.f.core.internal.command.DbMigrate - Migrating schema "public" to version "1 - Initial Schema"
2026-03-11 18:28:57.228 [vert.x-eventloop-thread-1] WARN  o.f.c.i.s.DefaultSqlScriptExecutor - DB: extension "uuid-ossp" already exists, skipping (SQL State: 42710 - Error Code: 0)
2026-03-11 18:28:57.239 [vert.x-eventloop-thread-1] ERROR o.f.core.internal.command.DbMigrate - Migration of schema "public" to version "1 - Initial Schema" failed! Changes successfully rolled back.
2026-03-11 18:28:57.245 [vert.x-eventloop-thread-1] ERROR com.cyberskill.MainVerticle - ✗ Database migration failed
org.flywaydb.core.internal.command.DbMigrate$FlywayMigrateException: Migration V1__Initial_Schema.sql failed
---------------------------------------
SQL State  : 42P07
Error Code : 0
Message    : ERROR: relation "users" already exists
Location   : db/migration/V1__Initial_Schema.sql (C:\Users\I74350754\Documents\GitHub\CyberSkill\cyber-skill-platform\file:\C:\Users\I74350754\Documents\GitHub\CyberSkill\cyber-skill-platform\target\cyberskill-platform-1.0.0-fat.jar!\db\migration\V1__Initial_Schema.sql)
Line       : 13
Statement  : -- ============================================================================
-- USERS AND AUTHENTICATION
-- ============================================================================

-- Users table
CREATE TABLE users (
    id SERIAL PRIMARY KEY,
    username VARCHAR(100) UNIQUE NOT NULL,
    email VARCHAR(255) UNIQUE NOT NULL,
    password_hash VARCHAR(255) NOT NULL,
    role VARCHAR(20) NOT NULL DEFAULT 'USER' CHECK (role IN ('USER', 'ADMIN')),
    mfa_enabled BOOLEAN DEFAULT FALSE,
    mfa_secret VARCHAR(255),
    is_active BOOLEAN DEFAULT TRUE,
    email_verified BOOLEAN DEFAULT FALSE,
    created_at TIMESTAMP DEFAULT CURRENT_TIMESTAMP,
    updated_at TIMESTAMP DEFAULT CURRENT_TIMESTAMP,
    last_login TIMESTAMP
)

	at org.flywaydb.core.internal.command.DbMigrate.doMigrateGroup(DbMigrate.java:382)
	at org.flywaydb.core.internal.command.DbMigrate.lambda$applyMigrations$1(DbMigrate.java:272)
	at org.flywaydb.core.internal.jdbc.TransactionalExecutionTemplate.execute(TransactionalExecutionTemplate.java:55)
	at org.flywaydb.core.internal.command.DbMigrate.applyMigrations(DbMigrate.java:271)
	at org.flywaydb.core.internal.command.DbMigrate.migrateGroup(DbMigrate.java:244)
	at org.flywaydb.core.internal.command.DbMigrate.lambda$migrateAll$0(DbMigrate.java:139)
	at org.flywaydb.database.postgresql.PostgreSQLAdvisoryLockTemplate.execute(PostgreSQLAdvisoryLockTemplate.java:73)
	at org.flywaydb.database.postgresql.PostgreSQLAdvisoryLockTemplate.lambda$execute$0(PostgreSQLAdvisoryLockTemplate.java:56)
	at org.flywaydb.core.internal.jdbc.TransactionalExecutionTemplate.execute(TransactionalExecutionTemplate.java:55)
	at org.flywaydb.database.postgresql.PostgreSQLAdvisoryLockTemplate.execute(PostgreSQLAdvisoryLockTemplate.java:56)
	at org.flywaydb.database.postgresql.PostgreSQLConnection.lock(PostgreSQLConnection.java:96)
	at org.flywaydb.core.internal.schemahistory.JdbcTableSchemaHistory.lock(JdbcTableSchemaHistory.java:144)
	at org.flywaydb.core.internal.command.DbMigrate.migrateAll(DbMigrate.java:139)
	at org.flywaydb.core.internal.command.DbMigrate.migrate(DbMigrate.java:97)
	at org.flywaydb.core.Flyway.lambda$migrate$0(Flyway.java:202)
	at org.flywaydb.core.FlywayExecutor.execute(FlywayExecutor.java:215)
	at org.flywaydb.core.Flyway.migrate(Flyway.java:147)
	at com.cyberskill.MainVerticle.runDatabaseMigrations(MainVerticle.java:168)
	at com.cyberskill.MainVerticle.start(MainVerticle.java:66)
	at io.vertx.core.impl.DeploymentManager.lambda$doDeploy$5(DeploymentManager.java:210)
	at io.vertx.core.impl.ContextInternal.dispatch(ContextInternal.java:276)
	at io.vertx.core.impl.ContextInternal.dispatch(ContextInternal.java:258)
	at io.vertx.core.impl.ContextInternal.lambda$runOnContext$0(ContextInternal.java:56)
	at io.netty.util.concurrent.AbstractEventExecutor.runTask(AbstractEventExecutor.java:173)
	at io.netty.util.concurrent.AbstractEventExecutor.safeExecute(AbstractEventExecutor.java:166)
	at io.netty.util.concurrent.SingleThreadEventExecutor.runAllTasks(SingleThreadEventExecutor.java:470)
	at io.netty.channel.nio.NioEventLoop.run(NioEventLoop.java:569)
	at io.netty.util.concurrent.SingleThreadEventExecutor$4.run(SingleThreadEventExecutor.java:997)
	at io.netty.util.internal.ThreadExecutorMap$2.run(ThreadExecutorMap.java:74)
	at io.netty.util.concurrent.FastThreadLocalRunnable.run(FastThreadLocalRunnable.java:30)
	at java.base/java.lang.Thread.run(Thread.java:1447)
Caused by: org.flywaydb.core.internal.sqlscript.FlywaySqlScriptException: Migration V1__Initial_Schema.sql failed
---------------------------------------
SQL State  : 42P07
Error Code : 0
Message    : ERROR: relation "users" already exists
Location   : db/migration/V1__Initial_Schema.sql (C:\Users\I74350754\Documents\GitHub\CyberSkill\cyber-skill-platform\file:\C:\Users\I74350754\Documents\GitHub\CyberSkill\cyber-skill-platform\target\cyberskill-platform-1.0.0-fat.jar!\db\migration\V1__Initial_Schema.sql)
Line       : 13
Statement  : -- ============================================================================
-- USERS AND AUTHENTICATION
-- ============================================================================

-- Users table
CREATE TABLE users (
    id SERIAL PRIMARY KEY,
    username VARCHAR(100) UNIQUE NOT NULL,
    email VARCHAR(255) UNIQUE NOT NULL,
    password_hash VARCHAR(255) NOT NULL,
    role VARCHAR(20) NOT NULL DEFAULT 'USER' CHECK (role IN ('USER', 'ADMIN')),
    mfa_enabled BOOLEAN DEFAULT FALSE,
    mfa_secret VARCHAR(255),
    is_active BOOLEAN DEFAULT TRUE,
    email_verified BOOLEAN DEFAULT FALSE,
    created_at TIMESTAMP DEFAULT CURRENT_TIMESTAMP,
    updated_at TIMESTAMP DEFAULT CURRENT_TIMESTAMP,
    last_login TIMESTAMP
)

	at org.flywaydb.core.internal.sqlscript.DefaultSqlScriptExecutor.handleException(DefaultSqlScriptExecutor.java:270)
	at org.flywaydb.core.internal.sqlscript.DefaultSqlScriptExecutor.executeStatement(DefaultSqlScriptExecutor.java:225)
	at org.flywaydb.core.internal.sqlscript.DefaultSqlScriptExecutor.execute(DefaultSqlScriptExecutor.java:128)
	at org.flywaydb.core.internal.resolver.sql.SqlMigrationExecutor.executeOnce(SqlMigrationExecutor.java:68)
	at org.flywaydb.core.internal.resolver.sql.SqlMigrationExecutor.lambda$execute$0(SqlMigrationExecutor.java:57)
	at org.flywaydb.core.internal.database.DefaultExecutionStrategy.execute(DefaultExecutionStrategy.java:27)
	at org.flywaydb.core.internal.resolver.sql.SqlMigrationExecutor.execute(SqlMigrationExecutor.java:56)
	at org.flywaydb.core.internal.command.DbMigrate.doMigrateGroup(DbMigrate.java:374)
	... 30 common frames omitted
Caused by: org.postgresql.util.PSQLException: ERROR: relation "users" already exists
	at org.postgresql.core.v3.QueryExecutorImpl.receiveErrorResponse(QueryExecutorImpl.java:2712)
	at org.postgresql.core.v3.QueryExecutorImpl.processResults(QueryExecutorImpl.java:2400)
	at org.postgresql.core.v3.QueryExecutorImpl.execute(QueryExecutorImpl.java:367)
	at org.postgresql.jdbc.PgStatement.executeInternal(PgStatement.java:498)
	at org.postgresql.jdbc.PgStatement.execute(PgStatement.java:415)
	at org.postgresql.jdbc.PgStatement.executeWithFlags(PgStatement.java:335)
	at org.postgresql.jdbc.PgStatement.executeCachedSql(PgStatement.java:321)
	at org.postgresql.jdbc.PgStatement.executeWithFlags(PgStatement.java:297)
	at org.postgresql.jdbc.PgStatement.execute(PgStatement.java:292)
	at org.flywaydb.core.internal.jdbc.JdbcTemplate.executeStatement(JdbcTemplate.java:210)
	at org.flywaydb.core.internal.sqlscript.ParsedSqlStatement.execute(ParsedSqlStatement.java:97)
	at org.flywaydb.core.internal.sqlscript.DefaultSqlScriptExecutor.executeStatement(DefaultSqlScriptExecutor.java:213)
	... 36 common frames omitted
2026-03-11 18:28:57.251 [vert.x-eventloop-thread-1] ERROR com.cyberskill.MainVerticle - ✗ Error during startup
java.lang.RuntimeException: Database migration failed
	at com.cyberskill.MainVerticle.runDatabaseMigrations(MainVerticle.java:172)
	at com.cyberskill.MainVerticle.start(MainVerticle.java:66)
	at io.vertx.core.impl.DeploymentManager.lambda$doDeploy$5(DeploymentManager.java:210)
	at io.vertx.core.impl.ContextInternal.dispatch(ContextInternal.java:276)
	at io.vertx.core.impl.ContextInternal.dispatch(ContextInternal.java:258)
	at io.vertx.core.impl.ContextInternal.lambda$runOnContext$0(ContextInternal.java:56)
	at io.netty.util.concurrent.AbstractEventExecutor.runTask(AbstractEventExecutor.java:173)
	at io.netty.util.concurrent.AbstractEventExecutor.safeExecute(AbstractEventExecutor.java:166)
	at io.netty.util.concurrent.SingleThreadEventExecutor.runAllTasks(SingleThreadEventExecutor.java:470)
	at io.netty.channel.nio.NioEventLoop.run(NioEventLoop.java:569)
	at io.netty.util.concurrent.SingleThreadEventExecutor$4.run(SingleThreadEventExecutor.java:997)
	at io.netty.util.internal.ThreadExecutorMap$2.run(ThreadExecutorMap.java:74)
	at io.netty.util.concurrent.FastThreadLocalRunnable.run(FastThreadLocalRunnable.java:30)
	at java.base/java.lang.Thread.run(Thread.java:1447)
Caused by: org.flywaydb.core.internal.command.DbMigrate$FlywayMigrateException: Migration V1__Initial_Schema.sql failed
---------------------------------------
SQL State  : 42P07
Error Code : 0
Message    : ERROR: relation "users" already exists
Location   : db/migration/V1__Initial_Schema.sql (C:\Users\I74350754\Documents\GitHub\CyberSkill\cyber-skill-platform\file:\C:\Users\I74350754\Documents\GitHub\CyberSkill\cyber-skill-platform\target\cyberskill-platform-1.0.0-fat.jar!\db\migration\V1__Initial_Schema.sql)
Line       : 13
Statement  : -- ============================================================================
-- USERS AND AUTHENTICATION
-- ============================================================================

-- Users table
CREATE TABLE users (
    id SERIAL PRIMARY KEY,
    username VARCHAR(100) UNIQUE NOT NULL,
    email VARCHAR(255) UNIQUE NOT NULL,
    password_hash VARCHAR(255) NOT NULL,
    role VARCHAR(20) NOT NULL DEFAULT 'USER' CHECK (role IN ('USER', 'ADMIN')),
    mfa_enabled BOOLEAN DEFAULT FALSE,
    mfa_secret VARCHAR(255),
    is_active BOOLEAN DEFAULT TRUE,
    email_verified BOOLEAN DEFAULT FALSE,
    created_at TIMESTAMP DEFAULT CURRENT_TIMESTAMP,
    updated_at TIMESTAMP DEFAULT CURRENT_TIMESTAMP,
    last_login TIMESTAMP
)

	at org.flywaydb.core.internal.command.DbMigrate.doMigrateGroup(DbMigrate.java:382)
	at org.flywaydb.core.internal.command.DbMigrate.lambda$applyMigrations$1(DbMigrate.java:272)
	at org.flywaydb.core.internal.jdbc.TransactionalExecutionTemplate.execute(TransactionalExecutionTemplate.java:55)
	at org.flywaydb.core.internal.command.DbMigrate.applyMigrations(DbMigrate.java:271)
	at org.flywaydb.core.internal.command.DbMigrate.migrateGroup(DbMigrate.java:244)
	at org.flywaydb.core.internal.command.DbMigrate.lambda$migrateAll$0(DbMigrate.java:139)
	at org.flywaydb.database.postgresql.PostgreSQLAdvisoryLockTemplate.execute(PostgreSQLAdvisoryLockTemplate.java:73)
	at org.flywaydb.database.postgresql.PostgreSQLAdvisoryLockTemplate.lambda$execute$0(PostgreSQLAdvisoryLockTemplate.java:56)
	at org.flywaydb.core.internal.jdbc.TransactionalExecutionTemplate.execute(TransactionalExecutionTemplate.java:55)
	at org.flywaydb.database.postgresql.PostgreSQLAdvisoryLockTemplate.execute(PostgreSQLAdvisoryLockTemplate.java:56)
	at org.flywaydb.database.postgresql.PostgreSQLConnection.lock(PostgreSQLConnection.java:96)
	at org.flywaydb.core.internal.schemahistory.JdbcTableSchemaHistory.lock(JdbcTableSchemaHistory.java:144)
	at org.flywaydb.core.internal.command.DbMigrate.migrateAll(DbMigrate.java:139)
	at org.flywaydb.core.internal.command.DbMigrate.migrate(DbMigrate.java:97)
	at org.flywaydb.core.Flyway.lambda$migrate$0(Flyway.java:202)
	at org.flywaydb.core.FlywayExecutor.execute(FlywayExecutor.java:215)
	at org.flywaydb.core.Flyway.migrate(Flyway.java:147)
	at com.cyberskill.MainVerticle.runDatabaseMigrations(MainVerticle.java:168)
	... 13 common frames omitted
Caused by: org.flywaydb.core.internal.sqlscript.FlywaySqlScriptException: Migration V1__Initial_Schema.sql failed
---------------------------------------
SQL State  : 42P07
Error Code : 0
Message    : ERROR: relation "users" already exists
Location   : db/migration/V1__Initial_Schema.sql (C:\Users\I74350754\Documents\GitHub\CyberSkill\cyber-skill-platform\file:\C:\Users\I74350754\Documents\GitHub\CyberSkill\cyber-skill-platform\target\cyberskill-platform-1.0.0-fat.jar!\db\migration\V1__Initial_Schema.sql)
Line       : 13
Statement  : -- ============================================================================
-- USERS AND AUTHENTICATION
-- ============================================================================

-- Users table
CREATE TABLE users (
    id SERIAL PRIMARY KEY,
    username VARCHAR(100) UNIQUE NOT NULL,
    email VARCHAR(255) UNIQUE NOT NULL,
    password_hash VARCHAR(255) NOT NULL,
    role VARCHAR(20) NOT NULL DEFAULT 'USER' CHECK (role IN ('USER', 'ADMIN')),
    mfa_enabled BOOLEAN DEFAULT FALSE,
    mfa_secret VARCHAR(255),
    is_active BOOLEAN DEFAULT TRUE,
    email_verified BOOLEAN DEFAULT FALSE,
    created_at TIMESTAMP DEFAULT CURRENT_TIMESTAMP,
    updated_at TIMESTAMP DEFAULT CURRENT_TIMESTAMP,
    last_login TIMESTAMP
)

	at org.flywaydb.core.internal.sqlscript.DefaultSqlScriptExecutor.handleException(DefaultSqlScriptExecutor.java:270)
	at org.flywaydb.core.internal.sqlscript.DefaultSqlScriptExecutor.executeStatement(DefaultSqlScriptExecutor.java:225)
	at org.flywaydb.core.internal.sqlscript.DefaultSqlScriptExecutor.execute(DefaultSqlScriptExecutor.java:128)
	at org.flywaydb.core.internal.resolver.sql.SqlMigrationExecutor.executeOnce(SqlMigrationExecutor.java:68)
	at org.flywaydb.core.internal.resolver.sql.SqlMigrationExecutor.lambda$execute$0(SqlMigrationExecutor.java:57)
	at org.flywaydb.core.internal.database.DefaultExecutionStrategy.execute(DefaultExecutionStrategy.java:27)
	at org.flywaydb.core.internal.resolver.sql.SqlMigrationExecutor.execute(SqlMigrationExecutor.java:56)
	at org.flywaydb.core.internal.command.DbMigrate.doMigrateGroup(DbMigrate.java:374)
	... 30 common frames omitted
Caused by: org.postgresql.util.PSQLException: ERROR: relation "users" already exists
	at org.postgresql.core.v3.QueryExecutorImpl.receiveErrorResponse(QueryExecutorImpl.java:2712)
	at org.postgresql.core.v3.QueryExecutorImpl.processResults(QueryExecutorImpl.java:2400)
	at org.postgresql.core.v3.QueryExecutorImpl.execute(QueryExecutorImpl.java:367)
	at org.postgresql.jdbc.PgStatement.executeInternal(PgStatement.java:498)
	at org.postgresql.jdbc.PgStatement.execute(PgStatement.java:415)
	at org.postgresql.jdbc.PgStatement.executeWithFlags(PgStatement.java:335)
	at org.postgresql.jdbc.PgStatement.executeCachedSql(PgStatement.java:321)
	at org.postgresql.jdbc.PgStatement.executeWithFlags(PgStatement.java:297)
	at org.postgresql.jdbc.PgStatement.execute(PgStatement.java:292)
	at org.flywaydb.core.internal.jdbc.JdbcTemplate.executeStatement(JdbcTemplate.java:210)
	at org.flywaydb.core.internal.sqlscript.ParsedSqlStatement.execute(ParsedSqlStatement.java:97)
	at org.flywaydb.core.internal.sqlscript.DefaultSqlScriptExecutor.executeStatement(DefaultSqlScriptExecutor.java:213)
	... 36 common frames omitted
2026-03-11 18:28:57.264 [vert.x-eventloop-thread-0] ERROR i.v.c.i.l.c.VertxIsolatedDeployer - Failed in deploying verticle
java.lang.RuntimeException: Database migration failed
	at com.cyberskill.MainVerticle.runDatabaseMigrations(MainVerticle.java:172)
	at com.cyberskill.MainVerticle.start(MainVerticle.java:66)
	at io.vertx.core.impl.DeploymentManager.lambda$doDeploy$5(DeploymentManager.java:210)
	at io.vertx.core.impl.ContextInternal.dispatch(ContextInternal.java:276)
	at io.vertx.core.impl.ContextInternal.dispatch(ContextInternal.java:258)
	at io.vertx.core.impl.ContextInternal.lambda$runOnContext$0(ContextInternal.java:56)
	at io.netty.util.concurrent.AbstractEventExecutor.runTask(AbstractEventExecutor.java:173)
	at io.netty.util.concurrent.AbstractEventExecutor.safeExecute(AbstractEventExecutor.java:166)
	at io.netty.util.concurrent.SingleThreadEventExecutor.runAllTasks(SingleThreadEventExecutor.java:470)
	at io.netty.channel.nio.NioEventLoop.run(NioEventLoop.java:569)
	at io.netty.util.concurrent.SingleThreadEventExecutor$4.run(SingleThreadEventExecutor.java:997)
	at io.netty.util.internal.ThreadExecutorMap$2.run(ThreadExecutorMap.java:74)
	at io.netty.util.concurrent.FastThreadLocalRunnable.run(FastThreadLocalRunnable.java:30)
	at java.base/java.lang.Thread.run(Thread.java:1447)
Caused by: org.flywaydb.core.internal.command.DbMigrate$FlywayMigrateException: Migration V1__Initial_Schema.sql failed
---------------------------------------
SQL State  : 42P07
Error Code : 0
Message    : ERROR: relation "users" already exists
Location   : db/migration/V1__Initial_Schema.sql (C:\Users\I74350754\Documents\GitHub\CyberSkill\cyber-skill-platform\file:\C:\Users\I74350754\Documents\GitHub\CyberSkill\cyber-skill-platform\target\cyberskill-platform-1.0.0-fat.jar!\db\migration\V1__Initial_Schema.sql)
Line       : 13
Statement  : -- ============================================================================
-- USERS AND AUTHENTICATION
-- ============================================================================

-- Users table
CREATE TABLE users (
    id SERIAL PRIMARY KEY,
    username VARCHAR(100) UNIQUE NOT NULL,
    email VARCHAR(255) UNIQUE NOT NULL,
    password_hash VARCHAR(255) NOT NULL,
    role VARCHAR(20) NOT NULL DEFAULT 'USER' CHECK (role IN ('USER', 'ADMIN')),
    mfa_enabled BOOLEAN DEFAULT FALSE,
    mfa_secret VARCHAR(255),
    is_active BOOLEAN DEFAULT TRUE,
    email_verified BOOLEAN DEFAULT FALSE,
    created_at TIMESTAMP DEFAULT CURRENT_TIMESTAMP,
    updated_at TIMESTAMP DEFAULT CURRENT_TIMESTAMP,
    last_login TIMESTAMP
)

	at org.flywaydb.core.internal.command.DbMigrate.doMigrateGroup(DbMigrate.java:382)
	at org.flywaydb.core.internal.command.DbMigrate.lambda$applyMigrations$1(DbMigrate.java:272)
	at org.flywaydb.core.internal.jdbc.TransactionalExecutionTemplate.execute(TransactionalExecutionTemplate.java:55)
	at org.flywaydb.core.internal.command.DbMigrate.applyMigrations(DbMigrate.java:271)
	at org.flywaydb.core.internal.command.DbMigrate.migrateGroup(DbMigrate.java:244)
	at org.flywaydb.core.internal.command.DbMigrate.lambda$migrateAll$0(DbMigrate.java:139)
	at org.flywaydb.database.postgresql.PostgreSQLAdvisoryLockTemplate.execute(PostgreSQLAdvisoryLockTemplate.java:73)
	at org.flywaydb.database.postgresql.PostgreSQLAdvisoryLockTemplate.lambda$execute$0(PostgreSQLAdvisoryLockTemplate.java:56)
	at org.flywaydb.core.internal.jdbc.TransactionalExecutionTemplate.execute(TransactionalExecutionTemplate.java:55)
	at org.flywaydb.database.postgresql.PostgreSQLAdvisoryLockTemplate.execute(PostgreSQLAdvisoryLockTemplate.java:56)
	at org.flywaydb.database.postgresql.PostgreSQLConnection.lock(PostgreSQLConnection.java:96)
	at org.flywaydb.core.internal.schemahistory.JdbcTableSchemaHistory.lock(JdbcTableSchemaHistory.java:144)
	at org.flywaydb.core.internal.command.DbMigrate.migrateAll(DbMigrate.java:139)
	at org.flywaydb.core.internal.command.DbMigrate.migrate(DbMigrate.java:97)
	at org.flywaydb.core.Flyway.lambda$migrate$0(Flyway.java:202)
	at org.flywaydb.core.FlywayExecutor.execute(FlywayExecutor.java:215)
	at org.flywaydb.core.Flyway.migrate(Flyway.java:147)
	at com.cyberskill.MainVerticle.runDatabaseMigrations(MainVerticle.java:168)
	... 13 common frames omitted
Caused by: org.flywaydb.core.internal.sqlscript.FlywaySqlScriptException: Migration V1__Initial_Schema.sql failed
---------------------------------------
SQL State  : 42P07
Error Code : 0
Message    : ERROR: relation "users" already exists
Location   : db/migration/V1__Initial_Schema.sql (C:\Users\I74350754\Documents\GitHub\CyberSkill\cyber-skill-platform\file:\C:\Users\I74350754\Documents\GitHub\CyberSkill\cyber-skill-platform\target\cyberskill-platform-1.0.0-fat.jar!\db\migration\V1__Initial_Schema.sql)
Line       : 13
Statement  : -- ============================================================================
-- USERS AND AUTHENTICATION
-- ============================================================================

-- Users table
CREATE TABLE users (
    id SERIAL PRIMARY KEY,
    username VARCHAR(100) UNIQUE NOT NULL,
    email VARCHAR(255) UNIQUE NOT NULL,
    password_hash VARCHAR(255) NOT NULL,
    role VARCHAR(20) NOT NULL DEFAULT 'USER' CHECK (role IN ('USER', 'ADMIN')),
    mfa_enabled BOOLEAN DEFAULT FALSE,
    mfa_secret VARCHAR(255),
    is_active BOOLEAN DEFAULT TRUE,
    email_verified BOOLEAN DEFAULT FALSE,
    created_at TIMESTAMP DEFAULT CURRENT_TIMESTAMP,
    updated_at TIMESTAMP DEFAULT CURRENT_TIMESTAMP,
    last_login TIMESTAMP
)

	at org.flywaydb.core.internal.sqlscript.DefaultSqlScriptExecutor.handleException(DefaultSqlScriptExecutor.java:270)
	at org.flywaydb.core.internal.sqlscript.DefaultSqlScriptExecutor.executeStatement(DefaultSqlScriptExecutor.java:225)
	at org.flywaydb.core.internal.sqlscript.DefaultSqlScriptExecutor.execute(DefaultSqlScriptExecutor.java:128)
	at org.flywaydb.core.internal.resolver.sql.SqlMigrationExecutor.executeOnce(SqlMigrationExecutor.java:68)
	at org.flywaydb.core.internal.resolver.sql.SqlMigrationExecutor.lambda$execute$0(SqlMigrationExecutor.java:57)
	at org.flywaydb.core.internal.database.DefaultExecutionStrategy.execute(DefaultExecutionStrategy.java:27)
	at org.flywaydb.core.internal.resolver.sql.SqlMigrationExecutor.execute(SqlMigrationExecutor.java:56)
	at org.flywaydb.core.internal.command.DbMigrate.doMigrateGroup(DbMigrate.java:374)
	... 30 common frames omitted
Caused by: org.postgresql.util.PSQLException: ERROR: relation "users" already exists
	at org.postgresql.core.v3.QueryExecutorImpl.receiveErrorResponse(QueryExecutorImpl.java:2712)
	at org.postgresql.core.v3.QueryExecutorImpl.processResults(QueryExecutorImpl.java:2400)
	at org.postgresql.core.v3.QueryExecutorImpl.execute(QueryExecutorImpl.java:367)
	at org.postgresql.jdbc.PgStatement.executeInternal(PgStatement.java:498)
	at org.postgresql.jdbc.PgStatement.execute(PgStatement.java:415)
	at org.postgresql.jdbc.PgStatement.executeWithFlags(PgStatement.java:335)
	at org.postgresql.jdbc.PgStatement.executeCachedSql(PgStatement.java:321)
	at org.postgresql.jdbc.PgStatement.executeWithFlags(PgStatement.java:297)
	at org.postgresql.jdbc.PgStatement.execute(PgStatement.java:292)
	at org.flywaydb.core.internal.jdbc.JdbcTemplate.executeStatement(JdbcTemplate.java:210)
	at org.flywaydb.core.internal.sqlscript.ParsedSqlStatement.execute(ParsedSqlStatement.java:97)
	at org.flywaydb.core.internal.sqlscript.DefaultSqlScriptExecutor.executeStatement(DefaultSqlScriptExecutor.java:213)
	... 36 common frames omitted
2026-03-11 18:32:16.865 [vert.x-eventloop-thread-1] INFO  com.cyberskill.MainVerticle - Starting CyberSkill Platform...
2026-03-11 18:32:16.867 [vert.x-eventloop-thread-1] INFO  com.cyberskill.config.AppConfig - Application properties loaded successfully
2026-03-11 18:32:16.957 [vert.x-eventloop-thread-1] INFO  com.cyberskill.MainVerticle - Running database migrations...
2026-03-11 18:32:17.061 [vert.x-eventloop-thread-1] INFO  o.f.c.i.s.classpath.ClassPathScanner - Flyway OSS Edition 10.4.1 by Redgate
2026-03-11 18:32:17.061 [vert.x-eventloop-thread-1] INFO  o.f.c.i.s.classpath.ClassPathScanner - 
2026-03-11 18:32:17.062 [vert.x-eventloop-thread-1] INFO  o.f.c.i.s.classpath.ClassPathScanner - See release notes here: https://rd.gt/416ObMi
2026-03-11 18:32:17.244 [vert.x-eventloop-thread-1] INFO  org.flywaydb.core.FlywayExecutor - Database: jdbc:postgresql://localhost:5432/cyberskill (PostgreSQL 16.3)
2026-03-11 18:32:17.281 [vert.x-eventloop-thread-1] INFO  o.f.c.i.s.JdbcTableSchemaHistory - Schema history table "public"."flyway_schema_history" does not exist yet
2026-03-11 18:32:17.284 [vert.x-eventloop-thread-1] INFO  o.f.core.internal.command.DbValidate - Successfully validated 2 migrations (execution time 00:00.024s)
2026-03-11 18:32:17.317 [vert.x-eventloop-thread-1] INFO  o.f.c.i.s.JdbcTableSchemaHistory - Creating Schema History table "public"."flyway_schema_history" with baseline ...
2026-03-11 18:32:17.386 [vert.x-eventloop-thread-1] INFO  o.f.core.internal.command.DbBaseline - Successfully baselined schema with version: 0
2026-03-11 18:32:17.465 [vert.x-eventloop-thread-1] INFO  o.f.core.internal.command.DbMigrate - Current version of schema "public": 0
2026-03-11 18:32:17.492 [vert.x-eventloop-thread-1] INFO  o.f.core.internal.command.DbMigrate - Migrating schema "public" to version "1 - Initial Schema"
2026-03-11 18:32:17.498 [vert.x-eventloop-thread-1] WARN  o.f.c.i.s.DefaultSqlScriptExecutor - DB: extension "uuid-ossp" already exists, skipping (SQL State: 42710 - Error Code: 0)
2026-03-11 18:32:17.546 [vert.x-eventloop-thread-1] ERROR o.f.core.internal.command.DbMigrate - Migration of schema "public" to version "1 - Initial Schema" failed! Changes successfully rolled back.
2026-03-11 18:32:17.551 [vert.x-eventloop-thread-1] ERROR com.cyberskill.MainVerticle - ✗ Database migration failed
org.flywaydb.core.internal.command.DbMigrate$FlywayMigrateException: Migration V1__Initial_Schema.sql failed
---------------------------------------
SQL State  : 42P07
Error Code : 0
Message    : ERROR: relation "refresh_tokens" already exists
Location   : db/migration/V1__Initial_Schema.sql (C:\Users\I74350754\Documents\GitHub\CyberSkill\cyber-skill-platform\file:\C:\Users\I74350754\Documents\GitHub\CyberSkill\cyber-skill-platform\target\cyberskill-platform-1.0.0-fat.jar!\db\migration\V1__Initial_Schema.sql)
Line       : 33
Statement  : -- Refresh tokens table
CREATE TABLE refresh_tokens (
    id SERIAL PRIMARY KEY,
    user_id INTEGER NOT NULL REFERENCES users(id) ON DELETE CASCADE,
    token VARCHAR(500) UNIQUE NOT NULL,
    expires_at TIMESTAMP NOT NULL,
    created_at TIMESTAMP DEFAULT CURRENT_TIMESTAMP,
    revoked BOOLEAN DEFAULT FALSE
)

	at org.flywaydb.core.internal.command.DbMigrate.doMigrateGroup(DbMigrate.java:382)
	at org.flywaydb.core.internal.command.DbMigrate.lambda$applyMigrations$1(DbMigrate.java:272)
	at org.flywaydb.core.internal.jdbc.TransactionalExecutionTemplate.execute(TransactionalExecutionTemplate.java:55)
	at org.flywaydb.core.internal.command.DbMigrate.applyMigrations(DbMigrate.java:271)
	at org.flywaydb.core.internal.command.DbMigrate.migrateGroup(DbMigrate.java:244)
	at org.flywaydb.core.internal.command.DbMigrate.lambda$migrateAll$0(DbMigrate.java:139)
	at org.flywaydb.database.postgresql.PostgreSQLAdvisoryLockTemplate.execute(PostgreSQLAdvisoryLockTemplate.java:73)
	at org.flywaydb.database.postgresql.PostgreSQLAdvisoryLockTemplate.lambda$execute$0(PostgreSQLAdvisoryLockTemplate.java:56)
	at org.flywaydb.core.internal.jdbc.TransactionalExecutionTemplate.execute(TransactionalExecutionTemplate.java:55)
	at org.flywaydb.database.postgresql.PostgreSQLAdvisoryLockTemplate.execute(PostgreSQLAdvisoryLockTemplate.java:56)
	at org.flywaydb.database.postgresql.PostgreSQLConnection.lock(PostgreSQLConnection.java:96)
	at org.flywaydb.core.internal.schemahistory.JdbcTableSchemaHistory.lock(JdbcTableSchemaHistory.java:144)
	at org.flywaydb.core.internal.command.DbMigrate.migrateAll(DbMigrate.java:139)
	at org.flywaydb.core.internal.command.DbMigrate.migrate(DbMigrate.java:97)
	at org.flywaydb.core.Flyway.lambda$migrate$0(Flyway.java:202)
	at org.flywaydb.core.FlywayExecutor.execute(FlywayExecutor.java:215)
	at org.flywaydb.core.Flyway.migrate(Flyway.java:147)
	at com.cyberskill.MainVerticle.runDatabaseMigrations(MainVerticle.java:168)
	at com.cyberskill.MainVerticle.start(MainVerticle.java:66)
	at io.vertx.core.impl.DeploymentManager.lambda$doDeploy$5(DeploymentManager.java:210)
	at io.vertx.core.impl.ContextInternal.dispatch(ContextInternal.java:276)
	at io.vertx.core.impl.ContextInternal.dispatch(ContextInternal.java:258)
	at io.vertx.core.impl.ContextInternal.lambda$runOnContext$0(ContextInternal.java:56)
	at io.netty.util.concurrent.AbstractEventExecutor.runTask(AbstractEventExecutor.java:173)
	at io.netty.util.concurrent.AbstractEventExecutor.safeExecute(AbstractEventExecutor.java:166)
	at io.netty.util.concurrent.SingleThreadEventExecutor.runAllTasks(SingleThreadEventExecutor.java:470)
	at io.netty.channel.nio.NioEventLoop.run(NioEventLoop.java:569)
	at io.netty.util.concurrent.SingleThreadEventExecutor$4.run(SingleThreadEventExecutor.java:997)
	at io.netty.util.internal.ThreadExecutorMap$2.run(ThreadExecutorMap.java:74)
	at io.netty.util.concurrent.FastThreadLocalRunnable.run(FastThreadLocalRunnable.java:30)
	at java.base/java.lang.Thread.run(Thread.java:1447)
Caused by: org.flywaydb.core.internal.sqlscript.FlywaySqlScriptException: Migration V1__Initial_Schema.sql failed
---------------------------------------
SQL State  : 42P07
Error Code : 0
Message    : ERROR: relation "refresh_tokens" already exists
Location   : db/migration/V1__Initial_Schema.sql (C:\Users\I74350754\Documents\GitHub\CyberSkill\cyber-skill-platform\file:\C:\Users\I74350754\Documents\GitHub\CyberSkill\cyber-skill-platform\target\cyberskill-platform-1.0.0-fat.jar!\db\migration\V1__Initial_Schema.sql)
Line       : 33
Statement  : -- Refresh tokens table
CREATE TABLE refresh_tokens (
    id SERIAL PRIMARY KEY,
    user_id INTEGER NOT NULL REFERENCES users(id) ON DELETE CASCADE,
    token VARCHAR(500) UNIQUE NOT NULL,
    expires_at TIMESTAMP NOT NULL,
    created_at TIMESTAMP DEFAULT CURRENT_TIMESTAMP,
    revoked BOOLEAN DEFAULT FALSE
)

	at org.flywaydb.core.internal.sqlscript.DefaultSqlScriptExecutor.handleException(DefaultSqlScriptExecutor.java:270)
	at org.flywaydb.core.internal.sqlscript.DefaultSqlScriptExecutor.executeStatement(DefaultSqlScriptExecutor.java:225)
	at org.flywaydb.core.internal.sqlscript.DefaultSqlScriptExecutor.execute(DefaultSqlScriptExecutor.java:128)
	at org.flywaydb.core.internal.resolver.sql.SqlMigrationExecutor.executeOnce(SqlMigrationExecutor.java:68)
	at org.flywaydb.core.internal.resolver.sql.SqlMigrationExecutor.lambda$execute$0(SqlMigrationExecutor.java:57)
	at org.flywaydb.core.internal.database.DefaultExecutionStrategy.execute(DefaultExecutionStrategy.java:27)
	at org.flywaydb.core.internal.resolver.sql.SqlMigrationExecutor.execute(SqlMigrationExecutor.java:56)
	at org.flywaydb.core.internal.command.DbMigrate.doMigrateGroup(DbMigrate.java:374)
	... 30 common frames omitted
Caused by: org.postgresql.util.PSQLException: ERROR: relation "refresh_tokens" already exists
	at org.postgresql.core.v3.QueryExecutorImpl.receiveErrorResponse(QueryExecutorImpl.java:2712)
	at org.postgresql.core.v3.QueryExecutorImpl.processResults(QueryExecutorImpl.java:2400)
	at org.postgresql.core.v3.QueryExecutorImpl.execute(QueryExecutorImpl.java:367)
	at org.postgresql.jdbc.PgStatement.executeInternal(PgStatement.java:498)
	at org.postgresql.jdbc.PgStatement.execute(PgStatement.java:415)
	at org.postgresql.jdbc.PgStatement.executeWithFlags(PgStatement.java:335)
	at org.postgresql.jdbc.PgStatement.executeCachedSql(PgStatement.java:321)
	at org.postgresql.jdbc.PgStatement.executeWithFlags(PgStatement.java:297)
	at org.postgresql.jdbc.PgStatement.execute(PgStatement.java:292)
	at org.flywaydb.core.internal.jdbc.JdbcTemplate.executeStatement(JdbcTemplate.java:210)
	at org.flywaydb.core.internal.sqlscript.ParsedSqlStatement.execute(ParsedSqlStatement.java:97)
	at org.flywaydb.core.internal.sqlscript.DefaultSqlScriptExecutor.executeStatement(DefaultSqlScriptExecutor.java:213)
	... 36 common frames omitted
2026-03-11 18:32:17.556 [vert.x-eventloop-thread-1] ERROR com.cyberskill.MainVerticle - ✗ Error during startup
java.lang.RuntimeException: Database migration failed
	at com.cyberskill.MainVerticle.runDatabaseMigrations(MainVerticle.java:172)
	at com.cyberskill.MainVerticle.start(MainVerticle.java:66)
	at io.vertx.core.impl.DeploymentManager.lambda$doDeploy$5(DeploymentManager.java:210)
	at io.vertx.core.impl.ContextInternal.dispatch(ContextInternal.java:276)
	at io.vertx.core.impl.ContextInternal.dispatch(ContextInternal.java:258)
	at io.vertx.core.impl.ContextInternal.lambda$runOnContext$0(ContextInternal.java:56)
	at io.netty.util.concurrent.AbstractEventExecutor.runTask(AbstractEventExecutor.java:173)
	at io.netty.util.concurrent.AbstractEventExecutor.safeExecute(AbstractEventExecutor.java:166)
	at io.netty.util.concurrent.SingleThreadEventExecutor.runAllTasks(SingleThreadEventExecutor.java:470)
	at io.netty.channel.nio.NioEventLoop.run(NioEventLoop.java:569)
	at io.netty.util.concurrent.SingleThreadEventExecutor$4.run(SingleThreadEventExecutor.java:997)
	at io.netty.util.internal.ThreadExecutorMap$2.run(ThreadExecutorMap.java:74)
	at io.netty.util.concurrent.FastThreadLocalRunnable.run(FastThreadLocalRunnable.java:30)
	at java.base/java.lang.Thread.run(Thread.java:1447)
Caused by: org.flywaydb.core.internal.command.DbMigrate$FlywayMigrateException: Migration V1__Initial_Schema.sql failed
---------------------------------------
SQL State  : 42P07
Error Code : 0
Message    : ERROR: relation "refresh_tokens" already exists
Location   : db/migration/V1__Initial_Schema.sql (C:\Users\I74350754\Documents\GitHub\CyberSkill\cyber-skill-platform\file:\C:\Users\I74350754\Documents\GitHub\CyberSkill\cyber-skill-platform\target\cyberskill-platform-1.0.0-fat.jar!\db\migration\V1__Initial_Schema.sql)
Line       : 33
Statement  : -- Refresh tokens table
CREATE TABLE refresh_tokens (
    id SERIAL PRIMARY KEY,
    user_id INTEGER NOT NULL REFERENCES users(id) ON DELETE CASCADE,
    token VARCHAR(500) UNIQUE NOT NULL,
    expires_at TIMESTAMP NOT NULL,
    created_at TIMESTAMP DEFAULT CURRENT_TIMESTAMP,
    revoked BOOLEAN DEFAULT FALSE
)

	at org.flywaydb.core.internal.command.DbMigrate.doMigrateGroup(DbMigrate.java:382)
	at org.flywaydb.core.internal.command.DbMigrate.lambda$applyMigrations$1(DbMigrate.java:272)
	at org.flywaydb.core.internal.jdbc.TransactionalExecutionTemplate.execute(TransactionalExecutionTemplate.java:55)
	at org.flywaydb.core.internal.command.DbMigrate.applyMigrations(DbMigrate.java:271)
	at org.flywaydb.core.internal.command.DbMigrate.migrateGroup(DbMigrate.java:244)
	at org.flywaydb.core.internal.command.DbMigrate.lambda$migrateAll$0(DbMigrate.java:139)
	at org.flywaydb.database.postgresql.PostgreSQLAdvisoryLockTemplate.execute(PostgreSQLAdvisoryLockTemplate.java:73)
	at org.flywaydb.database.postgresql.PostgreSQLAdvisoryLockTemplate.lambda$execute$0(PostgreSQLAdvisoryLockTemplate.java:56)
	at org.flywaydb.core.internal.jdbc.TransactionalExecutionTemplate.execute(TransactionalExecutionTemplate.java:55)
	at org.flywaydb.database.postgresql.PostgreSQLAdvisoryLockTemplate.execute(PostgreSQLAdvisoryLockTemplate.java:56)
	at org.flywaydb.database.postgresql.PostgreSQLConnection.lock(PostgreSQLConnection.java:96)
	at org.flywaydb.core.internal.schemahistory.JdbcTableSchemaHistory.lock(JdbcTableSchemaHistory.java:144)
	at org.flywaydb.core.internal.command.DbMigrate.migrateAll(DbMigrate.java:139)
	at org.flywaydb.core.internal.command.DbMigrate.migrate(DbMigrate.java:97)
	at org.flywaydb.core.Flyway.lambda$migrate$0(Flyway.java:202)
	at org.flywaydb.core.FlywayExecutor.execute(FlywayExecutor.java:215)
	at org.flywaydb.core.Flyway.migrate(Flyway.java:147)
	at com.cyberskill.MainVerticle.runDatabaseMigrations(MainVerticle.java:168)
	... 13 common frames omitted
Caused by: org.flywaydb.core.internal.sqlscript.FlywaySqlScriptException: Migration V1__Initial_Schema.sql failed
---------------------------------------
SQL State  : 42P07
Error Code : 0
Message    : ERROR: relation "refresh_tokens" already exists
Location   : db/migration/V1__Initial_Schema.sql (C:\Users\I74350754\Documents\GitHub\CyberSkill\cyber-skill-platform\file:\C:\Users\I74350754\Documents\GitHub\CyberSkill\cyber-skill-platform\target\cyberskill-platform-1.0.0-fat.jar!\db\migration\V1__Initial_Schema.sql)
Line       : 33
Statement  : -- Refresh tokens table
CREATE TABLE refresh_tokens (
    id SERIAL PRIMARY KEY,
    user_id INTEGER NOT NULL REFERENCES users(id) ON DELETE CASCADE,
    token VARCHAR(500) UNIQUE NOT NULL,
    expires_at TIMESTAMP NOT NULL,
    created_at TIMESTAMP DEFAULT CURRENT_TIMESTAMP,
    revoked BOOLEAN DEFAULT FALSE
)

	at org.flywaydb.core.internal.sqlscript.DefaultSqlScriptExecutor.handleException(DefaultSqlScriptExecutor.java:270)
	at org.flywaydb.core.internal.sqlscript.DefaultSqlScriptExecutor.executeStatement(DefaultSqlScriptExecutor.java:225)
	at org.flywaydb.core.internal.sqlscript.DefaultSqlScriptExecutor.execute(DefaultSqlScriptExecutor.java:128)
	at org.flywaydb.core.internal.resolver.sql.SqlMigrationExecutor.executeOnce(SqlMigrationExecutor.java:68)
	at org.flywaydb.core.internal.resolver.sql.SqlMigrationExecutor.lambda$execute$0(SqlMigrationExecutor.java:57)
	at org.flywaydb.core.internal.database.DefaultExecutionStrategy.execute(DefaultExecutionStrategy.java:27)
	at org.flywaydb.core.internal.resolver.sql.SqlMigrationExecutor.execute(SqlMigrationExecutor.java:56)
	at org.flywaydb.core.internal.command.DbMigrate.doMigrateGroup(DbMigrate.java:374)
	... 30 common frames omitted
Caused by: org.postgresql.util.PSQLException: ERROR: relation "refresh_tokens" already exists
	at org.postgresql.core.v3.QueryExecutorImpl.receiveErrorResponse(QueryExecutorImpl.java:2712)
	at org.postgresql.core.v3.QueryExecutorImpl.processResults(QueryExecutorImpl.java:2400)
	at org.postgresql.core.v3.QueryExecutorImpl.execute(QueryExecutorImpl.java:367)
	at org.postgresql.jdbc.PgStatement.executeInternal(PgStatement.java:498)
	at org.postgresql.jdbc.PgStatement.execute(PgStatement.java:415)
	at org.postgresql.jdbc.PgStatement.executeWithFlags(PgStatement.java:335)
	at org.postgresql.jdbc.PgStatement.executeCachedSql(PgStatement.java:321)
	at org.postgresql.jdbc.PgStatement.executeWithFlags(PgStatement.java:297)
	at org.postgresql.jdbc.PgStatement.execute(PgStatement.java:292)
	at org.flywaydb.core.internal.jdbc.JdbcTemplate.executeStatement(JdbcTemplate.java:210)
	at org.flywaydb.core.internal.sqlscript.ParsedSqlStatement.execute(ParsedSqlStatement.java:97)
	at org.flywaydb.core.internal.sqlscript.DefaultSqlScriptExecutor.executeStatement(DefaultSqlScriptExecutor.java:213)
	... 36 common frames omitted
2026-03-11 18:32:17.564 [vert.x-eventloop-thread-0] ERROR i.v.c.i.l.c.VertxIsolatedDeployer - Failed in deploying verticle
java.lang.RuntimeException: Database migration failed
	at com.cyberskill.MainVerticle.runDatabaseMigrations(MainVerticle.java:172)
	at com.cyberskill.MainVerticle.start(MainVerticle.java:66)
	at io.vertx.core.impl.DeploymentManager.lambda$doDeploy$5(DeploymentManager.java:210)
	at io.vertx.core.impl.ContextInternal.dispatch(ContextInternal.java:276)
	at io.vertx.core.impl.ContextInternal.dispatch(ContextInternal.java:258)
	at io.vertx.core.impl.ContextInternal.lambda$runOnContext$0(ContextInternal.java:56)
	at io.netty.util.concurrent.AbstractEventExecutor.runTask(AbstractEventExecutor.java:173)
	at io.netty.util.concurrent.AbstractEventExecutor.safeExecute(AbstractEventExecutor.java:166)
	at io.netty.util.concurrent.SingleThreadEventExecutor.runAllTasks(SingleThreadEventExecutor.java:470)
	at io.netty.channel.nio.NioEventLoop.run(NioEventLoop.java:569)
	at io.netty.util.concurrent.SingleThreadEventExecutor$4.run(SingleThreadEventExecutor.java:997)
	at io.netty.util.internal.ThreadExecutorMap$2.run(ThreadExecutorMap.java:74)
	at io.netty.util.concurrent.FastThreadLocalRunnable.run(FastThreadLocalRunnable.java:30)
	at java.base/java.lang.Thread.run(Thread.java:1447)
Caused by: org.flywaydb.core.internal.command.DbMigrate$FlywayMigrateException: Migration V1__Initial_Schema.sql failed
---------------------------------------
SQL State  : 42P07
Error Code : 0
Message    : ERROR: relation "refresh_tokens" already exists
Location   : db/migration/V1__Initial_Schema.sql (C:\Users\I74350754\Documents\GitHub\CyberSkill\cyber-skill-platform\file:\C:\Users\I74350754\Documents\GitHub\CyberSkill\cyber-skill-platform\target\cyberskill-platform-1.0.0-fat.jar!\db\migration\V1__Initial_Schema.sql)
Line       : 33
Statement  : -- Refresh tokens table
CREATE TABLE refresh_tokens (
    id SERIAL PRIMARY KEY,
    user_id INTEGER NOT NULL REFERENCES users(id) ON DELETE CASCADE,
    token VARCHAR(500) UNIQUE NOT NULL,
    expires_at TIMESTAMP NOT NULL,
    created_at TIMESTAMP DEFAULT CURRENT_TIMESTAMP,
    revoked BOOLEAN DEFAULT FALSE
)

	at org.flywaydb.core.internal.command.DbMigrate.doMigrateGroup(DbMigrate.java:382)
	at org.flywaydb.core.internal.command.DbMigrate.lambda$applyMigrations$1(DbMigrate.java:272)
	at org.flywaydb.core.internal.jdbc.TransactionalExecutionTemplate.execute(TransactionalExecutionTemplate.java:55)
	at org.flywaydb.core.internal.command.DbMigrate.applyMigrations(DbMigrate.java:271)
	at org.flywaydb.core.internal.command.DbMigrate.migrateGroup(DbMigrate.java:244)
	at org.flywaydb.core.internal.command.DbMigrate.lambda$migrateAll$0(DbMigrate.java:139)
	at org.flywaydb.database.postgresql.PostgreSQLAdvisoryLockTemplate.execute(PostgreSQLAdvisoryLockTemplate.java:73)
	at org.flywaydb.database.postgresql.PostgreSQLAdvisoryLockTemplate.lambda$execute$0(PostgreSQLAdvisoryLockTemplate.java:56)
	at org.flywaydb.core.internal.jdbc.TransactionalExecutionTemplate.execute(TransactionalExecutionTemplate.java:55)
	at org.flywaydb.database.postgresql.PostgreSQLAdvisoryLockTemplate.execute(PostgreSQLAdvisoryLockTemplate.java:56)
	at org.flywaydb.database.postgresql.PostgreSQLConnection.lock(PostgreSQLConnection.java:96)
	at org.flywaydb.core.internal.schemahistory.JdbcTableSchemaHistory.lock(JdbcTableSchemaHistory.java:144)
	at org.flywaydb.core.internal.command.DbMigrate.migrateAll(DbMigrate.java:139)
	at org.flywaydb.core.internal.command.DbMigrate.migrate(DbMigrate.java:97)
	at org.flywaydb.core.Flyway.lambda$migrate$0(Flyway.java:202)
	at org.flywaydb.core.FlywayExecutor.execute(FlywayExecutor.java:215)
	at org.flywaydb.core.Flyway.migrate(Flyway.java:147)
	at com.cyberskill.MainVerticle.runDatabaseMigrations(MainVerticle.java:168)
	... 13 common frames omitted
Caused by: org.flywaydb.core.internal.sqlscript.FlywaySqlScriptException: Migration V1__Initial_Schema.sql failed
---------------------------------------
SQL State  : 42P07
Error Code : 0
Message    : ERROR: relation "refresh_tokens" already exists
Location   : db/migration/V1__Initial_Schema.sql (C:\Users\I74350754\Documents\GitHub\CyberSkill\cyber-skill-platform\file:\C:\Users\I74350754\Documents\GitHub\CyberSkill\cyber-skill-platform\target\cyberskill-platform-1.0.0-fat.jar!\db\migration\V1__Initial_Schema.sql)
Line       : 33
Statement  : -- Refresh tokens table
CREATE TABLE refresh_tokens (
    id SERIAL PRIMARY KEY,
    user_id INTEGER NOT NULL REFERENCES users(id) ON DELETE CASCADE,
    token VARCHAR(500) UNIQUE NOT NULL,
    expires_at TIMESTAMP NOT NULL,
    created_at TIMESTAMP DEFAULT CURRENT_TIMESTAMP,
    revoked BOOLEAN DEFAULT FALSE
)

	at org.flywaydb.core.internal.sqlscript.DefaultSqlScriptExecutor.handleException(DefaultSqlScriptExecutor.java:270)
	at org.flywaydb.core.internal.sqlscript.DefaultSqlScriptExecutor.executeStatement(DefaultSqlScriptExecutor.java:225)
	at org.flywaydb.core.internal.sqlscript.DefaultSqlScriptExecutor.execute(DefaultSqlScriptExecutor.java:128)
	at org.flywaydb.core.internal.resolver.sql.SqlMigrationExecutor.executeOnce(SqlMigrationExecutor.java:68)
	at org.flywaydb.core.internal.resolver.sql.SqlMigrationExecutor.lambda$execute$0(SqlMigrationExecutor.java:57)
	at org.flywaydb.core.internal.database.DefaultExecutionStrategy.execute(DefaultExecutionStrategy.java:27)
	at org.flywaydb.core.internal.resolver.sql.SqlMigrationExecutor.execute(SqlMigrationExecutor.java:56)
	at org.flywaydb.core.internal.command.DbMigrate.doMigrateGroup(DbMigrate.java:374)
	... 30 common frames omitted
Caused by: org.postgresql.util.PSQLException: ERROR: relation "refresh_tokens" already exists
	at org.postgresql.core.v3.QueryExecutorImpl.receiveErrorResponse(QueryExecutorImpl.java:2712)
	at org.postgresql.core.v3.QueryExecutorImpl.processResults(QueryExecutorImpl.java:2400)
	at org.postgresql.core.v3.QueryExecutorImpl.execute(QueryExecutorImpl.java:367)
	at org.postgresql.jdbc.PgStatement.executeInternal(PgStatement.java:498)
	at org.postgresql.jdbc.PgStatement.execute(PgStatement.java:415)
	at org.postgresql.jdbc.PgStatement.executeWithFlags(PgStatement.java:335)
	at org.postgresql.jdbc.PgStatement.executeCachedSql(PgStatement.java:321)
	at org.postgresql.jdbc.PgStatement.executeWithFlags(PgStatement.java:297)
	at org.postgresql.jdbc.PgStatement.execute(PgStatement.java:292)
	at org.flywaydb.core.internal.jdbc.JdbcTemplate.executeStatement(JdbcTemplate.java:210)
	at org.flywaydb.core.internal.sqlscript.ParsedSqlStatement.execute(ParsedSqlStatement.java:97)
	at org.flywaydb.core.internal.sqlscript.DefaultSqlScriptExecutor.executeStatement(DefaultSqlScriptExecutor.java:213)
	... 36 common frames omitted
2026-03-11 18:35:21.040 [vert.x-eventloop-thread-1] INFO  com.cyberskill.MainVerticle - Starting CyberSkill Platform...
2026-03-11 18:35:21.042 [vert.x-eventloop-thread-1] INFO  com.cyberskill.config.AppConfig - Application properties loaded successfully
2026-03-11 18:35:21.131 [vert.x-eventloop-thread-1] INFO  com.cyberskill.MainVerticle - Running database migrations...
2026-03-11 18:35:21.246 [vert.x-eventloop-thread-1] INFO  o.f.c.i.s.classpath.ClassPathScanner - Flyway OSS Edition 10.4.1 by Redgate
2026-03-11 18:35:21.246 [vert.x-eventloop-thread-1] INFO  o.f.c.i.s.classpath.ClassPathScanner - 
2026-03-11 18:35:21.246 [vert.x-eventloop-thread-1] INFO  o.f.c.i.s.classpath.ClassPathScanner - See release notes here: https://rd.gt/416ObMi
2026-03-11 18:35:21.408 [vert.x-eventloop-thread-1] INFO  org.flywaydb.core.FlywayExecutor - Database: jdbc:postgresql://localhost:5432/cyberskill (PostgreSQL 16.3)
2026-03-11 18:35:21.434 [vert.x-eventloop-thread-1] INFO  o.f.c.i.s.JdbcTableSchemaHistory - Schema history table "public"."flyway_schema_history" does not exist yet
2026-03-11 18:35:21.437 [vert.x-eventloop-thread-1] INFO  o.f.core.internal.command.DbValidate - Successfully validated 2 migrations (execution time 00:00.015s)
2026-03-11 18:35:21.450 [vert.x-eventloop-thread-1] INFO  o.f.c.i.s.JdbcTableSchemaHistory - Creating Schema History table "public"."flyway_schema_history" with baseline ...
2026-03-11 18:35:21.542 [vert.x-eventloop-thread-1] INFO  o.f.core.internal.command.DbBaseline - Successfully baselined schema with version: 0
2026-03-11 18:35:21.594 [vert.x-eventloop-thread-1] INFO  o.f.core.internal.command.DbMigrate - Current version of schema "public": 0
2026-03-11 18:35:21.619 [vert.x-eventloop-thread-1] INFO  o.f.core.internal.command.DbMigrate - Migrating schema "public" to version "1 - Initial Schema"
2026-03-11 18:35:21.627 [vert.x-eventloop-thread-1] WARN  o.f.c.i.s.DefaultSqlScriptExecutor - DB: extension "uuid-ossp" already exists, skipping (SQL State: 42710 - Error Code: 0)
2026-03-11 18:35:22.039 [vert.x-eventloop-thread-1] INFO  o.f.core.internal.command.DbMigrate - Migrating schema "public" to version "2 - Sample Learning Content"
2026-03-11 18:35:22.071 [vert.x-eventloop-thread-1] INFO  o.f.core.internal.command.DbMigrate - Successfully applied 2 migrations to schema "public", now at version v2 (execution time 00:00.430s)
2026-03-11 18:35:22.075 [vert.x-eventloop-thread-1] INFO  com.cyberskill.MainVerticle - ✓ Applied 2 database migration(s)
2026-03-11 18:35:22.076 [vert.x-eventloop-thread-1] INFO  com.cyberskill.MainVerticle - Initializing database connection pool...
2026-03-11 18:35:22.088 [vert.x-eventloop-thread-1] INFO  com.cyberskill.MainVerticle - ✓ Database connection pool initialized
2026-03-11 18:35:22.089 [vert.x-eventloop-thread-1] INFO  com.cyberskill.MainVerticle - Initializing repositories...
2026-03-11 18:35:22.090 [vert.x-eventloop-thread-1] INFO  com.cyberskill.MainVerticle - ✓ Repositories initialized
2026-03-11 18:35:22.090 [vert.x-eventloop-thread-1] INFO  com.cyberskill.MainVerticle - Initializing services...
2026-03-11 18:35:22.091 [vert.x-eventloop-thread-1] INFO  com.cyberskill.MainVerticle - ✓ Services initialized
2026-03-11 18:35:22.091 [vert.x-eventloop-thread-1] INFO  com.cyberskill.MainVerticle - Initializing handlers...
2026-03-11 18:35:22.096 [vert.x-eventloop-thread-1] INFO  com.cyberskill.MainVerticle - ✓ Handlers initialized
2026-03-11 18:35:22.235 [vert.x-eventloop-thread-1] INFO  com.cyberskill.MainVerticle - ✓ CyberSkill Platform started successfully
2026-03-11 18:35:22.235 [vert.x-eventloop-thread-1] INFO  com.cyberskill.MainVerticle - ✓ Server listening on http://0.0.0.0:8080
2026-03-11 18:35:22.236 [vert.x-eventloop-thread-1] INFO  com.cyberskill.MainVerticle - ✓ API available at http://0.0.0.0:8080/api
2026-03-11 18:35:22.236 [vert.x-eventloop-thread-1] INFO  com.cyberskill.MainVerticle - ✓ Admin dashboard at http://0.0.0.0:8080/admin
2026-03-11 18:35:22.236 [vert.x-eventloop-thread-0] INFO  i.v.c.i.l.c.VertxIsolatedDeployer - Succeeded in deploying verticle
2026-03-11 18:35:35.897 [vert.x-eventloop-thread-1] DEBUG com.cyberskill.MainVerticle - GET /
2026-03-11 18:35:36.074 [vert.x-eventloop-thread-1] DEBUG com.cyberskill.MainVerticle - GET /css/styles.css
2026-03-11 18:35:36.082 [vert.x-eventloop-thread-1] DEBUG com.cyberskill.MainVerticle - GET /js/main.js
2026-03-11 18:35:36.158 [vert.x-eventloop-thread-1] DEBUG com.cyberskill.MainVerticle - GET /favicon.ico
2026-03-11 18:35:53.491 [vert.x-eventloop-thread-1] DEBUG com.cyberskill.MainVerticle - GET /register
2026-03-11 18:35:53.525 [vert.x-eventloop-thread-1] DEBUG com.cyberskill.MainVerticle - GET /favicon.ico
2026-03-11 18:36:39.138 [vert.x-eventloop-thread-1] DEBUG com.cyberskill.MainVerticle - GET /
2026-03-11 18:36:39.155 [vert.x-eventloop-thread-1] DEBUG com.cyberskill.MainVerticle - GET /js/main.js
2026-03-11 18:36:40.598 [vert.x-eventloop-thread-1] DEBUG com.cyberskill.MainVerticle - GET /login
2026-03-11 18:36:40.614 [vert.x-eventloop-thread-1] ERROR com.cyberskill.MainVerticle - Internal server error
2026-03-11 18:37:15.953 [vert.x-eventloop-thread-1] INFO  com.cyberskill.MainVerticle - Stopping CyberSkill Platform...
2026-03-11 18:37:15.956 [vert.x-eventloop-thread-1] INFO  com.cyberskill.MainVerticle - ✓ CyberSkill Platform stopped
2026-03-11 18:40:12.705 [vert.x-eventloop-thread-1] INFO  com.cyberskill.MainVerticle - Starting CyberSkill Platform...
2026-03-11 18:40:12.707 [vert.x-eventloop-thread-1] INFO  com.cyberskill.config.AppConfig - Application properties loaded successfully
2026-03-11 18:40:12.804 [vert.x-eventloop-thread-1] INFO  com.cyberskill.MainVerticle - Running database migrations...
2026-03-11 18:40:12.918 [vert.x-eventloop-thread-1] INFO  o.f.c.i.s.classpath.ClassPathScanner - Flyway OSS Edition 10.4.1 by Redgate
2026-03-11 18:40:12.918 [vert.x-eventloop-thread-1] INFO  o.f.c.i.s.classpath.ClassPathScanner - 
2026-03-11 18:40:12.918 [vert.x-eventloop-thread-1] INFO  o.f.c.i.s.classpath.ClassPathScanner - See release notes here: https://rd.gt/416ObMi
2026-03-11 18:40:13.126 [vert.x-eventloop-thread-1] INFO  org.flywaydb.core.FlywayExecutor - Database: jdbc:postgresql://localhost:5432/cyberskill (PostgreSQL 16.3)
2026-03-11 18:40:13.153 [vert.x-eventloop-thread-1] INFO  o.f.c.i.s.JdbcTableSchemaHistory - Schema history table "public"."flyway_schema_history" does not exist yet
2026-03-11 18:40:13.156 [vert.x-eventloop-thread-1] INFO  o.f.core.internal.command.DbValidate - Successfully validated 2 migrations (execution time 00:00.015s)
2026-03-11 18:40:13.194 [vert.x-eventloop-thread-1] INFO  o.f.c.i.s.JdbcTableSchemaHistory - Creating Schema History table "public"."flyway_schema_history" with baseline ...
2026-03-11 18:40:13.333 [vert.x-eventloop-thread-1] INFO  o.f.core.internal.command.DbBaseline - Successfully baselined schema with version: 0
2026-03-11 18:40:13.402 [vert.x-eventloop-thread-1] INFO  o.f.core.internal.command.DbMigrate - Current version of schema "public": 0
2026-03-11 18:40:13.432 [vert.x-eventloop-thread-1] INFO  o.f.core.internal.command.DbMigrate - Migrating schema "public" to version "1 - Initial Schema"
2026-03-11 18:40:13.441 [vert.x-eventloop-thread-1] WARN  o.f.c.i.s.DefaultSqlScriptExecutor - DB: extension "uuid-ossp" already exists, skipping (SQL State: 42710 - Error Code: 0)
2026-03-11 18:40:13.838 [vert.x-eventloop-thread-1] INFO  o.f.core.internal.command.DbMigrate - Migrating schema "public" to version "2 - Sample Learning Content"
2026-03-11 18:40:13.879 [vert.x-eventloop-thread-1] INFO  o.f.core.internal.command.DbMigrate - Successfully applied 2 migrations to schema "public", now at version v2 (execution time 00:00.419s)
2026-03-11 18:40:13.885 [vert.x-eventloop-thread-1] INFO  com.cyberskill.MainVerticle - ✓ Applied 2 database migration(s)
2026-03-11 18:40:13.886 [vert.x-eventloop-thread-1] INFO  com.cyberskill.MainVerticle - Initializing database connection pool...
2026-03-11 18:40:13.903 [vert.x-eventloop-thread-1] INFO  com.cyberskill.MainVerticle - ✓ Database connection pool initialized
2026-03-11 18:40:13.904 [vert.x-eventloop-thread-1] INFO  com.cyberskill.MainVerticle - Initializing repositories...
2026-03-11 18:40:13.905 [vert.x-eventloop-thread-1] INFO  com.cyberskill.MainVerticle - ✓ Repositories initialized
2026-03-11 18:40:13.906 [vert.x-eventloop-thread-1] INFO  com.cyberskill.MainVerticle - Initializing services...
2026-03-11 18:40:13.907 [vert.x-eventloop-thread-1] INFO  com.cyberskill.MainVerticle - ✓ Services initialized
2026-03-11 18:40:13.907 [vert.x-eventloop-thread-1] INFO  com.cyberskill.MainVerticle - Initializing handlers...
2026-03-11 18:40:13.908 [vert.x-eventloop-thread-1] INFO  com.cyberskill.MainVerticle - ✓ Handlers initialized
2026-03-11 18:40:14.086 [vert.x-eventloop-thread-1] INFO  com.cyberskill.MainVerticle - ✓ CyberSkill Platform started successfully
2026-03-11 18:40:14.086 [vert.x-eventloop-thread-1] INFO  com.cyberskill.MainVerticle - ✓ Server listening on http://0.0.0.0:8080
2026-03-11 18:40:14.086 [vert.x-eventloop-thread-1] INFO  com.cyberskill.MainVerticle - ✓ API available at http://0.0.0.0:8080/api
2026-03-11 18:40:14.086 [vert.x-eventloop-thread-1] INFO  com.cyberskill.MainVerticle - ✓ Admin dashboard at http://0.0.0.0:8080/admin
2026-03-11 18:40:14.088 [vert.x-eventloop-thread-0] INFO  i.v.c.i.l.c.VertxIsolatedDeployer - Succeeded in deploying verticle
2026-03-11 18:40:33.966 [vert.x-eventloop-thread-1] DEBUG com.cyberskill.MainVerticle - GET /register
2026-03-11 18:40:33.966 [vert.x-eventloop-thread-1] INFO  com.cyberskill.MainVerticle - 📄 GET /register - Rendering registration page
2026-03-11 18:40:34.017 [vert.x-eventloop-thread-1] ERROR com.cyberskill.MainVerticle - ❌ Register page rendering failed
freemarker.template.TemplateNotFoundException: Template not found for name "templates/register.ftl".
The name was interpreted by this TemplateLoader: io.vertx.ext.web.templ.freemarker.impl.FreeMarkerTemplateLoader@1a36405a.
	at freemarker.template.Configuration.getTemplate(Configuration.java:2957)
	at freemarker.template.Configuration.getTemplate(Configuration.java:2768)
	at io.vertx.ext.web.templ.freemarker.impl.FreeMarkerTemplateEngineImpl.render(FreeMarkerTemplateEngineImpl.java:71)
	at io.vertx.ext.web.common.template.TemplateEngine.render(TemplateEngine.java:88)
	at com.cyberskill.MainVerticle.lambda$setupWebRoutes$6(MainVerticle.java:315)
	at io.vertx.ext.web.impl.RouteState.handleContext(RouteState.java:1285)
	at io.vertx.ext.web.impl.RoutingContextImplBase.iterateNext(RoutingContextImplBase.java:177)
	at io.vertx.ext.web.impl.RoutingContextImpl.next(RoutingContextImpl.java:143)
	at com.cyberskill.MainVerticle.lambda$setupGlobalHandlers$0(MainVerticle.java:251)
	at io.vertx.ext.web.impl.RouteState.handleContext(RouteState.java:1285)
	at io.vertx.ext.web.impl.RoutingContextImplBase.iterateNext(RoutingContextImplBase.java:177)
	at io.vertx.ext.web.impl.RoutingContextImpl.next(RoutingContextImpl.java:143)
	at io.vertx.ext.web.handler.impl.TimeoutHandlerImpl.handle(TimeoutHandlerImpl.java:49)
	at io.vertx.ext.web.handler.impl.TimeoutHandlerImpl.handle(TimeoutHandlerImpl.java:27)
	at io.vertx.ext.web.impl.RouteState.handleContext(RouteState.java:1285)
	at io.vertx.ext.web.impl.RoutingContextImplBase.iterateNext(RoutingContextImplBase.java:177)
	at io.vertx.ext.web.impl.RoutingContextImpl.next(RoutingContextImpl.java:143)
	at io.vertx.ext.web.handler.impl.BodyHandlerImpl.handle(BodyHandlerImpl.java:95)
	at io.vertx.ext.web.handler.impl.BodyHandlerImpl.handle(BodyHandlerImpl.java:45)
	at io.vertx.ext.web.impl.RouteState.handleContext(RouteState.java:1285)
	at io.vertx.ext.web.impl.RoutingContextImplBase.iterateNext(RoutingContextImplBase.java:177)
	at io.vertx.ext.web.impl.RoutingContextImpl.next(RoutingContextImpl.java:143)
	at io.vertx.ext.web.handler.impl.CorsHandlerImpl.handle(CorsHandlerImpl.java:205)
	at io.vertx.ext.web.handler.impl.CorsHandlerImpl.handle(CorsHandlerImpl.java:42)
	at io.vertx.ext.web.impl.RouteState.handleContext(RouteState.java:1285)
	at io.vertx.ext.web.impl.RoutingContextImplBase.iterateNext(RoutingContextImplBase.java:177)
	at io.vertx.ext.web.impl.RoutingContextImpl.next(RoutingContextImpl.java:143)
	at io.vertx.ext.web.impl.RouterImpl.handle(RouterImpl.java:68)
	at io.vertx.ext.web.impl.RouterImpl.handle(RouterImpl.java:37)
	at io.vertx.core.http.impl.Http1xServerRequestHandler.handle(Http1xServerRequestHandler.java:67)
	at io.vertx.core.http.impl.Http1xServerRequestHandler.handle(Http1xServerRequestHandler.java:30)
	at io.vertx.core.impl.ContextImpl.emit(ContextImpl.java:335)
	at io.vertx.core.impl.DuplicatedContext.emit(DuplicatedContext.java:176)
	at io.vertx.core.http.impl.Http1xServerConnection.handleMessage(Http1xServerConnection.java:174)
	at io.vertx.core.net.impl.ConnectionBase.read(ConnectionBase.java:159)
	at io.vertx.core.net.impl.VertxHandler.channelRead(VertxHandler.java:153)
	at io.netty.channel.AbstractChannelHandlerContext.invokeChannelRead(AbstractChannelHandlerContext.java:442)
	at io.netty.channel.AbstractChannelHandlerContext.invokeChannelRead(AbstractChannelHandlerContext.java:420)
	at io.netty.channel.AbstractChannelHandlerContext.fireChannelRead(AbstractChannelHandlerContext.java:412)
	at io.netty.channel.ChannelInboundHandlerAdapter.channelRead(ChannelInboundHandlerAdapter.java:93)
	at io.netty.handler.codec.http.websocketx.extensions.WebSocketServerExtensionHandler.onHttpRequestChannelRead(WebSocketServerExtensionHandler.java:160)
	at io.netty.handler.codec.http.websocketx.extensions.WebSocketServerExtensionHandler.channelRead(WebSocketServerExtensionHandler.java:83)
	at io.netty.channel.AbstractChannelHandlerContext.invokeChannelRead(AbstractChannelHandlerContext.java:442)
	at io.netty.channel.AbstractChannelHandlerContext.invokeChannelRead(AbstractChannelHandlerContext.java:420)
	at io.netty.channel.AbstractChannelHandlerContext.fireChannelRead(AbstractChannelHandlerContext.java:412)
	at io.vertx.core.http.impl.Http1xUpgradeToH2CHandler.channelRead(Http1xUpgradeToH2CHandler.java:124)
	at io.netty.channel.AbstractChannelHandlerContext.invokeChannelRead(AbstractChannelHandlerContext.java:444)
	at io.netty.channel.AbstractChannelHandlerContext.invokeChannelRead(AbstractChannelHandlerContext.java:420)
	at io.netty.channel.AbstractChannelHandlerContext.fireChannelRead(AbstractChannelHandlerContext.java:412)
	at io.netty.handler.timeout.IdleStateHandler.channelRead(IdleStateHandler.java:286)
	at io.netty.channel.AbstractChannelHandlerContext.invokeChannelRead(AbstractChannelHandlerContext.java:442)
	at io.netty.channel.AbstractChannelHandlerContext.invokeChannelRead(AbstractChannelHandlerContext.java:420)
	at io.netty.channel.AbstractChannelHandlerContext.fireChannelRead(AbstractChannelHandlerContext.java:412)
	at io.netty.handler.codec.MessageToMessageDecoder.channelRead(MessageToMessageDecoder.java:103)
	at io.netty.handler.codec.MessageToMessageCodec.channelRead(MessageToMessageCodec.java:111)
	at io.netty.channel.AbstractChannelHandlerContext.invokeChannelRead(AbstractChannelHandlerContext.java:442)
	at io.netty.channel.AbstractChannelHandlerContext.invokeChannelRead(AbstractChannelHandlerContext.java:420)
	at io.netty.channel.AbstractChannelHandlerContext.fireChannelRead(AbstractChannelHandlerContext.java:412)
	at io.netty.handler.codec.ByteToMessageDecoder.fireChannelRead(ByteToMessageDecoder.java:346)
	at io.netty.handler.codec.ByteToMessageDecoder.channelRead(ByteToMessageDecoder.java:318)
	at io.netty.channel.AbstractChannelHandlerContext.invokeChannelRead(AbstractChannelHandlerContext.java:444)
	at io.netty.channel.AbstractChannelHandlerContext.invokeChannelRead(AbstractChannelHandlerContext.java:420)
	at io.netty.channel.AbstractChannelHandlerContext.fireChannelRead(AbstractChannelHandlerContext.java:412)
	at io.vertx.core.http.impl.Http1xOrH2CHandler.end(Http1xOrH2CHandler.java:61)
	at io.vertx.core.http.impl.Http1xOrH2CHandler.channelRead(Http1xOrH2CHandler.java:38)
	at io.netty.channel.AbstractChannelHandlerContext.invokeChannelRead(AbstractChannelHandlerContext.java:444)
	at io.netty.channel.AbstractChannelHandlerContext.invokeChannelRead(AbstractChannelHandlerContext.java:420)
	at io.netty.channel.AbstractChannelHandlerContext.fireChannelRead(AbstractChannelHandlerContext.java:412)
	at io.netty.handler.timeout.IdleStateHandler.channelRead(IdleStateHandler.java:286)
	at io.netty.channel.AbstractChannelHandlerContext.invokeChannelRead(AbstractChannelHandlerContext.java:442)
	at io.netty.channel.AbstractChannelHandlerContext.invokeChannelRead(AbstractChannelHandlerContext.java:420)
	at io.netty.channel.AbstractChannelHandlerContext.fireChannelRead(AbstractChannelHandlerContext.java:412)
	at io.netty.channel.DefaultChannelPipeline$HeadContext.channelRead(DefaultChannelPipeline.java:1410)
	at io.netty.channel.AbstractChannelHandlerContext.invokeChannelRead(AbstractChannelHandlerContext.java:440)
	at io.netty.channel.AbstractChannelHandlerContext.invokeChannelRead(AbstractChannelHandlerContext.java:420)
	at io.netty.channel.DefaultChannelPipeline.fireChannelRead(DefaultChannelPipeline.java:919)
	at io.netty.channel.nio.AbstractNioByteChannel$NioByteUnsafe.read(AbstractNioByteChannel.java:166)
	at io.netty.channel.nio.NioEventLoop.processSelectedKey(NioEventLoop.java:788)
	at io.netty.channel.nio.NioEventLoop.processSelectedKeysOptimized(NioEventLoop.java:724)
	at io.netty.channel.nio.NioEventLoop.processSelectedKeys(NioEventLoop.java:650)
	at io.netty.channel.nio.NioEventLoop.run(NioEventLoop.java:562)
	at io.netty.util.concurrent.SingleThreadEventExecutor$4.run(SingleThreadEventExecutor.java:997)
	at io.netty.util.internal.ThreadExecutorMap$2.run(ThreadExecutorMap.java:74)
	at io.netty.util.concurrent.FastThreadLocalRunnable.run(FastThreadLocalRunnable.java:30)
	at java.base/java.lang.Thread.run(Thread.java:1447)
2026-03-11 18:40:34.022 [vert.x-eventloop-thread-1] ERROR com.cyberskill.MainVerticle - Error details: Template not found for name "templates/register.ftl".
The name was interpreted by this TemplateLoader: io.vertx.ext.web.templ.freemarker.impl.FreeMarkerTemplateLoader@1a36405a.
2026-03-11 18:40:34.023 [vert.x-eventloop-thread-1] ERROR com.cyberskill.MainVerticle - Template path: templates/register.ftl
2026-03-11 18:40:34.023 [vert.x-eventloop-thread-1] ERROR com.cyberskill.MainVerticle - Internal server error
2026-03-11 18:42:21.246 [vert.x-eventloop-thread-1] INFO  com.cyberskill.MainVerticle - Stopping CyberSkill Platform...
2026-03-11 18:42:21.248 [vert.x-eventloop-thread-1] INFO  com.cyberskill.MainVerticle - ✓ CyberSkill Platform stopped
2026-03-11 18:42:50.521 [vert.x-eventloop-thread-1] INFO  com.cyberskill.MainVerticle - Starting CyberSkill Platform...
2026-03-11 18:42:50.524 [vert.x-eventloop-thread-1] INFO  com.cyberskill.config.AppConfig - Application properties loaded successfully
2026-03-11 18:42:50.616 [vert.x-eventloop-thread-1] INFO  com.cyberskill.MainVerticle - Running database migrations...
2026-03-11 18:42:50.720 [vert.x-eventloop-thread-1] INFO  o.f.c.i.s.classpath.ClassPathScanner - Flyway OSS Edition 10.4.1 by Redgate
2026-03-11 18:42:50.720 [vert.x-eventloop-thread-1] INFO  o.f.c.i.s.classpath.ClassPathScanner - 
2026-03-11 18:42:50.720 [vert.x-eventloop-thread-1] INFO  o.f.c.i.s.classpath.ClassPathScanner - See release notes here: https://rd.gt/416ObMi
2026-03-11 18:42:50.882 [vert.x-eventloop-thread-1] INFO  org.flywaydb.core.FlywayExecutor - Database: jdbc:postgresql://localhost:5432/cyberskill (PostgreSQL 16.3)
2026-03-11 18:42:50.921 [vert.x-eventloop-thread-1] INFO  o.f.core.internal.command.DbValidate - Successfully validated 3 migrations (execution time 00:00.023s)
2026-03-11 18:42:50.980 [vert.x-eventloop-thread-1] INFO  o.f.core.internal.command.DbMigrate - Current version of schema "public": 2
2026-03-11 18:42:50.983 [vert.x-eventloop-thread-1] INFO  o.f.core.internal.command.DbMigrate - Schema "public" is up to date. No migration necessary.
2026-03-11 18:42:50.987 [vert.x-eventloop-thread-1] INFO  com.cyberskill.MainVerticle - ✓ Applied 0 database migration(s)
2026-03-11 18:42:50.989 [vert.x-eventloop-thread-1] INFO  com.cyberskill.MainVerticle - Initializing database connection pool...
2026-03-11 18:42:51.002 [vert.x-eventloop-thread-1] INFO  com.cyberskill.MainVerticle - ✓ Database connection pool initialized
2026-03-11 18:42:51.002 [vert.x-eventloop-thread-1] INFO  com.cyberskill.MainVerticle - Initializing repositories...
2026-03-11 18:42:51.003 [vert.x-eventloop-thread-1] INFO  com.cyberskill.MainVerticle - ✓ Repositories initialized
2026-03-11 18:42:51.003 [vert.x-eventloop-thread-1] INFO  com.cyberskill.MainVerticle - Initializing services...
2026-03-11 18:42:51.006 [vert.x-eventloop-thread-1] INFO  com.cyberskill.MainVerticle - ✓ Services initialized
2026-03-11 18:42:51.006 [vert.x-eventloop-thread-1] INFO  com.cyberskill.MainVerticle - Initializing handlers...
2026-03-11 18:42:51.007 [vert.x-eventloop-thread-1] INFO  com.cyberskill.MainVerticle - ✓ Handlers initialized
2026-03-11 18:42:51.205 [vert.x-eventloop-thread-1] INFO  com.cyberskill.MainVerticle - ✓ CyberSkill Platform started successfully
2026-03-11 18:42:51.205 [vert.x-eventloop-thread-1] INFO  com.cyberskill.MainVerticle - ✓ Server listening on http://0.0.0.0:8080
2026-03-11 18:42:51.205 [vert.x-eventloop-thread-1] INFO  com.cyberskill.MainVerticle - ✓ API available at http://0.0.0.0:8080/api
2026-03-11 18:42:51.205 [vert.x-eventloop-thread-1] INFO  com.cyberskill.MainVerticle - ✓ Admin dashboard at http://0.0.0.0:8080/admin
2026-03-11 18:42:51.206 [vert.x-eventloop-thread-0] INFO  i.v.c.i.l.c.VertxIsolatedDeployer - Succeeded in deploying verticle
2026-03-11 18:43:02.006 [vert.x-eventloop-thread-1] DEBUG com.cyberskill.MainVerticle - GET /
2026-03-11 18:43:02.006 [vert.x-eventloop-thread-1] INFO  com.cyberskill.MainVerticle - 📄 GET / - Rendering home page
2026-03-11 18:43:02.099 [vert.x-eventloop-thread-1] INFO  com.cyberskill.MainVerticle - ✅ Home page rendered successfully
2026-03-11 18:43:02.140 [vert.x-eventloop-thread-1] DEBUG com.cyberskill.MainVerticle - GET /js/main.js
2026-03-11 18:43:12.613 [vert.x-eventloop-thread-1] DEBUG com.cyberskill.MainVerticle - GET /login
2026-03-11 18:43:12.613 [vert.x-eventloop-thread-1] INFO  com.cyberskill.MainVerticle - 📄 GET /login - Rendering login page
2026-03-11 18:43:12.636 [vert.x-eventloop-thread-1] ERROR com.cyberskill.MainVerticle - ❌ Login page rendering failed
freemarker.core.ParseException: Syntax error in template "templates/login.ftl" in line 185, column 96:
Found string literal: 'Login failed'. Expecting: boolean (true/false)
	at freemarker.core.FMParser.notStringLiteral(FMParser.java:373)
	at freemarker.core.FMParser.booleanLiteralOnly(FMParser.java:447)
	at freemarker.core.FMParser.OrExpression(FMParser.java:1051)
	at freemarker.core.FMParser.Expression(FMParser.java:552)
	at freemarker.core.FMParser.StringOutput(FMParser.java:1674)
	at freemarker.core.FMParser.MixedContentElements(FMParser.java:3968)
	at freemarker.core.FMParser.Root(FMParser.java:4665)
	at freemarker.template.Template.<init>(Template.java:252)
	at freemarker.cache.TemplateCache.loadTemplate(TemplateCache.java:549)
	at freemarker.cache.TemplateCache.getTemplateInternal(TemplateCache.java:440)
	at freemarker.cache.TemplateCache.getTemplate(TemplateCache.java:293)
	at freemarker.template.Configuration.getTemplate(Configuration.java:2910)
	at freemarker.template.Configuration.getTemplate(Configuration.java:2768)
	at io.vertx.ext.web.templ.freemarker.impl.FreeMarkerTemplateEngineImpl.render(FreeMarkerTemplateEngineImpl.java:71)
	at io.vertx.ext.web.common.template.TemplateEngine.render(TemplateEngine.java:88)
	at com.cyberskill.MainVerticle.lambda$setupWebRoutes$3(MainVerticle.java:298)
	at io.vertx.ext.web.impl.RouteState.handleContext(RouteState.java:1285)
	at io.vertx.ext.web.impl.RoutingContextImplBase.iterateNext(RoutingContextImplBase.java:177)
	at io.vertx.ext.web.impl.RoutingContextImpl.next(RoutingContextImpl.java:143)
	at com.cyberskill.MainVerticle.lambda$setupGlobalHandlers$0(MainVerticle.java:251)
	at io.vertx.ext.web.impl.RouteState.handleContext(RouteState.java:1285)
	at io.vertx.ext.web.impl.RoutingContextImplBase.iterateNext(RoutingContextImplBase.java:177)
	at io.vertx.ext.web.impl.RoutingContextImpl.next(RoutingContextImpl.java:143)
	at io.vertx.ext.web.handler.impl.TimeoutHandlerImpl.handle(TimeoutHandlerImpl.java:49)
	at io.vertx.ext.web.handler.impl.TimeoutHandlerImpl.handle(TimeoutHandlerImpl.java:27)
	at io.vertx.ext.web.impl.RouteState.handleContext(RouteState.java:1285)
	at io.vertx.ext.web.impl.RoutingContextImplBase.iterateNext(RoutingContextImplBase.java:177)
	at io.vertx.ext.web.impl.RoutingContextImpl.next(RoutingContextImpl.java:143)
	at io.vertx.ext.web.handler.impl.BodyHandlerImpl.handle(BodyHandlerImpl.java:95)
	at io.vertx.ext.web.handler.impl.BodyHandlerImpl.handle(BodyHandlerImpl.java:45)
	at io.vertx.ext.web.impl.RouteState.handleContext(RouteState.java:1285)
	at io.vertx.ext.web.impl.RoutingContextImplBase.iterateNext(RoutingContextImplBase.java:177)
	at io.vertx.ext.web.impl.RoutingContextImpl.next(RoutingContextImpl.java:143)
	at io.vertx.ext.web.handler.impl.CorsHandlerImpl.handle(CorsHandlerImpl.java:205)
	at io.vertx.ext.web.handler.impl.CorsHandlerImpl.handle(CorsHandlerImpl.java:42)
	at io.vertx.ext.web.impl.RouteState.handleContext(RouteState.java:1285)
	at io.vertx.ext.web.impl.RoutingContextImplBase.iterateNext(RoutingContextImplBase.java:177)
	at io.vertx.ext.web.impl.RoutingContextImpl.next(RoutingContextImpl.java:143)
	at io.vertx.ext.web.impl.RouterImpl.handle(RouterImpl.java:68)
	at io.vertx.ext.web.impl.RouterImpl.handle(RouterImpl.java:37)
	at io.vertx.core.http.impl.Http1xServerRequestHandler.handle(Http1xServerRequestHandler.java:67)
	at io.vertx.core.http.impl.Http1xServerRequestHandler.handle(Http1xServerRequestHandler.java:30)
	at io.vertx.core.impl.ContextImpl.emit(ContextImpl.java:335)
	at io.vertx.core.impl.DuplicatedContext.emit(DuplicatedContext.java:176)
	at io.vertx.core.http.impl.Http1xServerConnection.handleMessage(Http1xServerConnection.java:174)
	at io.vertx.core.net.impl.ConnectionBase.read(ConnectionBase.java:159)
	at io.vertx.core.net.impl.VertxHandler.channelRead(VertxHandler.java:153)
	at io.netty.channel.AbstractChannelHandlerContext.invokeChannelRead(AbstractChannelHandlerContext.java:442)
	at io.netty.channel.AbstractChannelHandlerContext.invokeChannelRead(AbstractChannelHandlerContext.java:420)
	at io.netty.channel.AbstractChannelHandlerContext.fireChannelRead(AbstractChannelHandlerContext.java:412)
	at io.netty.channel.ChannelInboundHandlerAdapter.channelRead(ChannelInboundHandlerAdapter.java:93)
	at io.netty.handler.codec.http.websocketx.extensions.WebSocketServerExtensionHandler.onHttpRequestChannelRead(WebSocketServerExtensionHandler.java:160)
	at io.netty.handler.codec.http.websocketx.extensions.WebSocketServerExtensionHandler.channelRead(WebSocketServerExtensionHandler.java:83)
	at io.netty.channel.AbstractChannelHandlerContext.invokeChannelRead(AbstractChannelHandlerContext.java:442)
	at io.netty.channel.AbstractChannelHandlerContext.invokeChannelRead(AbstractChannelHandlerContext.java:420)
	at io.netty.channel.AbstractChannelHandlerContext.fireChannelRead(AbstractChannelHandlerContext.java:412)
	at io.netty.handler.timeout.IdleStateHandler.channelRead(IdleStateHandler.java:286)
	at io.netty.channel.AbstractChannelHandlerContext.invokeChannelRead(AbstractChannelHandlerContext.java:442)
	at io.netty.channel.AbstractChannelHandlerContext.invokeChannelRead(AbstractChannelHandlerContext.java:420)
	at io.netty.channel.AbstractChannelHandlerContext.fireChannelRead(AbstractChannelHandlerContext.java:412)
	at io.netty.handler.codec.MessageToMessageDecoder.channelRead(MessageToMessageDecoder.java:103)
	at io.netty.handler.codec.MessageToMessageCodec.channelRead(MessageToMessageCodec.java:111)
	at io.netty.channel.AbstractChannelHandlerContext.invokeChannelRead(AbstractChannelHandlerContext.java:442)
	at io.netty.channel.AbstractChannelHandlerContext.invokeChannelRead(AbstractChannelHandlerContext.java:420)
	at io.netty.channel.AbstractChannelHandlerContext.fireChannelRead(AbstractChannelHandlerContext.java:412)
	at io.netty.handler.codec.ByteToMessageDecoder.fireChannelRead(ByteToMessageDecoder.java:346)
	at io.netty.handler.codec.ByteToMessageDecoder.channelRead(ByteToMessageDecoder.java:318)
	at io.netty.channel.AbstractChannelHandlerContext.invokeChannelRead(AbstractChannelHandlerContext.java:444)
	at io.netty.channel.AbstractChannelHandlerContext.invokeChannelRead(AbstractChannelHandlerContext.java:420)
	at io.netty.channel.AbstractChannelHandlerContext.fireChannelRead(AbstractChannelHandlerContext.java:412)
	at io.netty.channel.DefaultChannelPipeline$HeadContext.channelRead(DefaultChannelPipeline.java:1410)
	at io.netty.channel.AbstractChannelHandlerContext.invokeChannelRead(AbstractChannelHandlerContext.java:440)
	at io.netty.channel.AbstractChannelHandlerContext.invokeChannelRead(AbstractChannelHandlerContext.java:420)
	at io.netty.channel.DefaultChannelPipeline.fireChannelRead(DefaultChannelPipeline.java:919)
	at io.netty.channel.nio.AbstractNioByteChannel$NioByteUnsafe.read(AbstractNioByteChannel.java:166)
	at io.netty.channel.nio.NioEventLoop.processSelectedKey(NioEventLoop.java:788)
	at io.netty.channel.nio.NioEventLoop.processSelectedKeysOptimized(NioEventLoop.java:724)
	at io.netty.channel.nio.NioEventLoop.processSelectedKeys(NioEventLoop.java:650)
	at io.netty.channel.nio.NioEventLoop.run(NioEventLoop.java:562)
	at io.netty.util.concurrent.SingleThreadEventExecutor$4.run(SingleThreadEventExecutor.java:997)
	at io.netty.util.internal.ThreadExecutorMap$2.run(ThreadExecutorMap.java:74)
	at io.netty.util.concurrent.FastThreadLocalRunnable.run(FastThreadLocalRunnable.java:30)
	at java.base/java.lang.Thread.run(Thread.java:1447)
2026-03-11 18:43:12.643 [vert.x-eventloop-thread-1] ERROR com.cyberskill.MainVerticle - Error details: Syntax error in template "templates/login.ftl" in line 185, column 96:
Found string literal: 'Login failed'. Expecting: boolean (true/false)
2026-03-11 18:43:12.643 [vert.x-eventloop-thread-1] ERROR com.cyberskill.MainVerticle - Internal server error
2026-03-11 18:43:44.759 [vert.x-eventloop-thread-1] INFO  com.cyberskill.MainVerticle - Stopping CyberSkill Platform...
2026-03-11 18:43:44.762 [vert.x-eventloop-thread-1] INFO  com.cyberskill.MainVerticle - ✓ CyberSkill Platform stopped
2026-03-11 18:45:20.224 [vert.x-eventloop-thread-1] INFO  com.cyberskill.MainVerticle - Starting CyberSkill Platform...
2026-03-11 18:45:20.226 [vert.x-eventloop-thread-1] INFO  com.cyberskill.config.AppConfig - Application properties loaded successfully
2026-03-11 18:45:20.321 [vert.x-eventloop-thread-1] INFO  com.cyberskill.MainVerticle - Running database migrations...
2026-03-11 18:45:20.438 [vert.x-eventloop-thread-1] INFO  o.f.c.i.s.classpath.ClassPathScanner - Flyway OSS Edition 10.4.1 by Redgate
2026-03-11 18:45:20.439 [vert.x-eventloop-thread-1] INFO  o.f.c.i.s.classpath.ClassPathScanner - 
2026-03-11 18:45:20.439 [vert.x-eventloop-thread-1] INFO  o.f.c.i.s.classpath.ClassPathScanner - See release notes here: https://rd.gt/416ObMi
2026-03-11 18:45:20.690 [vert.x-eventloop-thread-1] INFO  org.flywaydb.core.FlywayExecutor - Database: jdbc:postgresql://localhost:5432/cyberskill (PostgreSQL 16.3)
2026-03-11 18:45:20.746 [vert.x-eventloop-thread-1] INFO  o.f.core.internal.command.DbValidate - Successfully validated 3 migrations (execution time 00:00.037s)
2026-03-11 18:45:20.795 [vert.x-eventloop-thread-1] INFO  o.f.core.internal.command.DbMigrate - Current version of schema "public": 2
2026-03-11 18:45:20.799 [vert.x-eventloop-thread-1] INFO  o.f.core.internal.command.DbMigrate - Schema "public" is up to date. No migration necessary.
2026-03-11 18:45:20.802 [vert.x-eventloop-thread-1] INFO  com.cyberskill.MainVerticle - ✓ Applied 0 database migration(s)
2026-03-11 18:45:20.803 [vert.x-eventloop-thread-1] INFO  com.cyberskill.MainVerticle - Initializing database connection pool...
2026-03-11 18:45:20.818 [vert.x-eventloop-thread-1] INFO  com.cyberskill.MainVerticle - ✓ Database connection pool initialized
2026-03-11 18:45:20.818 [vert.x-eventloop-thread-1] INFO  com.cyberskill.MainVerticle - Initializing repositories...
2026-03-11 18:45:20.819 [vert.x-eventloop-thread-1] INFO  com.cyberskill.MainVerticle - ✓ Repositories initialized
2026-03-11 18:45:20.820 [vert.x-eventloop-thread-1] INFO  com.cyberskill.MainVerticle - Initializing services...
2026-03-11 18:45:20.821 [vert.x-eventloop-thread-1] INFO  com.cyberskill.MainVerticle - ✓ Services initialized
2026-03-11 18:45:20.821 [vert.x-eventloop-thread-1] INFO  com.cyberskill.MainVerticle - Initializing handlers...
2026-03-11 18:45:20.822 [vert.x-eventloop-thread-1] INFO  com.cyberskill.MainVerticle - ✓ Handlers initialized
2026-03-11 18:45:21.021 [vert.x-eventloop-thread-1] INFO  com.cyberskill.MainVerticle - ✓ CyberSkill Platform started successfully
2026-03-11 18:45:21.022 [vert.x-eventloop-thread-1] INFO  com.cyberskill.MainVerticle - ✓ Server listening on http://0.0.0.0:8080
2026-03-11 18:45:21.022 [vert.x-eventloop-thread-1] INFO  com.cyberskill.MainVerticle - ✓ API available at http://0.0.0.0:8080/api
2026-03-11 18:45:21.022 [vert.x-eventloop-thread-1] INFO  com.cyberskill.MainVerticle - ✓ Admin dashboard at http://0.0.0.0:8080/admin
2026-03-11 18:45:21.022 [vert.x-eventloop-thread-0] INFO  i.v.c.i.l.c.VertxIsolatedDeployer - Succeeded in deploying verticle
2026-03-11 18:45:29.943 [vert.x-eventloop-thread-1] DEBUG com.cyberskill.MainVerticle - GET /
2026-03-11 18:45:29.943 [vert.x-eventloop-thread-1] INFO  com.cyberskill.MainVerticle - 📄 GET / - Rendering home page
2026-03-11 18:45:30.013 [vert.x-eventloop-thread-1] INFO  com.cyberskill.MainVerticle - ✅ Home page rendered successfully
2026-03-11 18:45:30.044 [vert.x-eventloop-thread-1] DEBUG com.cyberskill.MainVerticle - GET /js/main.js
2026-03-11 18:45:34.833 [vert.x-eventloop-thread-1] DEBUG com.cyberskill.MainVerticle - GET /api
2026-03-11 18:46:14.914 [vert.x-eventloop-thread-1] DEBUG com.cyberskill.MainVerticle - GET /login
2026-03-11 18:46:14.914 [vert.x-eventloop-thread-1] INFO  com.cyberskill.MainVerticle - 📄 GET /login - Rendering login page
2026-03-11 18:46:14.931 [vert.x-eventloop-thread-1] INFO  com.cyberskill.MainVerticle - ✅ Login page rendered successfully
2026-03-11 18:46:19.817 [vert.x-eventloop-thread-1] DEBUG com.cyberskill.MainVerticle - GET /
2026-03-11 18:46:19.817 [vert.x-eventloop-thread-1] INFO  com.cyberskill.MainVerticle - 📄 GET / - Rendering home page
2026-03-11 18:46:19.819 [vert.x-eventloop-thread-1] INFO  com.cyberskill.MainVerticle - ✅ Home page rendered successfully
2026-03-11 18:46:19.840 [vert.x-eventloop-thread-1] DEBUG com.cyberskill.MainVerticle - GET /js/main.js
2026-03-11 18:46:22.163 [vert.x-eventloop-thread-1] DEBUG com.cyberskill.MainVerticle - GET /login
2026-03-11 18:46:22.164 [vert.x-eventloop-thread-1] INFO  com.cyberskill.MainVerticle - 📄 GET /login - Rendering login page
2026-03-11 18:46:22.164 [vert.x-eventloop-thread-1] INFO  com.cyberskill.MainVerticle - ✅ Login page rendered successfully
2026-03-11 18:46:24.138 [vert.x-eventloop-thread-1] DEBUG com.cyberskill.MainVerticle - GET /register
2026-03-11 18:46:24.138 [vert.x-eventloop-thread-1] INFO  com.cyberskill.MainVerticle - 📄 GET /register - Rendering registration page
2026-03-11 18:46:24.174 [vert.x-eventloop-thread-1] INFO  com.cyberskill.MainVerticle - ✅ Register page rendered successfully
2026-03-11 18:46:56.490 [vert.x-eventloop-thread-1] DEBUG com.cyberskill.MainVerticle - POST /api/auth/register
2026-03-11 18:46:56.494 [vert.x-eventloop-thread-1] INFO  com.cyberskill.handler.AuthHandler - 🔐 POST /api/auth/register - Registration request received
2026-03-11 18:46:56.511 [vert.x-eventloop-thread-1] DEBUG com.cyberskill.handler.AuthHandler - Request body: {
  "username" : "TestUser",
  "email" : "testuser@mail.com",
  "password" : "Password1!"
}
2026-03-11 18:46:56.511 [vert.x-eventloop-thread-1] INFO  com.cyberskill.handler.AuthHandler - Registration attempt for username: TestUser, email: testuser@mail.com
2026-03-11 18:46:56.511 [vert.x-eventloop-thread-1] INFO  com.cyberskill.handler.AuthHandler - Calling authService.register() for user: TestUser
2026-03-11 18:46:56.511 [vert.x-eventloop-thread-1] INFO  com.cyberskill.service.AuthService - Attempting to register user: testuser@mail.com
2026-03-11 18:47:06.803 [vert.x-eventloop-thread-1] ERROR c.c.repository.UserRepository - Error checking email exists: testuser@mail.com
java.lang.NoClassDefFoundError: com/ongres/scram/common/exception/ScramException
	at io.vertx.pgclient.impl.codec.InitCommandCodec.handleAuthenticationSasl(InitCommandCodec.java:60)
	at io.vertx.pgclient.impl.codec.PgDecoder.decodeAuthentication(PgDecoder.java:377)
	at io.vertx.pgclient.impl.codec.PgDecoder.decodeMessage(PgDecoder.java:151)
	at io.vertx.pgclient.impl.codec.PgDecoder.channelRead(PgDecoder.java:123)
	at io.netty.channel.CombinedChannelDuplexHandler.channelRead(CombinedChannelDuplexHandler.java:251)
	at io.netty.channel.AbstractChannelHandlerContext.invokeChannelRead(AbstractChannelHandlerContext.java:442)
	at io.netty.channel.AbstractChannelHandlerContext.invokeChannelRead(AbstractChannelHandlerContext.java:420)
	at io.netty.channel.AbstractChannelHandlerContext.fireChannelRead(AbstractChannelHandlerContext.java:412)
	at io.netty.channel.DefaultChannelPipeline$HeadContext.channelRead(DefaultChannelPipeline.java:1410)
	at io.netty.channel.AbstractChannelHandlerContext.invokeChannelRead(AbstractChannelHandlerContext.java:440)
	at io.netty.channel.AbstractChannelHandlerContext.invokeChannelRead(AbstractChannelHandlerContext.java:420)
	at io.netty.channel.DefaultChannelPipeline.fireChannelRead(DefaultChannelPipeline.java:919)
	at io.netty.channel.nio.AbstractNioByteChannel$NioByteUnsafe.read(AbstractNioByteChannel.java:166)
	at io.netty.channel.nio.NioEventLoop.processSelectedKey(NioEventLoop.java:788)
	at io.netty.channel.nio.NioEventLoop.processSelectedKeysOptimized(NioEventLoop.java:724)
	at io.netty.channel.nio.NioEventLoop.processSelectedKeys(NioEventLoop.java:650)
	at io.netty.channel.nio.NioEventLoop.run(NioEventLoop.java:562)
	at io.netty.util.concurrent.SingleThreadEventExecutor$4.run(SingleThreadEventExecutor.java:997)
	at io.netty.util.internal.ThreadExecutorMap$2.run(ThreadExecutorMap.java:74)
	at io.netty.util.concurrent.FastThreadLocalRunnable.run(FastThreadLocalRunnable.java:30)
	at java.base/java.lang.Thread.run(Thread.java:1447)
Caused by: java.lang.ClassNotFoundException: com.ongres.scram.common.exception.ScramException
	at java.base/jdk.internal.loader.BuiltinClassLoader.loadClass(BuiltinClassLoader.java:580)
	at java.base/java.lang.ClassLoader.loadClass(ClassLoader.java:490)
	... 21 common frames omitted
2026-03-11 18:47:06.805 [vert.x-eventloop-thread-1] ERROR com.cyberskill.service.AuthService - Registration failed for: testuser@mail.com
java.lang.NoClassDefFoundError: com/ongres/scram/common/exception/ScramException
	at io.vertx.pgclient.impl.codec.InitCommandCodec.handleAuthenticationSasl(InitCommandCodec.java:60)
	at io.vertx.pgclient.impl.codec.PgDecoder.decodeAuthentication(PgDecoder.java:377)
	at io.vertx.pgclient.impl.codec.PgDecoder.decodeMessage(PgDecoder.java:151)
	at io.vertx.pgclient.impl.codec.PgDecoder.channelRead(PgDecoder.java:123)
	at io.netty.channel.CombinedChannelDuplexHandler.channelRead(CombinedChannelDuplexHandler.java:251)
	at io.netty.channel.AbstractChannelHandlerContext.invokeChannelRead(AbstractChannelHandlerContext.java:442)
	at io.netty.channel.AbstractChannelHandlerContext.invokeChannelRead(AbstractChannelHandlerContext.java:420)
	at io.netty.channel.AbstractChannelHandlerContext.fireChannelRead(AbstractChannelHandlerContext.java:412)
	at io.netty.channel.DefaultChannelPipeline$HeadContext.channelRead(DefaultChannelPipeline.java:1410)
	at io.netty.channel.AbstractChannelHandlerContext.invokeChannelRead(AbstractChannelHandlerContext.java:440)
	at io.netty.channel.AbstractChannelHandlerContext.invokeChannelRead(AbstractChannelHandlerContext.java:420)
	at io.netty.channel.DefaultChannelPipeline.fireChannelRead(DefaultChannelPipeline.java:919)
	at io.netty.channel.nio.AbstractNioByteChannel$NioByteUnsafe.read(AbstractNioByteChannel.java:166)
	at io.netty.channel.nio.NioEventLoop.processSelectedKey(NioEventLoop.java:788)
	at io.netty.channel.nio.NioEventLoop.processSelectedKeysOptimized(NioEventLoop.java:724)
	at io.netty.channel.nio.NioEventLoop.processSelectedKeys(NioEventLoop.java:650)
	at io.netty.channel.nio.NioEventLoop.run(NioEventLoop.java:562)
	at io.netty.util.concurrent.SingleThreadEventExecutor$4.run(SingleThreadEventExecutor.java:997)
	at io.netty.util.internal.ThreadExecutorMap$2.run(ThreadExecutorMap.java:74)
	at io.netty.util.concurrent.FastThreadLocalRunnable.run(FastThreadLocalRunnable.java:30)
	at java.base/java.lang.Thread.run(Thread.java:1447)
Caused by: java.lang.ClassNotFoundException: com.ongres.scram.common.exception.ScramException
	at java.base/jdk.internal.loader.BuiltinClassLoader.loadClass(BuiltinClassLoader.java:580)
	at java.base/java.lang.ClassLoader.loadClass(ClassLoader.java:490)
	... 21 common frames omitted
2026-03-11 18:47:06.805 [vert.x-eventloop-thread-1] ERROR com.cyberskill.handler.AuthHandler - Registration failed
java.lang.NoClassDefFoundError: com/ongres/scram/common/exception/ScramException
	at io.vertx.pgclient.impl.codec.InitCommandCodec.handleAuthenticationSasl(InitCommandCodec.java:60)
	at io.vertx.pgclient.impl.codec.PgDecoder.decodeAuthentication(PgDecoder.java:377)
	at io.vertx.pgclient.impl.codec.PgDecoder.decodeMessage(PgDecoder.java:151)
	at io.vertx.pgclient.impl.codec.PgDecoder.channelRead(PgDecoder.java:123)
	at io.netty.channel.CombinedChannelDuplexHandler.channelRead(CombinedChannelDuplexHandler.java:251)
	at io.netty.channel.AbstractChannelHandlerContext.invokeChannelRead(AbstractChannelHandlerContext.java:442)
	at io.netty.channel.AbstractChannelHandlerContext.invokeChannelRead(AbstractChannelHandlerContext.java:420)
	at io.netty.channel.AbstractChannelHandlerContext.fireChannelRead(AbstractChannelHandlerContext.java:412)
	at io.netty.channel.DefaultChannelPipeline$HeadContext.channelRead(DefaultChannelPipeline.java:1410)
	at io.netty.channel.AbstractChannelHandlerContext.invokeChannelRead(AbstractChannelHandlerContext.java:440)
	at io.netty.channel.AbstractChannelHandlerContext.invokeChannelRead(AbstractChannelHandlerContext.java:420)
	at io.netty.channel.DefaultChannelPipeline.fireChannelRead(DefaultChannelPipeline.java:919)
	at io.netty.channel.nio.AbstractNioByteChannel$NioByteUnsafe.read(AbstractNioByteChannel.java:166)
	at io.netty.channel.nio.NioEventLoop.processSelectedKey(NioEventLoop.java:788)
	at io.netty.channel.nio.NioEventLoop.processSelectedKeysOptimized(NioEventLoop.java:724)
	at io.netty.channel.nio.NioEventLoop.processSelectedKeys(NioEventLoop.java:650)
	at io.netty.channel.nio.NioEventLoop.run(NioEventLoop.java:562)
	at io.netty.util.concurrent.SingleThreadEventExecutor$4.run(SingleThreadEventExecutor.java:997)
	at io.netty.util.internal.ThreadExecutorMap$2.run(ThreadExecutorMap.java:74)
	at io.netty.util.concurrent.FastThreadLocalRunnable.run(FastThreadLocalRunnable.java:30)
	at java.base/java.lang.Thread.run(Thread.java:1447)
Caused by: java.lang.ClassNotFoundException: com.ongres.scram.common.exception.ScramException
	at java.base/jdk.internal.loader.BuiltinClassLoader.loadClass(BuiltinClassLoader.java:580)
	at java.base/java.lang.ClassLoader.loadClass(ClassLoader.java:490)
	... 21 common frames omitted
2026-03-11 18:47:50.700 [vert.x-eventloop-thread-1] INFO  com.cyberskill.MainVerticle - Stopping CyberSkill Platform...
2026-03-11 18:47:50.705 [vert.x-eventloop-thread-1] INFO  com.cyberskill.MainVerticle - ✓ CyberSkill Platform stopped
2026-03-11 18:48:16.291 [vert.x-eventloop-thread-1] INFO  com.cyberskill.MainVerticle - Starting CyberSkill Platform...
2026-03-11 18:48:16.293 [vert.x-eventloop-thread-1] INFO  com.cyberskill.config.AppConfig - Application properties loaded successfully
2026-03-11 18:48:16.390 [vert.x-eventloop-thread-1] INFO  com.cyberskill.MainVerticle - Running database migrations...
2026-03-11 18:48:16.502 [vert.x-eventloop-thread-1] INFO  o.f.c.i.s.classpath.ClassPathScanner - Flyway OSS Edition 10.4.1 by Redgate
2026-03-11 18:48:16.502 [vert.x-eventloop-thread-1] INFO  o.f.c.i.s.classpath.ClassPathScanner - 
2026-03-11 18:48:16.502 [vert.x-eventloop-thread-1] INFO  o.f.c.i.s.classpath.ClassPathScanner - See release notes here: https://rd.gt/416ObMi
2026-03-11 18:48:16.659 [vert.x-eventloop-thread-1] INFO  org.flywaydb.core.FlywayExecutor - Database: jdbc:postgresql://localhost:5432/cyberskill (PostgreSQL 16.3)
2026-03-11 18:48:16.700 [vert.x-eventloop-thread-1] INFO  o.f.core.internal.command.DbValidate - Successfully validated 3 migrations (execution time 00:00.025s)
2026-03-11 18:48:16.755 [vert.x-eventloop-thread-1] INFO  o.f.core.internal.command.DbMigrate - Current version of schema "public": 2
2026-03-11 18:48:16.758 [vert.x-eventloop-thread-1] INFO  o.f.core.internal.command.DbMigrate - Schema "public" is up to date. No migration necessary.
2026-03-11 18:48:16.765 [vert.x-eventloop-thread-1] INFO  com.cyberskill.MainVerticle - ✓ Applied 0 database migration(s)
2026-03-11 18:48:16.767 [vert.x-eventloop-thread-1] INFO  com.cyberskill.MainVerticle - Initializing database connection pool...
2026-03-11 18:48:16.813 [vert.x-eventloop-thread-1] INFO  com.cyberskill.MainVerticle - ✓ Database connection pool initialized
2026-03-11 18:48:16.815 [vert.x-eventloop-thread-1] INFO  com.cyberskill.MainVerticle - Initializing repositories...
2026-03-11 18:48:16.821 [vert.x-eventloop-thread-1] INFO  com.cyberskill.MainVerticle - ✓ Repositories initialized
2026-03-11 18:48:16.821 [vert.x-eventloop-thread-1] INFO  com.cyberskill.MainVerticle - Initializing services...
2026-03-11 18:48:16.823 [vert.x-eventloop-thread-1] INFO  com.cyberskill.MainVerticle - ✓ Services initialized
2026-03-11 18:48:16.823 [vert.x-eventloop-thread-1] INFO  com.cyberskill.MainVerticle - Initializing handlers...
2026-03-11 18:48:16.825 [vert.x-eventloop-thread-1] INFO  com.cyberskill.MainVerticle - ✓ Handlers initialized
2026-03-11 18:48:17.022 [vert.x-eventloop-thread-1] INFO  com.cyberskill.MainVerticle - ✓ CyberSkill Platform started successfully
2026-03-11 18:48:17.022 [vert.x-eventloop-thread-1] INFO  com.cyberskill.MainVerticle - ✓ Server listening on http://0.0.0.0:8080
2026-03-11 18:48:17.022 [vert.x-eventloop-thread-1] INFO  com.cyberskill.MainVerticle - ✓ API available at http://0.0.0.0:8080/api
2026-03-11 18:48:17.023 [vert.x-eventloop-thread-1] INFO  com.cyberskill.MainVerticle - ✓ Admin dashboard at http://0.0.0.0:8080/admin
2026-03-11 18:48:17.023 [vert.x-eventloop-thread-0] INFO  i.v.c.i.l.c.VertxIsolatedDeployer - Succeeded in deploying verticle
2026-03-11 18:48:21.599 [vert.x-eventloop-thread-1] DEBUG com.cyberskill.MainVerticle - GET /register
2026-03-11 18:48:21.599 [vert.x-eventloop-thread-1] INFO  com.cyberskill.MainVerticle - 📄 GET /register - Rendering registration page
2026-03-11 18:48:21.674 [vert.x-eventloop-thread-1] INFO  com.cyberskill.MainVerticle - ✅ Register page rendered successfully
2026-03-11 18:48:37.289 [vert.x-eventloop-thread-1] DEBUG com.cyberskill.MainVerticle - POST /api/auth/register
2026-03-11 18:48:37.289 [vert.x-eventloop-thread-1] INFO  com.cyberskill.handler.AuthHandler - 🔐 POST /api/auth/register - Registration request received
2026-03-11 18:48:37.301 [vert.x-eventloop-thread-1] DEBUG com.cyberskill.handler.AuthHandler - Request body: {
  "username" : "TestUser",
  "email" : "testuser@mail.com",
  "password" : "Test@123"
}
2026-03-11 18:48:37.301 [vert.x-eventloop-thread-1] INFO  com.cyberskill.handler.AuthHandler - Registration attempt for username: TestUser, email: testuser@mail.com
2026-03-11 18:48:37.301 [vert.x-eventloop-thread-1] INFO  com.cyberskill.handler.AuthHandler - Calling authService.register() for user: TestUser
2026-03-11 18:48:37.301 [vert.x-eventloop-thread-1] INFO  com.cyberskill.service.AuthService - Attempting to register user: testuser@mail.com
2026-03-11 18:48:37.738 [vert.x-eventloop-thread-1] INFO  c.c.repository.UserRepository - Created user: TestUser
2026-03-11 18:48:37.738 [vert.x-eventloop-thread-1] INFO  com.cyberskill.service.AuthService - User registered successfully: testuser@mail.com
2026-03-11 18:48:37.738 [vert.x-eventloop-thread-1] INFO  com.cyberskill.handler.AuthHandler - ✅ Registration successful for user: TestUser
2026-03-11 18:48:39.769 [vert.x-eventloop-thread-1] DEBUG com.cyberskill.MainVerticle - GET /login
2026-03-11 18:48:39.769 [vert.x-eventloop-thread-1] INFO  com.cyberskill.MainVerticle - 📄 GET /login - Rendering login page
2026-03-11 18:48:39.787 [vert.x-eventloop-thread-1] INFO  com.cyberskill.MainVerticle - ✅ Login page rendered successfully
2026-03-11 18:48:58.245 [vert.x-eventloop-thread-1] DEBUG com.cyberskill.MainVerticle - POST /api/auth/login
2026-03-11 18:48:58.245 [vert.x-eventloop-thread-1] INFO  com.cyberskill.service.AuthService - Login attempt for: testuser@mail.com
2026-03-11 18:48:58.507 [vert.x-eventloop-thread-1] INFO  com.cyberskill.service.AuthService - User logged in successfully: testuser@mail.com
2026-03-11 18:48:59.528 [vert.x-eventloop-thread-1] DEBUG com.cyberskill.MainVerticle - GET /dashboard
2026-03-11 18:48:59.528 [vert.x-eventloop-thread-1] INFO  com.cyberskill.MainVerticle - 📄 GET /dashboard - Rendering dashboard
2026-03-11 18:48:59.558 [vert.x-eventloop-thread-1] ERROR com.cyberskill.MainVerticle - ❌ Dashboard rendering failed
freemarker.core.InvalidReferenceException: The following has evaluated to null or missing:
==> accessToken  [in template "templates/dashboard.ftl" at line 170, column 52]

----
Tip: If the failing expression is known to legally refer to something that's sometimes null or missing, either specify a default value like myOptionalVar!myDefault, or use <#if myOptionalVar??>when-present<#else>when-missing</#if>. (These only cover the last step of the expression; to cover the whole expression, use parenthesis: (myOptionalVar.foo)!myDefault, (myOptionalVar.foo)??
----

----
FTL stack trace ("~" means nesting-related):
	- Failed at: ${accessToken}  [in template "templates/dashboard.ftl" at line 170, column 50]
----
	at freemarker.core.InvalidReferenceException.getInstance(InvalidReferenceException.java:134)
	at freemarker.core.EvalUtil.coerceModelToTextualCommon(EvalUtil.java:481)
	at freemarker.core.EvalUtil.coerceModelToStringOrMarkup(EvalUtil.java:401)
	at freemarker.core.EvalUtil.coerceModelToStringOrMarkup(EvalUtil.java:370)
	at freemarker.core.DollarVariable.calculateInterpolatedStringOrMarkup(DollarVariable.java:104)
	at freemarker.core.DollarVariable.accept(DollarVariable.java:63)
	at freemarker.core.Environment.visit(Environment.java:335)
	at freemarker.core.Environment.visit(Environment.java:341)
	at freemarker.core.Environment.process(Environment.java:314)
	at freemarker.template.Template.process(Template.java:383)
	at io.vertx.ext.web.templ.freemarker.impl.FreeMarkerTemplateEngineImpl.render(FreeMarkerTemplateEngineImpl.java:77)
	at io.vertx.ext.web.common.template.TemplateEngine.render(TemplateEngine.java:88)
	at com.cyberskill.MainVerticle.lambda$setupWebRoutes$9(MainVerticle.java:334)
	at io.vertx.ext.web.impl.RouteState.handleContext(RouteState.java:1285)
	at io.vertx.ext.web.impl.RoutingContextImplBase.iterateNext(RoutingContextImplBase.java:177)
	at io.vertx.ext.web.impl.RoutingContextImpl.next(RoutingContextImpl.java:143)
	at com.cyberskill.MainVerticle.lambda$setupGlobalHandlers$0(MainVerticle.java:251)
	at io.vertx.ext.web.impl.RouteState.handleContext(RouteState.java:1285)
	at io.vertx.ext.web.impl.RoutingContextImplBase.iterateNext(RoutingContextImplBase.java:177)
	at io.vertx.ext.web.impl.RoutingContextImpl.next(RoutingContextImpl.java:143)
	at io.vertx.ext.web.handler.impl.TimeoutHandlerImpl.handle(TimeoutHandlerImpl.java:49)
	at io.vertx.ext.web.handler.impl.TimeoutHandlerImpl.handle(TimeoutHandlerImpl.java:27)
	at io.vertx.ext.web.impl.RouteState.handleContext(RouteState.java:1285)
	at io.vertx.ext.web.impl.RoutingContextImplBase.iterateNext(RoutingContextImplBase.java:177)
	at io.vertx.ext.web.impl.RoutingContextImpl.next(RoutingContextImpl.java:143)
	at io.vertx.ext.web.handler.impl.BodyHandlerImpl.handle(BodyHandlerImpl.java:95)
	at io.vertx.ext.web.handler.impl.BodyHandlerImpl.handle(BodyHandlerImpl.java:45)
	at io.vertx.ext.web.impl.RouteState.handleContext(RouteState.java:1285)
	at io.vertx.ext.web.impl.RoutingContextImplBase.iterateNext(RoutingContextImplBase.java:177)
	at io.vertx.ext.web.impl.RoutingContextImpl.next(RoutingContextImpl.java:143)
	at io.vertx.ext.web.handler.impl.CorsHandlerImpl.handle(CorsHandlerImpl.java:205)
	at io.vertx.ext.web.handler.impl.CorsHandlerImpl.handle(CorsHandlerImpl.java:42)
	at io.vertx.ext.web.impl.RouteState.handleContext(RouteState.java:1285)
	at io.vertx.ext.web.impl.RoutingContextImplBase.iterateNext(RoutingContextImplBase.java:177)
	at io.vertx.ext.web.impl.RoutingContextImpl.next(RoutingContextImpl.java:143)
	at io.vertx.ext.web.impl.RouterImpl.handle(RouterImpl.java:68)
	at io.vertx.ext.web.impl.RouterImpl.handle(RouterImpl.java:37)
	at io.vertx.core.http.impl.Http1xServerRequestHandler.handle(Http1xServerRequestHandler.java:67)
	at io.vertx.core.http.impl.Http1xServerRequestHandler.handle(Http1xServerRequestHandler.java:30)
	at io.vertx.core.impl.ContextImpl.emit(ContextImpl.java:335)
	at io.vertx.core.impl.DuplicatedContext.emit(DuplicatedContext.java:176)
	at io.vertx.core.http.impl.Http1xServerConnection.handleMessage(Http1xServerConnection.java:174)
	at io.vertx.core.net.impl.ConnectionBase.read(ConnectionBase.java:159)
	at io.vertx.core.net.impl.VertxHandler.channelRead(VertxHandler.java:153)
	at io.netty.channel.AbstractChannelHandlerContext.invokeChannelRead(AbstractChannelHandlerContext.java:442)
	at io.netty.channel.AbstractChannelHandlerContext.invokeChannelRead(AbstractChannelHandlerContext.java:420)
	at io.netty.channel.AbstractChannelHandlerContext.fireChannelRead(AbstractChannelHandlerContext.java:412)
	at io.netty.channel.ChannelInboundHandlerAdapter.channelRead(ChannelInboundHandlerAdapter.java:93)
	at io.netty.handler.codec.http.websocketx.extensions.WebSocketServerExtensionHandler.onHttpRequestChannelRead(WebSocketServerExtensionHandler.java:160)
	at io.netty.handler.codec.http.websocketx.extensions.WebSocketServerExtensionHandler.channelRead(WebSocketServerExtensionHandler.java:83)
	at io.netty.channel.AbstractChannelHandlerContext.invokeChannelRead(AbstractChannelHandlerContext.java:442)
	at io.netty.channel.AbstractChannelHandlerContext.invokeChannelRead(AbstractChannelHandlerContext.java:420)
	at io.netty.channel.AbstractChannelHandlerContext.fireChannelRead(AbstractChannelHandlerContext.java:412)
	at io.netty.handler.timeout.IdleStateHandler.channelRead(IdleStateHandler.java:286)
	at io.netty.channel.AbstractChannelHandlerContext.invokeChannelRead(AbstractChannelHandlerContext.java:442)
	at io.netty.channel.AbstractChannelHandlerContext.invokeChannelRead(AbstractChannelHandlerContext.java:420)
	at io.netty.channel.AbstractChannelHandlerContext.fireChannelRead(AbstractChannelHandlerContext.java:412)
	at io.netty.handler.codec.MessageToMessageDecoder.channelRead(MessageToMessageDecoder.java:103)
	at io.netty.handler.codec.MessageToMessageCodec.channelRead(MessageToMessageCodec.java:111)
	at io.netty.channel.AbstractChannelHandlerContext.invokeChannelRead(AbstractChannelHandlerContext.java:442)
	at io.netty.channel.AbstractChannelHandlerContext.invokeChannelRead(AbstractChannelHandlerContext.java:420)
	at io.netty.channel.AbstractChannelHandlerContext.fireChannelRead(AbstractChannelHandlerContext.java:412)
	at io.netty.handler.codec.ByteToMessageDecoder.fireChannelRead(ByteToMessageDecoder.java:346)
	at io.netty.handler.codec.ByteToMessageDecoder.channelRead(ByteToMessageDecoder.java:318)
	at io.netty.channel.AbstractChannelHandlerContext.invokeChannelRead(AbstractChannelHandlerContext.java:444)
	at io.netty.channel.AbstractChannelHandlerContext.invokeChannelRead(AbstractChannelHandlerContext.java:420)
	at io.netty.channel.AbstractChannelHandlerContext.fireChannelRead(AbstractChannelHandlerContext.java:412)
	at io.netty.channel.DefaultChannelPipeline$HeadContext.channelRead(DefaultChannelPipeline.java:1410)
	at io.netty.channel.AbstractChannelHandlerContext.invokeChannelRead(AbstractChannelHandlerContext.java:440)
	at io.netty.channel.AbstractChannelHandlerContext.invokeChannelRead(AbstractChannelHandlerContext.java:420)
	at io.netty.channel.DefaultChannelPipeline.fireChannelRead(DefaultChannelPipeline.java:919)
	at io.netty.channel.nio.AbstractNioByteChannel$NioByteUnsafe.read(AbstractNioByteChannel.java:166)
	at io.netty.channel.nio.NioEventLoop.processSelectedKey(NioEventLoop.java:788)
	at io.netty.channel.nio.NioEventLoop.processSelectedKeysOptimized(NioEventLoop.java:724)
	at io.netty.channel.nio.NioEventLoop.processSelectedKeys(NioEventLoop.java:650)
	at io.netty.channel.nio.NioEventLoop.run(NioEventLoop.java:562)
	at io.netty.util.concurrent.SingleThreadEventExecutor$4.run(SingleThreadEventExecutor.java:997)
	at io.netty.util.internal.ThreadExecutorMap$2.run(ThreadExecutorMap.java:74)
	at io.netty.util.concurrent.FastThreadLocalRunnable.run(FastThreadLocalRunnable.java:30)
	at java.base/java.lang.Thread.run(Thread.java:1447)
2026-03-11 18:48:59.558 [vert.x-eventloop-thread-1] ERROR com.cyberskill.MainVerticle - Error details: The following has evaluated to null or missing:
==> accessToken  [in template "templates/dashboard.ftl" at line 170, column 52]

----
Tip: If the failing expression is known to legally refer to something that's sometimes null or missing, either specify a default value like myOptionalVar!myDefault, or use <#if myOptionalVar??>when-present<#else>when-missing</#if>. (These only cover the last step of the expression; to cover the whole expression, use parenthesis: (myOptionalVar.foo)!myDefault, (myOptionalVar.foo)??
----

----
FTL stack trace ("~" means nesting-related):
	- Failed at: ${accessToken}  [in template "templates/dashboard.ftl" at line 170, column 50]
----
2026-03-11 18:48:59.558 [vert.x-eventloop-thread-1] ERROR com.cyberskill.MainVerticle - Internal server error
2026-03-11 18:49:38.997 [vert.x-eventloop-thread-1] INFO  com.cyberskill.MainVerticle - Stopping CyberSkill Platform...
2026-03-11 18:49:39.003 [vert.x-eventloop-thread-1] INFO  com.cyberskill.MainVerticle - ✓ CyberSkill Platform stopped
2026-03-11 18:55:08.167 [vert.x-eventloop-thread-1] INFO  com.cyberskill.MainVerticle - Starting CyberSkill Platform...
2026-03-11 18:55:08.169 [vert.x-eventloop-thread-1] INFO  com.cyberskill.config.AppConfig - Application properties loaded successfully
2026-03-11 18:55:08.257 [vert.x-eventloop-thread-1] INFO  com.cyberskill.MainVerticle - Running database migrations...
2026-03-11 18:55:08.363 [vert.x-eventloop-thread-1] INFO  o.f.c.i.s.classpath.ClassPathScanner - Flyway OSS Edition 10.4.1 by Redgate
2026-03-11 18:55:08.364 [vert.x-eventloop-thread-1] INFO  o.f.c.i.s.classpath.ClassPathScanner - 
2026-03-11 18:55:08.364 [vert.x-eventloop-thread-1] INFO  o.f.c.i.s.classpath.ClassPathScanner - See release notes here: https://rd.gt/416ObMi
2026-03-11 18:55:08.524 [vert.x-eventloop-thread-1] INFO  org.flywaydb.core.FlywayExecutor - Database: jdbc:postgresql://localhost:5432/cyberskill (PostgreSQL 16.3)
2026-03-11 18:55:08.561 [vert.x-eventloop-thread-1] INFO  o.f.core.internal.command.DbValidate - Successfully validated 3 migrations (execution time 00:00.024s)
2026-03-11 18:55:08.623 [vert.x-eventloop-thread-1] INFO  o.f.core.internal.command.DbMigrate - Current version of schema "public": 2
2026-03-11 18:55:08.627 [vert.x-eventloop-thread-1] INFO  o.f.core.internal.command.DbMigrate - Schema "public" is up to date. No migration necessary.
2026-03-11 18:55:08.633 [vert.x-eventloop-thread-1] INFO  com.cyberskill.MainVerticle - ✓ Applied 0 database migration(s)
2026-03-11 18:55:08.635 [vert.x-eventloop-thread-1] INFO  com.cyberskill.MainVerticle - Initializing database connection pool...
2026-03-11 18:55:08.649 [vert.x-eventloop-thread-1] INFO  com.cyberskill.MainVerticle - ✓ Database connection pool initialized
2026-03-11 18:55:08.650 [vert.x-eventloop-thread-1] INFO  com.cyberskill.MainVerticle - Initializing repositories...
2026-03-11 18:55:08.651 [vert.x-eventloop-thread-1] INFO  com.cyberskill.MainVerticle - ✓ Repositories initialized
2026-03-11 18:55:08.652 [vert.x-eventloop-thread-1] INFO  com.cyberskill.MainVerticle - Initializing services...
2026-03-11 18:55:08.654 [vert.x-eventloop-thread-1] INFO  com.cyberskill.MainVerticle - ✓ Services initialized
2026-03-11 18:55:08.654 [vert.x-eventloop-thread-1] INFO  com.cyberskill.MainVerticle - Initializing handlers...
2026-03-11 18:55:08.655 [vert.x-eventloop-thread-1] INFO  com.cyberskill.MainVerticle - ✓ Handlers initialized
2026-03-11 18:55:08.851 [vert.x-eventloop-thread-1] INFO  com.cyberskill.MainVerticle - ✓ CyberSkill Platform started successfully
2026-03-11 18:55:08.852 [vert.x-eventloop-thread-1] INFO  com.cyberskill.MainVerticle - ✓ Server listening on http://0.0.0.0:8080
2026-03-11 18:55:08.852 [vert.x-eventloop-thread-1] INFO  com.cyberskill.MainVerticle - ✓ API available at http://0.0.0.0:8080/api
2026-03-11 18:55:08.852 [vert.x-eventloop-thread-1] INFO  com.cyberskill.MainVerticle - ✓ Admin dashboard at http://0.0.0.0:8080/admin
2026-03-11 18:55:08.853 [vert.x-eventloop-thread-0] INFO  i.v.c.i.l.c.VertxIsolatedDeployer - Succeeded in deploying verticle
2026-03-11 18:55:13.931 [vert.x-eventloop-thread-1] DEBUG com.cyberskill.MainVerticle - POST /api/auth/login
2026-03-11 18:55:13.939 [vert.x-eventloop-thread-1] INFO  com.cyberskill.service.AuthService - Login attempt for: testuser@mail.com
2026-03-11 18:55:14.400 [vert.x-eventloop-thread-1] INFO  com.cyberskill.service.AuthService - User logged in successfully: testuser@mail.com
2026-03-11 18:55:15.436 [vert.x-eventloop-thread-1] DEBUG com.cyberskill.MainVerticle - GET /dashboard
2026-03-11 18:55:15.436 [vert.x-eventloop-thread-1] INFO  com.cyberskill.MainVerticle - 📄 GET /dashboard - Rendering dashboard
2026-03-11 18:55:15.526 [vert.x-eventloop-thread-1] ERROR com.cyberskill.MainVerticle - ❌ Dashboard rendering failed
freemarker.core.InvalidReferenceException: The following has evaluated to null or missing:
==> path  [in template "templates/dashboard.ftl" at line 203, column 31]

----
Tip: If the failing expression is known to legally refer to something that's sometimes null or missing, either specify a default value like myOptionalVar!myDefault, or use <#if myOptionalVar??>when-present<#else>when-missing</#if>. (These only cover the last step of the expression; to cover the whole expression, use parenthesis: (myOptionalVar.foo)!myDefault, (myOptionalVar.foo)??
----

----
FTL stack trace ("~" means nesting-related):
	- Failed at: ${path.name}  [in template "templates/dashboard.ftl" at line 203, column 29]
----
	at freemarker.core.InvalidReferenceException.getInstance(InvalidReferenceException.java:134)
	at freemarker.core.UnexpectedTypeException.newDescriptionBuilder(UnexpectedTypeException.java:85)
	at freemarker.core.UnexpectedTypeException.<init>(UnexpectedTypeException.java:48)
	at freemarker.core.NonHashException.<init>(NonHashException.java:49)
	at freemarker.core.Dot._eval(Dot.java:48)
	at freemarker.core.Expression.eval(Expression.java:101)
	at freemarker.core.DollarVariable.calculateInterpolatedStringOrMarkup(DollarVariable.java:104)
	at freemarker.core.DollarVariable.accept(DollarVariable.java:63)
	at freemarker.core.Environment.visit(Environment.java:335)
	at freemarker.core.Environment.visit(Environment.java:341)
	at freemarker.core.Environment.process(Environment.java:314)
	at freemarker.template.Template.process(Template.java:383)
	at io.vertx.ext.web.templ.freemarker.impl.FreeMarkerTemplateEngineImpl.render(FreeMarkerTemplateEngineImpl.java:77)
	at io.vertx.ext.web.common.template.TemplateEngine.render(TemplateEngine.java:88)
	at com.cyberskill.MainVerticle.lambda$setupWebRoutes$9(MainVerticle.java:334)
	at io.vertx.ext.web.impl.RouteState.handleContext(RouteState.java:1285)
	at io.vertx.ext.web.impl.RoutingContextImplBase.iterateNext(RoutingContextImplBase.java:177)
	at io.vertx.ext.web.impl.RoutingContextImpl.next(RoutingContextImpl.java:143)
	at com.cyberskill.MainVerticle.lambda$setupGlobalHandlers$0(MainVerticle.java:251)
	at io.vertx.ext.web.impl.RouteState.handleContext(RouteState.java:1285)
	at io.vertx.ext.web.impl.RoutingContextImplBase.iterateNext(RoutingContextImplBase.java:177)
	at io.vertx.ext.web.impl.RoutingContextImpl.next(RoutingContextImpl.java:143)
	at io.vertx.ext.web.handler.impl.TimeoutHandlerImpl.handle(TimeoutHandlerImpl.java:49)
	at io.vertx.ext.web.handler.impl.TimeoutHandlerImpl.handle(TimeoutHandlerImpl.java:27)
	at io.vertx.ext.web.impl.RouteState.handleContext(RouteState.java:1285)
	at io.vertx.ext.web.impl.RoutingContextImplBase.iterateNext(RoutingContextImplBase.java:177)
	at io.vertx.ext.web.impl.RoutingContextImpl.next(RoutingContextImpl.java:143)
	at io.vertx.ext.web.handler.impl.BodyHandlerImpl.handle(BodyHandlerImpl.java:95)
	at io.vertx.ext.web.handler.impl.BodyHandlerImpl.handle(BodyHandlerImpl.java:45)
	at io.vertx.ext.web.impl.RouteState.handleContext(RouteState.java:1285)
	at io.vertx.ext.web.impl.RoutingContextImplBase.iterateNext(RoutingContextImplBase.java:177)
	at io.vertx.ext.web.impl.RoutingContextImpl.next(RoutingContextImpl.java:143)
	at io.vertx.ext.web.handler.impl.CorsHandlerImpl.handle(CorsHandlerImpl.java:205)
	at io.vertx.ext.web.handler.impl.CorsHandlerImpl.handle(CorsHandlerImpl.java:42)
	at io.vertx.ext.web.impl.RouteState.handleContext(RouteState.java:1285)
	at io.vertx.ext.web.impl.RoutingContextImplBase.iterateNext(RoutingContextImplBase.java:177)
	at io.vertx.ext.web.impl.RoutingContextImpl.next(RoutingContextImpl.java:143)
	at io.vertx.ext.web.impl.RouterImpl.handle(RouterImpl.java:68)
	at io.vertx.ext.web.impl.RouterImpl.handle(RouterImpl.java:37)
	at io.vertx.core.http.impl.Http1xServerRequestHandler.handle(Http1xServerRequestHandler.java:67)
	at io.vertx.core.http.impl.Http1xServerRequestHandler.handle(Http1xServerRequestHandler.java:30)
	at io.vertx.core.impl.ContextImpl.emit(ContextImpl.java:335)
	at io.vertx.core.impl.DuplicatedContext.emit(DuplicatedContext.java:176)
	at io.vertx.core.http.impl.Http1xServerConnection.handleMessage(Http1xServerConnection.java:174)
	at io.vertx.core.net.impl.ConnectionBase.read(ConnectionBase.java:159)
	at io.vertx.core.net.impl.VertxHandler.channelRead(VertxHandler.java:153)
	at io.netty.channel.AbstractChannelHandlerContext.invokeChannelRead(AbstractChannelHandlerContext.java:442)
	at io.netty.channel.AbstractChannelHandlerContext.invokeChannelRead(AbstractChannelHandlerContext.java:420)
	at io.netty.channel.AbstractChannelHandlerContext.fireChannelRead(AbstractChannelHandlerContext.java:412)
	at io.netty.channel.ChannelInboundHandlerAdapter.channelRead(ChannelInboundHandlerAdapter.java:93)
	at io.netty.handler.codec.http.websocketx.extensions.WebSocketServerExtensionHandler.onHttpRequestChannelRead(WebSocketServerExtensionHandler.java:160)
	at io.netty.handler.codec.http.websocketx.extensions.WebSocketServerExtensionHandler.channelRead(WebSocketServerExtensionHandler.java:83)
	at io.netty.channel.AbstractChannelHandlerContext.invokeChannelRead(AbstractChannelHandlerContext.java:442)
	at io.netty.channel.AbstractChannelHandlerContext.invokeChannelRead(AbstractChannelHandlerContext.java:420)
	at io.netty.channel.AbstractChannelHandlerContext.fireChannelRead(AbstractChannelHandlerContext.java:412)
	at io.netty.handler.timeout.IdleStateHandler.channelRead(IdleStateHandler.java:286)
	at io.netty.channel.AbstractChannelHandlerContext.invokeChannelRead(AbstractChannelHandlerContext.java:442)
	at io.netty.channel.AbstractChannelHandlerContext.invokeChannelRead(AbstractChannelHandlerContext.java:420)
	at io.netty.channel.AbstractChannelHandlerContext.fireChannelRead(AbstractChannelHandlerContext.java:412)
	at io.netty.handler.codec.MessageToMessageDecoder.channelRead(MessageToMessageDecoder.java:103)
	at io.netty.handler.codec.MessageToMessageCodec.channelRead(MessageToMessageCodec.java:111)
	at io.netty.channel.AbstractChannelHandlerContext.invokeChannelRead(AbstractChannelHandlerContext.java:442)
	at io.netty.channel.AbstractChannelHandlerContext.invokeChannelRead(AbstractChannelHandlerContext.java:420)
	at io.netty.channel.AbstractChannelHandlerContext.fireChannelRead(AbstractChannelHandlerContext.java:412)
	at io.netty.handler.codec.ByteToMessageDecoder.fireChannelRead(ByteToMessageDecoder.java:346)
	at io.netty.handler.codec.ByteToMessageDecoder.channelRead(ByteToMessageDecoder.java:318)
	at io.netty.channel.AbstractChannelHandlerContext.invokeChannelRead(AbstractChannelHandlerContext.java:444)
	at io.netty.channel.AbstractChannelHandlerContext.invokeChannelRead(AbstractChannelHandlerContext.java:420)
	at io.netty.channel.AbstractChannelHandlerContext.fireChannelRead(AbstractChannelHandlerContext.java:412)
	at io.netty.channel.DefaultChannelPipeline$HeadContext.channelRead(DefaultChannelPipeline.java:1410)
	at io.netty.channel.AbstractChannelHandlerContext.invokeChannelRead(AbstractChannelHandlerContext.java:440)
	at io.netty.channel.AbstractChannelHandlerContext.invokeChannelRead(AbstractChannelHandlerContext.java:420)
	at io.netty.channel.DefaultChannelPipeline.fireChannelRead(DefaultChannelPipeline.java:919)
	at io.netty.channel.nio.AbstractNioByteChannel$NioByteUnsafe.read(AbstractNioByteChannel.java:166)
	at io.netty.channel.nio.NioEventLoop.processSelectedKey(NioEventLoop.java:788)
	at io.netty.channel.nio.NioEventLoop.processSelectedKeysOptimized(NioEventLoop.java:724)
	at io.netty.channel.nio.NioEventLoop.processSelectedKeys(NioEventLoop.java:650)
	at io.netty.channel.nio.NioEventLoop.run(NioEventLoop.java:562)
	at io.netty.util.concurrent.SingleThreadEventExecutor$4.run(SingleThreadEventExecutor.java:997)
	at io.netty.util.internal.ThreadExecutorMap$2.run(ThreadExecutorMap.java:74)
	at io.netty.util.concurrent.FastThreadLocalRunnable.run(FastThreadLocalRunnable.java:30)
	at java.base/java.lang.Thread.run(Thread.java:1447)
2026-03-11 18:55:15.531 [vert.x-eventloop-thread-1] ERROR com.cyberskill.MainVerticle - Error details: The following has evaluated to null or missing:
==> path  [in template "templates/dashboard.ftl" at line 203, column 31]

----
Tip: If the failing expression is known to legally refer to something that's sometimes null or missing, either specify a default value like myOptionalVar!myDefault, or use <#if myOptionalVar??>when-present<#else>when-missing</#if>. (These only cover the last step of the expression; to cover the whole expression, use parenthesis: (myOptionalVar.foo)!myDefault, (myOptionalVar.foo)??
----

----
FTL stack trace ("~" means nesting-related):
	- Failed at: ${path.name}  [in template "templates/dashboard.ftl" at line 203, column 29]
----
2026-03-11 18:55:15.532 [vert.x-eventloop-thread-1] ERROR com.cyberskill.MainVerticle - Internal server error
2026-03-11 18:55:18.324 [vert.x-eventloop-thread-1] DEBUG com.cyberskill.MainVerticle - GET /dashboard
2026-03-11 18:55:18.324 [vert.x-eventloop-thread-1] INFO  com.cyberskill.MainVerticle - 📄 GET /dashboard - Rendering dashboard
2026-03-11 18:55:18.324 [vert.x-eventloop-thread-1] ERROR com.cyberskill.MainVerticle - ❌ Dashboard rendering failed
freemarker.core.InvalidReferenceException: The following has evaluated to null or missing:
==> path  [in template "templates/dashboard.ftl" at line 203, column 31]

----
Tip: If the failing expression is known to legally refer to something that's sometimes null or missing, either specify a default value like myOptionalVar!myDefault, or use <#if myOptionalVar??>when-present<#else>when-missing</#if>. (These only cover the last step of the expression; to cover the whole expression, use parenthesis: (myOptionalVar.foo)!myDefault, (myOptionalVar.foo)??
----

----
FTL stack trace ("~" means nesting-related):
	- Failed at: ${path.name}  [in template "templates/dashboard.ftl" at line 203, column 29]
----
	at freemarker.core.InvalidReferenceException.getInstance(InvalidReferenceException.java:134)
	at freemarker.core.UnexpectedTypeException.newDescriptionBuilder(UnexpectedTypeException.java:85)
	at freemarker.core.UnexpectedTypeException.<init>(UnexpectedTypeException.java:48)
	at freemarker.core.NonHashException.<init>(NonHashException.java:49)
	at freemarker.core.Dot._eval(Dot.java:48)
	at freemarker.core.Expression.eval(Expression.java:101)
	at freemarker.core.DollarVariable.calculateInterpolatedStringOrMarkup(DollarVariable.java:104)
	at freemarker.core.DollarVariable.accept(DollarVariable.java:63)
	at freemarker.core.Environment.visit(Environment.java:335)
	at freemarker.core.Environment.visit(Environment.java:341)
	at freemarker.core.Environment.process(Environment.java:314)
	at freemarker.template.Template.process(Template.java:383)
	at io.vertx.ext.web.templ.freemarker.impl.FreeMarkerTemplateEngineImpl.render(FreeMarkerTemplateEngineImpl.java:77)
	at io.vertx.ext.web.common.template.TemplateEngine.render(TemplateEngine.java:88)
	at com.cyberskill.MainVerticle.lambda$setupWebRoutes$9(MainVerticle.java:334)
	at io.vertx.ext.web.impl.RouteState.handleContext(RouteState.java:1285)
	at io.vertx.ext.web.impl.RoutingContextImplBase.iterateNext(RoutingContextImplBase.java:177)
	at io.vertx.ext.web.impl.RoutingContextImpl.next(RoutingContextImpl.java:143)
	at com.cyberskill.MainVerticle.lambda$setupGlobalHandlers$0(MainVerticle.java:251)
	at io.vertx.ext.web.impl.RouteState.handleContext(RouteState.java:1285)
	at io.vertx.ext.web.impl.RoutingContextImplBase.iterateNext(RoutingContextImplBase.java:177)
	at io.vertx.ext.web.impl.RoutingContextImpl.next(RoutingContextImpl.java:143)
	at io.vertx.ext.web.handler.impl.TimeoutHandlerImpl.handle(TimeoutHandlerImpl.java:49)
	at io.vertx.ext.web.handler.impl.TimeoutHandlerImpl.handle(TimeoutHandlerImpl.java:27)
	at io.vertx.ext.web.impl.RouteState.handleContext(RouteState.java:1285)
	at io.vertx.ext.web.impl.RoutingContextImplBase.iterateNext(RoutingContextImplBase.java:177)
	at io.vertx.ext.web.impl.RoutingContextImpl.next(RoutingContextImpl.java:143)
	at io.vertx.ext.web.handler.impl.BodyHandlerImpl.handle(BodyHandlerImpl.java:95)
	at io.vertx.ext.web.handler.impl.BodyHandlerImpl.handle(BodyHandlerImpl.java:45)
	at io.vertx.ext.web.impl.RouteState.handleContext(RouteState.java:1285)
	at io.vertx.ext.web.impl.RoutingContextImplBase.iterateNext(RoutingContextImplBase.java:177)
	at io.vertx.ext.web.impl.RoutingContextImpl.next(RoutingContextImpl.java:143)
	at io.vertx.ext.web.handler.impl.CorsHandlerImpl.handle(CorsHandlerImpl.java:205)
	at io.vertx.ext.web.handler.impl.CorsHandlerImpl.handle(CorsHandlerImpl.java:42)
	at io.vertx.ext.web.impl.RouteState.handleContext(RouteState.java:1285)
	at io.vertx.ext.web.impl.RoutingContextImplBase.iterateNext(RoutingContextImplBase.java:177)
	at io.vertx.ext.web.impl.RoutingContextImpl.next(RoutingContextImpl.java:143)
	at io.vertx.ext.web.impl.RouterImpl.handle(RouterImpl.java:68)
	at io.vertx.ext.web.impl.RouterImpl.handle(RouterImpl.java:37)
	at io.vertx.core.http.impl.Http1xServerRequestHandler.handle(Http1xServerRequestHandler.java:67)
	at io.vertx.core.http.impl.Http1xServerRequestHandler.handle(Http1xServerRequestHandler.java:30)
	at io.vertx.core.impl.ContextImpl.emit(ContextImpl.java:335)
	at io.vertx.core.impl.DuplicatedContext.emit(DuplicatedContext.java:176)
	at io.vertx.core.http.impl.Http1xServerConnection.handleMessage(Http1xServerConnection.java:174)
	at io.vertx.core.net.impl.ConnectionBase.read(ConnectionBase.java:159)
	at io.vertx.core.net.impl.VertxHandler.channelRead(VertxHandler.java:153)
	at io.netty.channel.AbstractChannelHandlerContext.invokeChannelRead(AbstractChannelHandlerContext.java:442)
	at io.netty.channel.AbstractChannelHandlerContext.invokeChannelRead(AbstractChannelHandlerContext.java:420)
	at io.netty.channel.AbstractChannelHandlerContext.fireChannelRead(AbstractChannelHandlerContext.java:412)
	at io.netty.channel.ChannelInboundHandlerAdapter.channelRead(ChannelInboundHandlerAdapter.java:93)
	at io.netty.handler.codec.http.websocketx.extensions.WebSocketServerExtensionHandler.onHttpRequestChannelRead(WebSocketServerExtensionHandler.java:160)
	at io.netty.handler.codec.http.websocketx.extensions.WebSocketServerExtensionHandler.channelRead(WebSocketServerExtensionHandler.java:83)
	at io.netty.channel.AbstractChannelHandlerContext.invokeChannelRead(AbstractChannelHandlerContext.java:442)
	at io.netty.channel.AbstractChannelHandlerContext.invokeChannelRead(AbstractChannelHandlerContext.java:420)
	at io.netty.channel.AbstractChannelHandlerContext.fireChannelRead(AbstractChannelHandlerContext.java:412)
	at io.netty.handler.timeout.IdleStateHandler.channelRead(IdleStateHandler.java:286)
	at io.netty.channel.AbstractChannelHandlerContext.invokeChannelRead(AbstractChannelHandlerContext.java:442)
	at io.netty.channel.AbstractChannelHandlerContext.invokeChannelRead(AbstractChannelHandlerContext.java:420)
	at io.netty.channel.AbstractChannelHandlerContext.fireChannelRead(AbstractChannelHandlerContext.java:412)
	at io.netty.handler.codec.MessageToMessageDecoder.channelRead(MessageToMessageDecoder.java:103)
	at io.netty.handler.codec.MessageToMessageCodec.channelRead(MessageToMessageCodec.java:111)
	at io.netty.channel.AbstractChannelHandlerContext.invokeChannelRead(AbstractChannelHandlerContext.java:442)
	at io.netty.channel.AbstractChannelHandlerContext.invokeChannelRead(AbstractChannelHandlerContext.java:420)
	at io.netty.channel.AbstractChannelHandlerContext.fireChannelRead(AbstractChannelHandlerContext.java:412)
	at io.netty.handler.codec.ByteToMessageDecoder.fireChannelRead(ByteToMessageDecoder.java:346)
	at io.netty.handler.codec.ByteToMessageDecoder.channelRead(ByteToMessageDecoder.java:318)
	at io.netty.channel.AbstractChannelHandlerContext.invokeChannelRead(AbstractChannelHandlerContext.java:444)
	at io.netty.channel.AbstractChannelHandlerContext.invokeChannelRead(AbstractChannelHandlerContext.java:420)
	at io.netty.channel.AbstractChannelHandlerContext.fireChannelRead(AbstractChannelHandlerContext.java:412)
	at io.netty.channel.DefaultChannelPipeline$HeadContext.channelRead(DefaultChannelPipeline.java:1410)
	at io.netty.channel.AbstractChannelHandlerContext.invokeChannelRead(AbstractChannelHandlerContext.java:440)
	at io.netty.channel.AbstractChannelHandlerContext.invokeChannelRead(AbstractChannelHandlerContext.java:420)
	at io.netty.channel.DefaultChannelPipeline.fireChannelRead(DefaultChannelPipeline.java:919)
	at io.netty.channel.nio.AbstractNioByteChannel$NioByteUnsafe.read(AbstractNioByteChannel.java:166)
	at io.netty.channel.nio.NioEventLoop.processSelectedKey(NioEventLoop.java:788)
	at io.netty.channel.nio.NioEventLoop.processSelectedKeysOptimized(NioEventLoop.java:724)
	at io.netty.channel.nio.NioEventLoop.processSelectedKeys(NioEventLoop.java:650)
	at io.netty.channel.nio.NioEventLoop.run(NioEventLoop.java:562)
	at io.netty.util.concurrent.SingleThreadEventExecutor$4.run(SingleThreadEventExecutor.java:997)
	at io.netty.util.internal.ThreadExecutorMap$2.run(ThreadExecutorMap.java:74)
	at io.netty.util.concurrent.FastThreadLocalRunnable.run(FastThreadLocalRunnable.java:30)
	at java.base/java.lang.Thread.run(Thread.java:1447)
2026-03-11 18:55:18.330 [vert.x-eventloop-thread-1] ERROR com.cyberskill.MainVerticle - Error details: The following has evaluated to null or missing:
==> path  [in template "templates/dashboard.ftl" at line 203, column 31]

----
Tip: If the failing expression is known to legally refer to something that's sometimes null or missing, either specify a default value like myOptionalVar!myDefault, or use <#if myOptionalVar??>when-present<#else>when-missing</#if>. (These only cover the last step of the expression; to cover the whole expression, use parenthesis: (myOptionalVar.foo)!myDefault, (myOptionalVar.foo)??
----

----
FTL stack trace ("~" means nesting-related):
	- Failed at: ${path.name}  [in template "templates/dashboard.ftl" at line 203, column 29]
----
2026-03-11 18:55:18.332 [vert.x-eventloop-thread-1] ERROR com.cyberskill.MainVerticle - Internal server error
2026-03-11 18:55:27.644 [vert.x-eventloop-thread-1] INFO  com.cyberskill.MainVerticle - Stopping CyberSkill Platform...
2026-03-11 18:55:27.651 [vert.x-eventloop-thread-1] INFO  com.cyberskill.MainVerticle - ✓ CyberSkill Platform stopped
2026-03-11 18:55:41.852 [vert.x-eventloop-thread-1] INFO  com.cyberskill.MainVerticle - Starting CyberSkill Platform...
2026-03-11 18:55:41.854 [vert.x-eventloop-thread-1] INFO  com.cyberskill.config.AppConfig - Application properties loaded successfully
2026-03-11 18:55:41.942 [vert.x-eventloop-thread-1] INFO  com.cyberskill.MainVerticle - Running database migrations...
2026-03-11 18:55:42.064 [vert.x-eventloop-thread-1] INFO  o.f.c.i.s.classpath.ClassPathScanner - Flyway OSS Edition 10.4.1 by Redgate
2026-03-11 18:55:42.065 [vert.x-eventloop-thread-1] INFO  o.f.c.i.s.classpath.ClassPathScanner - 
2026-03-11 18:55:42.065 [vert.x-eventloop-thread-1] INFO  o.f.c.i.s.classpath.ClassPathScanner - See release notes here: https://rd.gt/416ObMi
2026-03-11 18:55:42.286 [vert.x-eventloop-thread-1] INFO  org.flywaydb.core.FlywayExecutor - Database: jdbc:postgresql://localhost:5432/cyberskill (PostgreSQL 16.3)
2026-03-11 18:55:42.322 [vert.x-eventloop-thread-1] INFO  o.f.core.internal.command.DbValidate - Successfully validated 3 migrations (execution time 00:00.022s)
2026-03-11 18:55:42.369 [vert.x-eventloop-thread-1] INFO  o.f.core.internal.command.DbMigrate - Current version of schema "public": 2
2026-03-11 18:55:42.373 [vert.x-eventloop-thread-1] INFO  o.f.core.internal.command.DbMigrate - Schema "public" is up to date. No migration necessary.
2026-03-11 18:55:42.377 [vert.x-eventloop-thread-1] INFO  com.cyberskill.MainVerticle - ✓ Applied 0 database migration(s)
2026-03-11 18:55:42.378 [vert.x-eventloop-thread-1] INFO  com.cyberskill.MainVerticle - Initializing database connection pool...
2026-03-11 18:55:42.391 [vert.x-eventloop-thread-1] INFO  com.cyberskill.MainVerticle - ✓ Database connection pool initialized
2026-03-11 18:55:42.392 [vert.x-eventloop-thread-1] INFO  com.cyberskill.MainVerticle - Initializing repositories...
2026-03-11 18:55:42.393 [vert.x-eventloop-thread-1] INFO  com.cyberskill.MainVerticle - ✓ Repositories initialized
2026-03-11 18:55:42.393 [vert.x-eventloop-thread-1] INFO  com.cyberskill.MainVerticle - Initializing services...
2026-03-11 18:55:42.395 [vert.x-eventloop-thread-1] INFO  com.cyberskill.MainVerticle - ✓ Services initialized
2026-03-11 18:55:42.395 [vert.x-eventloop-thread-1] INFO  com.cyberskill.MainVerticle - Initializing handlers...
2026-03-11 18:55:42.396 [vert.x-eventloop-thread-1] INFO  com.cyberskill.MainVerticle - ✓ Handlers initialized
2026-03-11 18:55:42.565 [vert.x-eventloop-thread-1] INFO  com.cyberskill.MainVerticle - ✓ CyberSkill Platform started successfully
2026-03-11 18:55:42.565 [vert.x-eventloop-thread-1] INFO  com.cyberskill.MainVerticle - ✓ Server listening on http://0.0.0.0:8080
2026-03-11 18:55:42.565 [vert.x-eventloop-thread-1] INFO  com.cyberskill.MainVerticle - ✓ API available at http://0.0.0.0:8080/api
2026-03-11 18:55:42.566 [vert.x-eventloop-thread-1] INFO  com.cyberskill.MainVerticle - ✓ Admin dashboard at http://0.0.0.0:8080/admin
2026-03-11 18:55:42.566 [vert.x-eventloop-thread-0] INFO  i.v.c.i.l.c.VertxIsolatedDeployer - Succeeded in deploying verticle
2026-03-11 18:55:49.919 [vert.x-eventloop-thread-1] DEBUG com.cyberskill.MainVerticle - GET /
2026-03-11 18:55:49.919 [vert.x-eventloop-thread-1] INFO  com.cyberskill.MainVerticle - 📄 GET / - Rendering home page
2026-03-11 18:55:49.983 [vert.x-eventloop-thread-1] INFO  com.cyberskill.MainVerticle - ✅ Home page rendered successfully
2026-03-11 18:55:50.025 [vert.x-eventloop-thread-1] DEBUG com.cyberskill.MainVerticle - GET /js/main.js
2026-03-11 18:55:52.288 [vert.x-eventloop-thread-1] DEBUG com.cyberskill.MainVerticle - GET /login
2026-03-11 18:55:52.289 [vert.x-eventloop-thread-1] INFO  com.cyberskill.MainVerticle - 📄 GET /login - Rendering login page
2026-03-11 18:55:52.302 [vert.x-eventloop-thread-1] INFO  com.cyberskill.MainVerticle - ✅ Login page rendered successfully
2026-03-11 18:56:13.517 [vert.x-eventloop-thread-1] DEBUG com.cyberskill.MainVerticle - POST /api/auth/login
2026-03-11 18:56:13.534 [vert.x-eventloop-thread-1] INFO  com.cyberskill.service.AuthService - Login attempt for: testuser@mail.com
2026-03-11 18:56:14.004 [vert.x-eventloop-thread-1] INFO  com.cyberskill.service.AuthService - User logged in successfully: testuser@mail.com
2026-03-11 18:56:15.022 [vert.x-eventloop-thread-1] DEBUG com.cyberskill.MainVerticle - GET /dashboard
2026-03-11 18:56:15.022 [vert.x-eventloop-thread-1] INFO  com.cyberskill.MainVerticle - 📄 GET /dashboard - Rendering dashboard
2026-03-11 18:56:15.050 [vert.x-eventloop-thread-1] ERROR com.cyberskill.MainVerticle - ❌ Dashboard rendering failed
freemarker.core.InvalidReferenceException: The following has evaluated to null or missing:
==> path  [in template "templates/dashboard.ftl" at line 203, column 31]

----
Tip: If the failing expression is known to legally refer to something that's sometimes null or missing, either specify a default value like myOptionalVar!myDefault, or use <#if myOptionalVar??>when-present<#else>when-missing</#if>. (These only cover the last step of the expression; to cover the whole expression, use parenthesis: (myOptionalVar.foo)!myDefault, (myOptionalVar.foo)??
----

----
FTL stack trace ("~" means nesting-related):
	- Failed at: ${path.name}  [in template "templates/dashboard.ftl" at line 203, column 29]
----
	at freemarker.core.InvalidReferenceException.getInstance(InvalidReferenceException.java:134)
	at freemarker.core.UnexpectedTypeException.newDescriptionBuilder(UnexpectedTypeException.java:85)
	at freemarker.core.UnexpectedTypeException.<init>(UnexpectedTypeException.java:48)
	at freemarker.core.NonHashException.<init>(NonHashException.java:49)
	at freemarker.core.Dot._eval(Dot.java:48)
	at freemarker.core.Expression.eval(Expression.java:101)
	at freemarker.core.DollarVariable.calculateInterpolatedStringOrMarkup(DollarVariable.java:104)
	at freemarker.core.DollarVariable.accept(DollarVariable.java:63)
	at freemarker.core.Environment.visit(Environment.java:335)
	at freemarker.core.Environment.visit(Environment.java:341)
	at freemarker.core.Environment.process(Environment.java:314)
	at freemarker.template.Template.process(Template.java:383)
	at io.vertx.ext.web.templ.freemarker.impl.FreeMarkerTemplateEngineImpl.render(FreeMarkerTemplateEngineImpl.java:77)
	at io.vertx.ext.web.common.template.TemplateEngine.render(TemplateEngine.java:88)
	at com.cyberskill.MainVerticle.lambda$setupWebRoutes$9(MainVerticle.java:334)
	at io.vertx.ext.web.impl.RouteState.handleContext(RouteState.java:1285)
	at io.vertx.ext.web.impl.RoutingContextImplBase.iterateNext(RoutingContextImplBase.java:177)
	at io.vertx.ext.web.impl.RoutingContextImpl.next(RoutingContextImpl.java:143)
	at com.cyberskill.MainVerticle.lambda$setupGlobalHandlers$0(MainVerticle.java:251)
	at io.vertx.ext.web.impl.RouteState.handleContext(RouteState.java:1285)
	at io.vertx.ext.web.impl.RoutingContextImplBase.iterateNext(RoutingContextImplBase.java:177)
	at io.vertx.ext.web.impl.RoutingContextImpl.next(RoutingContextImpl.java:143)
	at io.vertx.ext.web.handler.impl.TimeoutHandlerImpl.handle(TimeoutHandlerImpl.java:49)
	at io.vertx.ext.web.handler.impl.TimeoutHandlerImpl.handle(TimeoutHandlerImpl.java:27)
	at io.vertx.ext.web.impl.RouteState.handleContext(RouteState.java:1285)
	at io.vertx.ext.web.impl.RoutingContextImplBase.iterateNext(RoutingContextImplBase.java:177)
	at io.vertx.ext.web.impl.RoutingContextImpl.next(RoutingContextImpl.java:143)
	at io.vertx.ext.web.handler.impl.BodyHandlerImpl.handle(BodyHandlerImpl.java:95)
	at io.vertx.ext.web.handler.impl.BodyHandlerImpl.handle(BodyHandlerImpl.java:45)
	at io.vertx.ext.web.impl.RouteState.handleContext(RouteState.java:1285)
	at io.vertx.ext.web.impl.RoutingContextImplBase.iterateNext(RoutingContextImplBase.java:177)
	at io.vertx.ext.web.impl.RoutingContextImpl.next(RoutingContextImpl.java:143)
	at io.vertx.ext.web.handler.impl.CorsHandlerImpl.handle(CorsHandlerImpl.java:205)
	at io.vertx.ext.web.handler.impl.CorsHandlerImpl.handle(CorsHandlerImpl.java:42)
	at io.vertx.ext.web.impl.RouteState.handleContext(RouteState.java:1285)
	at io.vertx.ext.web.impl.RoutingContextImplBase.iterateNext(RoutingContextImplBase.java:177)
	at io.vertx.ext.web.impl.RoutingContextImpl.next(RoutingContextImpl.java:143)
	at io.vertx.ext.web.impl.RouterImpl.handle(RouterImpl.java:68)
	at io.vertx.ext.web.impl.RouterImpl.handle(RouterImpl.java:37)
	at io.vertx.core.http.impl.Http1xServerRequestHandler.handle(Http1xServerRequestHandler.java:67)
	at io.vertx.core.http.impl.Http1xServerRequestHandler.handle(Http1xServerRequestHandler.java:30)
	at io.vertx.core.impl.ContextImpl.emit(ContextImpl.java:335)
	at io.vertx.core.impl.DuplicatedContext.emit(DuplicatedContext.java:176)
	at io.vertx.core.http.impl.Http1xServerConnection.handleMessage(Http1xServerConnection.java:174)
	at io.vertx.core.net.impl.ConnectionBase.read(ConnectionBase.java:159)
	at io.vertx.core.net.impl.VertxHandler.channelRead(VertxHandler.java:153)
	at io.netty.channel.AbstractChannelHandlerContext.invokeChannelRead(AbstractChannelHandlerContext.java:442)
	at io.netty.channel.AbstractChannelHandlerContext.invokeChannelRead(AbstractChannelHandlerContext.java:420)
	at io.netty.channel.AbstractChannelHandlerContext.fireChannelRead(AbstractChannelHandlerContext.java:412)
	at io.netty.channel.ChannelInboundHandlerAdapter.channelRead(ChannelInboundHandlerAdapter.java:93)
	at io.netty.handler.codec.http.websocketx.extensions.WebSocketServerExtensionHandler.onHttpRequestChannelRead(WebSocketServerExtensionHandler.java:160)
	at io.netty.handler.codec.http.websocketx.extensions.WebSocketServerExtensionHandler.channelRead(WebSocketServerExtensionHandler.java:83)
	at io.netty.channel.AbstractChannelHandlerContext.invokeChannelRead(AbstractChannelHandlerContext.java:442)
	at io.netty.channel.AbstractChannelHandlerContext.invokeChannelRead(AbstractChannelHandlerContext.java:420)
	at io.netty.channel.AbstractChannelHandlerContext.fireChannelRead(AbstractChannelHandlerContext.java:412)
	at io.netty.handler.timeout.IdleStateHandler.channelRead(IdleStateHandler.java:286)
	at io.netty.channel.AbstractChannelHandlerContext.invokeChannelRead(AbstractChannelHandlerContext.java:442)
	at io.netty.channel.AbstractChannelHandlerContext.invokeChannelRead(AbstractChannelHandlerContext.java:420)
	at io.netty.channel.AbstractChannelHandlerContext.fireChannelRead(AbstractChannelHandlerContext.java:412)
	at io.netty.handler.codec.MessageToMessageDecoder.channelRead(MessageToMessageDecoder.java:103)
	at io.netty.handler.codec.MessageToMessageCodec.channelRead(MessageToMessageCodec.java:111)
	at io.netty.channel.AbstractChannelHandlerContext.invokeChannelRead(AbstractChannelHandlerContext.java:442)
	at io.netty.channel.AbstractChannelHandlerContext.invokeChannelRead(AbstractChannelHandlerContext.java:420)
	at io.netty.channel.AbstractChannelHandlerContext.fireChannelRead(AbstractChannelHandlerContext.java:412)
	at io.netty.handler.codec.ByteToMessageDecoder.fireChannelRead(ByteToMessageDecoder.java:346)
	at io.netty.handler.codec.ByteToMessageDecoder.channelRead(ByteToMessageDecoder.java:318)
	at io.netty.channel.AbstractChannelHandlerContext.invokeChannelRead(AbstractChannelHandlerContext.java:444)
	at io.netty.channel.AbstractChannelHandlerContext.invokeChannelRead(AbstractChannelHandlerContext.java:420)
	at io.netty.channel.AbstractChannelHandlerContext.fireChannelRead(AbstractChannelHandlerContext.java:412)
	at io.netty.channel.DefaultChannelPipeline$HeadContext.channelRead(DefaultChannelPipeline.java:1410)
	at io.netty.channel.AbstractChannelHandlerContext.invokeChannelRead(AbstractChannelHandlerContext.java:440)
	at io.netty.channel.AbstractChannelHandlerContext.invokeChannelRead(AbstractChannelHandlerContext.java:420)
	at io.netty.channel.DefaultChannelPipeline.fireChannelRead(DefaultChannelPipeline.java:919)
	at io.netty.channel.nio.AbstractNioByteChannel$NioByteUnsafe.read(AbstractNioByteChannel.java:166)
	at io.netty.channel.nio.NioEventLoop.processSelectedKey(NioEventLoop.java:788)
	at io.netty.channel.nio.NioEventLoop.processSelectedKeysOptimized(NioEventLoop.java:724)
	at io.netty.channel.nio.NioEventLoop.processSelectedKeys(NioEventLoop.java:650)
	at io.netty.channel.nio.NioEventLoop.run(NioEventLoop.java:562)
	at io.netty.util.concurrent.SingleThreadEventExecutor$4.run(SingleThreadEventExecutor.java:997)
	at io.netty.util.internal.ThreadExecutorMap$2.run(ThreadExecutorMap.java:74)
	at io.netty.util.concurrent.FastThreadLocalRunnable.run(FastThreadLocalRunnable.java:30)
	at java.base/java.lang.Thread.run(Thread.java:1447)
2026-03-11 18:56:15.052 [vert.x-eventloop-thread-1] ERROR com.cyberskill.MainVerticle - Error details: The following has evaluated to null or missing:
==> path  [in template "templates/dashboard.ftl" at line 203, column 31]

----
Tip: If the failing expression is known to legally refer to something that's sometimes null or missing, either specify a default value like myOptionalVar!myDefault, or use <#if myOptionalVar??>when-present<#else>when-missing</#if>. (These only cover the last step of the expression; to cover the whole expression, use parenthesis: (myOptionalVar.foo)!myDefault, (myOptionalVar.foo)??
----

----
FTL stack trace ("~" means nesting-related):
	- Failed at: ${path.name}  [in template "templates/dashboard.ftl" at line 203, column 29]
----
2026-03-11 18:56:15.052 [vert.x-eventloop-thread-1] ERROR com.cyberskill.MainVerticle - Internal server error
2026-03-11 18:56:49.507 [vert.x-eventloop-thread-1] INFO  com.cyberskill.MainVerticle - Stopping CyberSkill Platform...
2026-03-11 18:56:49.512 [vert.x-eventloop-thread-1] INFO  com.cyberskill.MainVerticle - ✓ CyberSkill Platform stopped
2026-03-11 18:57:28.162 [vert.x-eventloop-thread-1] INFO  com.cyberskill.MainVerticle - Starting CyberSkill Platform...
2026-03-11 18:57:28.166 [vert.x-eventloop-thread-1] INFO  com.cyberskill.config.AppConfig - Application properties loaded successfully
2026-03-11 18:57:28.267 [vert.x-eventloop-thread-1] INFO  com.cyberskill.MainVerticle - Running database migrations...
2026-03-11 18:57:28.371 [vert.x-eventloop-thread-1] INFO  o.f.c.i.s.classpath.ClassPathScanner - Flyway OSS Edition 10.4.1 by Redgate
2026-03-11 18:57:28.371 [vert.x-eventloop-thread-1] INFO  o.f.c.i.s.classpath.ClassPathScanner - 
2026-03-11 18:57:28.371 [vert.x-eventloop-thread-1] INFO  o.f.c.i.s.classpath.ClassPathScanner - See release notes here: https://rd.gt/416ObMi
2026-03-11 18:57:28.529 [vert.x-eventloop-thread-1] INFO  org.flywaydb.core.FlywayExecutor - Database: jdbc:postgresql://localhost:5432/cyberskill (PostgreSQL 16.3)
2026-03-11 18:57:28.563 [vert.x-eventloop-thread-1] INFO  o.f.core.internal.command.DbValidate - Successfully validated 3 migrations (execution time 00:00.020s)
2026-03-11 18:57:28.613 [vert.x-eventloop-thread-1] INFO  o.f.core.internal.command.DbMigrate - Current version of schema "public": 2
2026-03-11 18:57:28.616 [vert.x-eventloop-thread-1] INFO  o.f.core.internal.command.DbMigrate - Schema "public" is up to date. No migration necessary.
2026-03-11 18:57:28.622 [vert.x-eventloop-thread-1] INFO  com.cyberskill.MainVerticle - ✓ Applied 0 database migration(s)
2026-03-11 18:57:28.623 [vert.x-eventloop-thread-1] INFO  com.cyberskill.MainVerticle - Initializing database connection pool...
2026-03-11 18:57:28.640 [vert.x-eventloop-thread-1] INFO  com.cyberskill.MainVerticle - ✓ Database connection pool initialized
2026-03-11 18:57:28.641 [vert.x-eventloop-thread-1] INFO  com.cyberskill.MainVerticle - Initializing repositories...
2026-03-11 18:57:28.643 [vert.x-eventloop-thread-1] INFO  com.cyberskill.MainVerticle - ✓ Repositories initialized
2026-03-11 18:57:28.644 [vert.x-eventloop-thread-1] INFO  com.cyberskill.MainVerticle - Initializing services...
2026-03-11 18:57:28.645 [vert.x-eventloop-thread-1] INFO  com.cyberskill.MainVerticle - ✓ Services initialized
2026-03-11 18:57:28.647 [vert.x-eventloop-thread-1] INFO  com.cyberskill.MainVerticle - Initializing handlers...
2026-03-11 18:57:28.649 [vert.x-eventloop-thread-1] INFO  com.cyberskill.MainVerticle - ✓ Handlers initialized
2026-03-11 18:57:28.847 [vert.x-eventloop-thread-1] INFO  com.cyberskill.MainVerticle - ✓ CyberSkill Platform started successfully
2026-03-11 18:57:28.847 [vert.x-eventloop-thread-1] INFO  com.cyberskill.MainVerticle - ✓ Server listening on http://0.0.0.0:8080
2026-03-11 18:57:28.848 [vert.x-eventloop-thread-1] INFO  com.cyberskill.MainVerticle - ✓ API available at http://0.0.0.0:8080/api
2026-03-11 18:57:28.848 [vert.x-eventloop-thread-1] INFO  com.cyberskill.MainVerticle - ✓ Admin dashboard at http://0.0.0.0:8080/admin
2026-03-11 18:57:28.848 [vert.x-eventloop-thread-0] INFO  i.v.c.i.l.c.VertxIsolatedDeployer - Succeeded in deploying verticle
2026-03-11 18:57:35.150 [vert.x-eventloop-thread-1] DEBUG com.cyberskill.MainVerticle - GET /
2026-03-11 18:57:35.150 [vert.x-eventloop-thread-1] INFO  com.cyberskill.MainVerticle - 📄 GET / - Rendering home page
2026-03-11 18:57:35.218 [vert.x-eventloop-thread-1] INFO  com.cyberskill.MainVerticle - ✅ Home page rendered successfully
2026-03-11 18:57:35.273 [vert.x-eventloop-thread-1] DEBUG com.cyberskill.MainVerticle - GET /js/main.js
2026-03-11 18:57:37.024 [vert.x-eventloop-thread-1] DEBUG com.cyberskill.MainVerticle - GET /login
2026-03-11 18:57:37.024 [vert.x-eventloop-thread-1] INFO  com.cyberskill.MainVerticle - 📄 GET /login - Rendering login page
2026-03-11 18:57:37.044 [vert.x-eventloop-thread-1] INFO  com.cyberskill.MainVerticle - ✅ Login page rendered successfully
2026-03-11 18:57:51.939 [vert.x-eventloop-thread-1] DEBUG com.cyberskill.MainVerticle - POST /api/auth/login
2026-03-11 18:57:51.954 [vert.x-eventloop-thread-1] INFO  com.cyberskill.service.AuthService - Login attempt for: testuser@mail.com
2026-03-11 18:57:52.486 [vert.x-eventloop-thread-1] INFO  com.cyberskill.service.AuthService - User logged in successfully: testuser@mail.com
2026-03-11 18:57:53.507 [vert.x-eventloop-thread-1] DEBUG com.cyberskill.MainVerticle - GET /dashboard
2026-03-11 18:57:53.507 [vert.x-eventloop-thread-1] INFO  com.cyberskill.MainVerticle - 📄 GET /dashboard - Rendering dashboard
2026-03-11 18:57:53.534 [vert.x-eventloop-thread-1] ERROR com.cyberskill.MainVerticle - ❌ Dashboard rendering failed
freemarker.core.InvalidReferenceException: The following has evaluated to null or missing:
==> path  [in template "templates/dashboard.ftl" at line 203, column 32]

----
Tip: If the failing expression is known to legally refer to something that's sometimes null or missing, either specify a default value like myOptionalVar!myDefault, or use <#if myOptionalVar??>when-present<#else>when-missing</#if>. (These only cover the last step of the expression; to cover the whole expression, use parenthesis: (myOptionalVar.foo)!myDefault, (myOptionalVar.foo)??
----

----
FTL stack trace ("~" means nesting-related):
	- Failed at: ${path.name}  [in template "templates/dashboard.ftl" at line 203, column 30]
----
	at freemarker.core.InvalidReferenceException.getInstance(InvalidReferenceException.java:134)
	at freemarker.core.UnexpectedTypeException.newDescriptionBuilder(UnexpectedTypeException.java:85)
	at freemarker.core.UnexpectedTypeException.<init>(UnexpectedTypeException.java:48)
	at freemarker.core.NonHashException.<init>(NonHashException.java:49)
	at freemarker.core.Dot._eval(Dot.java:48)
	at freemarker.core.Expression.eval(Expression.java:101)
	at freemarker.core.DollarVariable.calculateInterpolatedStringOrMarkup(DollarVariable.java:104)
	at freemarker.core.DollarVariable.accept(DollarVariable.java:63)
	at freemarker.core.Environment.visit(Environment.java:335)
	at freemarker.core.Environment.visit(Environment.java:341)
	at freemarker.core.Environment.process(Environment.java:314)
	at freemarker.template.Template.process(Template.java:383)
	at io.vertx.ext.web.templ.freemarker.impl.FreeMarkerTemplateEngineImpl.render(FreeMarkerTemplateEngineImpl.java:77)
	at io.vertx.ext.web.common.template.TemplateEngine.render(TemplateEngine.java:88)
	at com.cyberskill.MainVerticle.lambda$setupWebRoutes$9(MainVerticle.java:334)
	at io.vertx.ext.web.impl.RouteState.handleContext(RouteState.java:1285)
	at io.vertx.ext.web.impl.RoutingContextImplBase.iterateNext(RoutingContextImplBase.java:177)
	at io.vertx.ext.web.impl.RoutingContextImpl.next(RoutingContextImpl.java:143)
	at com.cyberskill.MainVerticle.lambda$setupGlobalHandlers$0(MainVerticle.java:251)
	at io.vertx.ext.web.impl.RouteState.handleContext(RouteState.java:1285)
	at io.vertx.ext.web.impl.RoutingContextImplBase.iterateNext(RoutingContextImplBase.java:177)
	at io.vertx.ext.web.impl.RoutingContextImpl.next(RoutingContextImpl.java:143)
	at io.vertx.ext.web.handler.impl.TimeoutHandlerImpl.handle(TimeoutHandlerImpl.java:49)
	at io.vertx.ext.web.handler.impl.TimeoutHandlerImpl.handle(TimeoutHandlerImpl.java:27)
	at io.vertx.ext.web.impl.RouteState.handleContext(RouteState.java:1285)
	at io.vertx.ext.web.impl.RoutingContextImplBase.iterateNext(RoutingContextImplBase.java:177)
	at io.vertx.ext.web.impl.RoutingContextImpl.next(RoutingContextImpl.java:143)
	at io.vertx.ext.web.handler.impl.BodyHandlerImpl.handle(BodyHandlerImpl.java:95)
	at io.vertx.ext.web.handler.impl.BodyHandlerImpl.handle(BodyHandlerImpl.java:45)
	at io.vertx.ext.web.impl.RouteState.handleContext(RouteState.java:1285)
	at io.vertx.ext.web.impl.RoutingContextImplBase.iterateNext(RoutingContextImplBase.java:177)
	at io.vertx.ext.web.impl.RoutingContextImpl.next(RoutingContextImpl.java:143)
	at io.vertx.ext.web.handler.impl.CorsHandlerImpl.handle(CorsHandlerImpl.java:205)
	at io.vertx.ext.web.handler.impl.CorsHandlerImpl.handle(CorsHandlerImpl.java:42)
	at io.vertx.ext.web.impl.RouteState.handleContext(RouteState.java:1285)
	at io.vertx.ext.web.impl.RoutingContextImplBase.iterateNext(RoutingContextImplBase.java:177)
	at io.vertx.ext.web.impl.RoutingContextImpl.next(RoutingContextImpl.java:143)
	at io.vertx.ext.web.impl.RouterImpl.handle(RouterImpl.java:68)
	at io.vertx.ext.web.impl.RouterImpl.handle(RouterImpl.java:37)
	at io.vertx.core.http.impl.Http1xServerRequestHandler.handle(Http1xServerRequestHandler.java:67)
	at io.vertx.core.http.impl.Http1xServerRequestHandler.handle(Http1xServerRequestHandler.java:30)
	at io.vertx.core.impl.ContextImpl.emit(ContextImpl.java:335)
	at io.vertx.core.impl.DuplicatedContext.emit(DuplicatedContext.java:176)
	at io.vertx.core.http.impl.Http1xServerConnection.handleMessage(Http1xServerConnection.java:174)
	at io.vertx.core.net.impl.ConnectionBase.read(ConnectionBase.java:159)
	at io.vertx.core.net.impl.VertxHandler.channelRead(VertxHandler.java:153)
	at io.netty.channel.AbstractChannelHandlerContext.invokeChannelRead(AbstractChannelHandlerContext.java:442)
	at io.netty.channel.AbstractChannelHandlerContext.invokeChannelRead(AbstractChannelHandlerContext.java:420)
	at io.netty.channel.AbstractChannelHandlerContext.fireChannelRead(AbstractChannelHandlerContext.java:412)
	at io.netty.channel.ChannelInboundHandlerAdapter.channelRead(ChannelInboundHandlerAdapter.java:93)
	at io.netty.handler.codec.http.websocketx.extensions.WebSocketServerExtensionHandler.onHttpRequestChannelRead(WebSocketServerExtensionHandler.java:160)
	at io.netty.handler.codec.http.websocketx.extensions.WebSocketServerExtensionHandler.channelRead(WebSocketServerExtensionHandler.java:83)
	at io.netty.channel.AbstractChannelHandlerContext.invokeChannelRead(AbstractChannelHandlerContext.java:442)
	at io.netty.channel.AbstractChannelHandlerContext.invokeChannelRead(AbstractChannelHandlerContext.java:420)
	at io.netty.channel.AbstractChannelHandlerContext.fireChannelRead(AbstractChannelHandlerContext.java:412)
	at io.netty.handler.timeout.IdleStateHandler.channelRead(IdleStateHandler.java:286)
	at io.netty.channel.AbstractChannelHandlerContext.invokeChannelRead(AbstractChannelHandlerContext.java:442)
	at io.netty.channel.AbstractChannelHandlerContext.invokeChannelRead(AbstractChannelHandlerContext.java:420)
	at io.netty.channel.AbstractChannelHandlerContext.fireChannelRead(AbstractChannelHandlerContext.java:412)
	at io.netty.handler.codec.MessageToMessageDecoder.channelRead(MessageToMessageDecoder.java:103)
	at io.netty.handler.codec.MessageToMessageCodec.channelRead(MessageToMessageCodec.java:111)
	at io.netty.channel.AbstractChannelHandlerContext.invokeChannelRead(AbstractChannelHandlerContext.java:442)
	at io.netty.channel.AbstractChannelHandlerContext.invokeChannelRead(AbstractChannelHandlerContext.java:420)
	at io.netty.channel.AbstractChannelHandlerContext.fireChannelRead(AbstractChannelHandlerContext.java:412)
	at io.netty.handler.codec.ByteToMessageDecoder.fireChannelRead(ByteToMessageDecoder.java:346)
	at io.netty.handler.codec.ByteToMessageDecoder.channelRead(ByteToMessageDecoder.java:318)
	at io.netty.channel.AbstractChannelHandlerContext.invokeChannelRead(AbstractChannelHandlerContext.java:444)
	at io.netty.channel.AbstractChannelHandlerContext.invokeChannelRead(AbstractChannelHandlerContext.java:420)
	at io.netty.channel.AbstractChannelHandlerContext.fireChannelRead(AbstractChannelHandlerContext.java:412)
	at io.netty.channel.DefaultChannelPipeline$HeadContext.channelRead(DefaultChannelPipeline.java:1410)
	at io.netty.channel.AbstractChannelHandlerContext.invokeChannelRead(AbstractChannelHandlerContext.java:440)
	at io.netty.channel.AbstractChannelHandlerContext.invokeChannelRead(AbstractChannelHandlerContext.java:420)
	at io.netty.channel.DefaultChannelPipeline.fireChannelRead(DefaultChannelPipeline.java:919)
	at io.netty.channel.nio.AbstractNioByteChannel$NioByteUnsafe.read(AbstractNioByteChannel.java:166)
	at io.netty.channel.nio.NioEventLoop.processSelectedKey(NioEventLoop.java:788)
	at io.netty.channel.nio.NioEventLoop.processSelectedKeysOptimized(NioEventLoop.java:724)
	at io.netty.channel.nio.NioEventLoop.processSelectedKeys(NioEventLoop.java:650)
	at io.netty.channel.nio.NioEventLoop.run(NioEventLoop.java:562)
	at io.netty.util.concurrent.SingleThreadEventExecutor$4.run(SingleThreadEventExecutor.java:997)
	at io.netty.util.internal.ThreadExecutorMap$2.run(ThreadExecutorMap.java:74)
	at io.netty.util.concurrent.FastThreadLocalRunnable.run(FastThreadLocalRunnable.java:30)
	at java.base/java.lang.Thread.run(Thread.java:1447)
2026-03-11 18:57:53.537 [vert.x-eventloop-thread-1] ERROR com.cyberskill.MainVerticle - Error details: The following has evaluated to null or missing:
==> path  [in template "templates/dashboard.ftl" at line 203, column 32]

----
Tip: If the failing expression is known to legally refer to something that's sometimes null or missing, either specify a default value like myOptionalVar!myDefault, or use <#if myOptionalVar??>when-present<#else>when-missing</#if>. (These only cover the last step of the expression; to cover the whole expression, use parenthesis: (myOptionalVar.foo)!myDefault, (myOptionalVar.foo)??
----

----
FTL stack trace ("~" means nesting-related):
	- Failed at: ${path.name}  [in template "templates/dashboard.ftl" at line 203, column 30]
----
2026-03-11 18:57:53.537 [vert.x-eventloop-thread-1] ERROR com.cyberskill.MainVerticle - Internal server error
2026-03-11 18:58:13.071 [vert.x-eventloop-thread-1] INFO  com.cyberskill.MainVerticle - Stopping CyberSkill Platform...
2026-03-11 18:58:13.077 [vert.x-eventloop-thread-1] INFO  com.cyberskill.MainVerticle - ✓ CyberSkill Platform stopped
2026-03-11 18:58:41.256 [vert.x-eventloop-thread-1] INFO  com.cyberskill.MainVerticle - Starting CyberSkill Platform...
2026-03-11 18:58:41.259 [vert.x-eventloop-thread-1] INFO  com.cyberskill.config.AppConfig - Application properties loaded successfully
2026-03-11 18:58:41.358 [vert.x-eventloop-thread-1] INFO  com.cyberskill.MainVerticle - Running database migrations...
2026-03-11 18:58:41.464 [vert.x-eventloop-thread-1] INFO  o.f.c.i.s.classpath.ClassPathScanner - Flyway OSS Edition 10.4.1 by Redgate
2026-03-11 18:58:41.464 [vert.x-eventloop-thread-1] INFO  o.f.c.i.s.classpath.ClassPathScanner - 
2026-03-11 18:58:41.464 [vert.x-eventloop-thread-1] INFO  o.f.c.i.s.classpath.ClassPathScanner - See release notes here: https://rd.gt/416ObMi
2026-03-11 18:58:41.617 [vert.x-eventloop-thread-1] INFO  org.flywaydb.core.FlywayExecutor - Database: jdbc:postgresql://localhost:5432/cyberskill (PostgreSQL 16.3)
2026-03-11 18:58:41.653 [vert.x-eventloop-thread-1] INFO  o.f.core.internal.command.DbValidate - Successfully validated 3 migrations (execution time 00:00.022s)
2026-03-11 18:58:41.704 [vert.x-eventloop-thread-1] INFO  o.f.core.internal.command.DbMigrate - Current version of schema "public": 2
2026-03-11 18:58:41.708 [vert.x-eventloop-thread-1] INFO  o.f.core.internal.command.DbMigrate - Schema "public" is up to date. No migration necessary.
2026-03-11 18:58:41.712 [vert.x-eventloop-thread-1] INFO  com.cyberskill.MainVerticle - ✓ Applied 0 database migration(s)
2026-03-11 18:58:41.713 [vert.x-eventloop-thread-1] INFO  com.cyberskill.MainVerticle - Initializing database connection pool...
2026-03-11 18:58:41.726 [vert.x-eventloop-thread-1] INFO  com.cyberskill.MainVerticle - ✓ Database connection pool initialized
2026-03-11 18:58:41.726 [vert.x-eventloop-thread-1] INFO  com.cyberskill.MainVerticle - Initializing repositories...
2026-03-11 18:58:41.728 [vert.x-eventloop-thread-1] INFO  com.cyberskill.MainVerticle - ✓ Repositories initialized
2026-03-11 18:58:41.728 [vert.x-eventloop-thread-1] INFO  com.cyberskill.MainVerticle - Initializing services...
2026-03-11 18:58:41.729 [vert.x-eventloop-thread-1] INFO  com.cyberskill.MainVerticle - ✓ Services initialized
2026-03-11 18:58:41.730 [vert.x-eventloop-thread-1] INFO  com.cyberskill.MainVerticle - Initializing handlers...
2026-03-11 18:58:41.731 [vert.x-eventloop-thread-1] INFO  com.cyberskill.MainVerticle - ✓ Handlers initialized
2026-03-11 18:58:41.905 [vert.x-eventloop-thread-1] INFO  com.cyberskill.MainVerticle - ✓ CyberSkill Platform started successfully
2026-03-11 18:58:41.906 [vert.x-eventloop-thread-1] INFO  com.cyberskill.MainVerticle - ✓ Server listening on http://0.0.0.0:8080
2026-03-11 18:58:41.907 [vert.x-eventloop-thread-1] INFO  com.cyberskill.MainVerticle - ✓ API available at http://0.0.0.0:8080/api
2026-03-11 18:58:41.907 [vert.x-eventloop-thread-1] INFO  com.cyberskill.MainVerticle - ✓ Admin dashboard at http://0.0.0.0:8080/admin
2026-03-11 18:58:41.908 [vert.x-eventloop-thread-0] INFO  i.v.c.i.l.c.VertxIsolatedDeployer - Succeeded in deploying verticle
2026-03-11 18:58:47.819 [vert.x-eventloop-thread-1] DEBUG com.cyberskill.MainVerticle - GET /
2026-03-11 18:58:47.819 [vert.x-eventloop-thread-1] INFO  com.cyberskill.MainVerticle - 📄 GET / - Rendering home page
2026-03-11 18:58:47.882 [vert.x-eventloop-thread-1] INFO  com.cyberskill.MainVerticle - ✅ Home page rendered successfully
2026-03-11 18:58:47.919 [vert.x-eventloop-thread-1] DEBUG com.cyberskill.MainVerticle - GET /js/main.js
2026-03-11 18:58:49.868 [vert.x-eventloop-thread-1] DEBUG com.cyberskill.MainVerticle - GET /
2026-03-11 18:58:49.872 [vert.x-eventloop-thread-1] INFO  com.cyberskill.MainVerticle - 📄 GET / - Rendering home page
2026-03-11 18:58:49.872 [vert.x-eventloop-thread-1] INFO  com.cyberskill.MainVerticle - ✅ Home page rendered successfully
2026-03-11 18:58:49.886 [vert.x-eventloop-thread-1] DEBUG com.cyberskill.MainVerticle - GET /js/main.js
2026-03-11 18:58:53.559 [vert.x-eventloop-thread-1] DEBUG com.cyberskill.MainVerticle - GET /
2026-03-11 18:58:53.559 [vert.x-eventloop-thread-1] INFO  com.cyberskill.MainVerticle - 📄 GET / - Rendering home page
2026-03-11 18:58:53.560 [vert.x-eventloop-thread-1] INFO  com.cyberskill.MainVerticle - ✅ Home page rendered successfully
2026-03-11 18:58:53.572 [vert.x-eventloop-thread-1] DEBUG com.cyberskill.MainVerticle - GET /js/main.js
2026-03-11 18:58:56.188 [vert.x-eventloop-thread-1] DEBUG com.cyberskill.MainVerticle - GET /login
2026-03-11 18:58:56.188 [vert.x-eventloop-thread-1] INFO  com.cyberskill.MainVerticle - 📄 GET /login - Rendering login page
2026-03-11 18:58:56.208 [vert.x-eventloop-thread-1] INFO  com.cyberskill.MainVerticle - ✅ Login page rendered successfully
2026-03-11 18:59:11.324 [vert.x-eventloop-thread-1] DEBUG com.cyberskill.MainVerticle - POST /api/auth/login
2026-03-11 18:59:11.336 [vert.x-eventloop-thread-1] INFO  com.cyberskill.service.AuthService - Login attempt for: testuser@mail.com
2026-03-11 18:59:11.798 [vert.x-eventloop-thread-1] INFO  com.cyberskill.service.AuthService - User logged in successfully: testuser@mail.com
2026-03-11 18:59:12.838 [vert.x-eventloop-thread-1] DEBUG com.cyberskill.MainVerticle - GET /dashboard
2026-03-11 18:59:12.839 [vert.x-eventloop-thread-1] INFO  com.cyberskill.MainVerticle - 📄 GET /dashboard - Rendering dashboard
2026-03-11 18:59:12.865 [vert.x-eventloop-thread-1] ERROR com.cyberskill.MainVerticle - ❌ Dashboard rendering failed
freemarker.core.InvalidReferenceException: The following has evaluated to null or missing:
==> path  [in template "templates/dashboard.ftl" at line 203, column 32]

----
Tip: If the failing expression is known to legally refer to something that's sometimes null or missing, either specify a default value like myOptionalVar!myDefault, or use <#if myOptionalVar??>when-present<#else>when-missing</#if>. (These only cover the last step of the expression; to cover the whole expression, use parenthesis: (myOptionalVar.foo)!myDefault, (myOptionalVar.foo)??
----

----
FTL stack trace ("~" means nesting-related):
	- Failed at: ${path.name}  [in template "templates/dashboard.ftl" at line 203, column 30]
----
	at freemarker.core.InvalidReferenceException.getInstance(InvalidReferenceException.java:134)
	at freemarker.core.UnexpectedTypeException.newDescriptionBuilder(UnexpectedTypeException.java:85)
	at freemarker.core.UnexpectedTypeException.<init>(UnexpectedTypeException.java:48)
	at freemarker.core.NonHashException.<init>(NonHashException.java:49)
	at freemarker.core.Dot._eval(Dot.java:48)
	at freemarker.core.Expression.eval(Expression.java:101)
	at freemarker.core.DollarVariable.calculateInterpolatedStringOrMarkup(DollarVariable.java:104)
	at freemarker.core.DollarVariable.accept(DollarVariable.java:63)
	at freemarker.core.Environment.visit(Environment.java:335)
	at freemarker.core.Environment.visit(Environment.java:341)
	at freemarker.core.Environment.process(Environment.java:314)
	at freemarker.template.Template.process(Template.java:383)
	at io.vertx.ext.web.templ.freemarker.impl.FreeMarkerTemplateEngineImpl.render(FreeMarkerTemplateEngineImpl.java:77)
	at io.vertx.ext.web.common.template.TemplateEngine.render(TemplateEngine.java:88)
	at com.cyberskill.MainVerticle.lambda$setupWebRoutes$9(MainVerticle.java:334)
	at io.vertx.ext.web.impl.RouteState.handleContext(RouteState.java:1285)
	at io.vertx.ext.web.impl.RoutingContextImplBase.iterateNext(RoutingContextImplBase.java:177)
	at io.vertx.ext.web.impl.RoutingContextImpl.next(RoutingContextImpl.java:143)
	at com.cyberskill.MainVerticle.lambda$setupGlobalHandlers$0(MainVerticle.java:251)
	at io.vertx.ext.web.impl.RouteState.handleContext(RouteState.java:1285)
	at io.vertx.ext.web.impl.RoutingContextImplBase.iterateNext(RoutingContextImplBase.java:177)
	at io.vertx.ext.web.impl.RoutingContextImpl.next(RoutingContextImpl.java:143)
	at io.vertx.ext.web.handler.impl.TimeoutHandlerImpl.handle(TimeoutHandlerImpl.java:49)
	at io.vertx.ext.web.handler.impl.TimeoutHandlerImpl.handle(TimeoutHandlerImpl.java:27)
	at io.vertx.ext.web.impl.RouteState.handleContext(RouteState.java:1285)
	at io.vertx.ext.web.impl.RoutingContextImplBase.iterateNext(RoutingContextImplBase.java:177)
	at io.vertx.ext.web.impl.RoutingContextImpl.next(RoutingContextImpl.java:143)
	at io.vertx.ext.web.handler.impl.BodyHandlerImpl.handle(BodyHandlerImpl.java:95)
	at io.vertx.ext.web.handler.impl.BodyHandlerImpl.handle(BodyHandlerImpl.java:45)
	at io.vertx.ext.web.impl.RouteState.handleContext(RouteState.java:1285)
	at io.vertx.ext.web.impl.RoutingContextImplBase.iterateNext(RoutingContextImplBase.java:177)
	at io.vertx.ext.web.impl.RoutingContextImpl.next(RoutingContextImpl.java:143)
	at io.vertx.ext.web.handler.impl.CorsHandlerImpl.handle(CorsHandlerImpl.java:205)
	at io.vertx.ext.web.handler.impl.CorsHandlerImpl.handle(CorsHandlerImpl.java:42)
	at io.vertx.ext.web.impl.RouteState.handleContext(RouteState.java:1285)
	at io.vertx.ext.web.impl.RoutingContextImplBase.iterateNext(RoutingContextImplBase.java:177)
	at io.vertx.ext.web.impl.RoutingContextImpl.next(RoutingContextImpl.java:143)
	at io.vertx.ext.web.impl.RouterImpl.handle(RouterImpl.java:68)
	at io.vertx.ext.web.impl.RouterImpl.handle(RouterImpl.java:37)
	at io.vertx.core.http.impl.Http1xServerRequestHandler.handle(Http1xServerRequestHandler.java:67)
	at io.vertx.core.http.impl.Http1xServerRequestHandler.handle(Http1xServerRequestHandler.java:30)
	at io.vertx.core.impl.ContextImpl.emit(ContextImpl.java:335)
	at io.vertx.core.impl.DuplicatedContext.emit(DuplicatedContext.java:176)
	at io.vertx.core.http.impl.Http1xServerConnection.handleMessage(Http1xServerConnection.java:174)
	at io.vertx.core.net.impl.ConnectionBase.read(ConnectionBase.java:159)
	at io.vertx.core.net.impl.VertxHandler.channelRead(VertxHandler.java:153)
	at io.netty.channel.AbstractChannelHandlerContext.invokeChannelRead(AbstractChannelHandlerContext.java:442)
	at io.netty.channel.AbstractChannelHandlerContext.invokeChannelRead(AbstractChannelHandlerContext.java:420)
	at io.netty.channel.AbstractChannelHandlerContext.fireChannelRead(AbstractChannelHandlerContext.java:412)
	at io.netty.channel.ChannelInboundHandlerAdapter.channelRead(ChannelInboundHandlerAdapter.java:93)
	at io.netty.handler.codec.http.websocketx.extensions.WebSocketServerExtensionHandler.onHttpRequestChannelRead(WebSocketServerExtensionHandler.java:160)
	at io.netty.handler.codec.http.websocketx.extensions.WebSocketServerExtensionHandler.channelRead(WebSocketServerExtensionHandler.java:83)
	at io.netty.channel.AbstractChannelHandlerContext.invokeChannelRead(AbstractChannelHandlerContext.java:442)
	at io.netty.channel.AbstractChannelHandlerContext.invokeChannelRead(AbstractChannelHandlerContext.java:420)
	at io.netty.channel.AbstractChannelHandlerContext.fireChannelRead(AbstractChannelHandlerContext.java:412)
	at io.netty.handler.timeout.IdleStateHandler.channelRead(IdleStateHandler.java:286)
	at io.netty.channel.AbstractChannelHandlerContext.invokeChannelRead(AbstractChannelHandlerContext.java:442)
	at io.netty.channel.AbstractChannelHandlerContext.invokeChannelRead(AbstractChannelHandlerContext.java:420)
	at io.netty.channel.AbstractChannelHandlerContext.fireChannelRead(AbstractChannelHandlerContext.java:412)
	at io.netty.handler.codec.MessageToMessageDecoder.channelRead(MessageToMessageDecoder.java:103)
	at io.netty.handler.codec.MessageToMessageCodec.channelRead(MessageToMessageCodec.java:111)
	at io.netty.channel.AbstractChannelHandlerContext.invokeChannelRead(AbstractChannelHandlerContext.java:442)
	at io.netty.channel.AbstractChannelHandlerContext.invokeChannelRead(AbstractChannelHandlerContext.java:420)
	at io.netty.channel.AbstractChannelHandlerContext.fireChannelRead(AbstractChannelHandlerContext.java:412)
	at io.netty.handler.codec.ByteToMessageDecoder.fireChannelRead(ByteToMessageDecoder.java:346)
	at io.netty.handler.codec.ByteToMessageDecoder.channelRead(ByteToMessageDecoder.java:318)
	at io.netty.channel.AbstractChannelHandlerContext.invokeChannelRead(AbstractChannelHandlerContext.java:444)
	at io.netty.channel.AbstractChannelHandlerContext.invokeChannelRead(AbstractChannelHandlerContext.java:420)
	at io.netty.channel.AbstractChannelHandlerContext.fireChannelRead(AbstractChannelHandlerContext.java:412)
	at io.netty.channel.DefaultChannelPipeline$HeadContext.channelRead(DefaultChannelPipeline.java:1410)
	at io.netty.channel.AbstractChannelHandlerContext.invokeChannelRead(AbstractChannelHandlerContext.java:440)
	at io.netty.channel.AbstractChannelHandlerContext.invokeChannelRead(AbstractChannelHandlerContext.java:420)
	at io.netty.channel.DefaultChannelPipeline.fireChannelRead(DefaultChannelPipeline.java:919)
	at io.netty.channel.nio.AbstractNioByteChannel$NioByteUnsafe.read(AbstractNioByteChannel.java:166)
	at io.netty.channel.nio.NioEventLoop.processSelectedKey(NioEventLoop.java:788)
	at io.netty.channel.nio.NioEventLoop.processSelectedKeysOptimized(NioEventLoop.java:724)
	at io.netty.channel.nio.NioEventLoop.processSelectedKeys(NioEventLoop.java:650)
	at io.netty.channel.nio.NioEventLoop.run(NioEventLoop.java:562)
	at io.netty.util.concurrent.SingleThreadEventExecutor$4.run(SingleThreadEventExecutor.java:997)
	at io.netty.util.internal.ThreadExecutorMap$2.run(ThreadExecutorMap.java:74)
	at io.netty.util.concurrent.FastThreadLocalRunnable.run(FastThreadLocalRunnable.java:30)
	at java.base/java.lang.Thread.run(Thread.java:1447)
2026-03-11 18:59:12.868 [vert.x-eventloop-thread-1] ERROR com.cyberskill.MainVerticle - Error details: The following has evaluated to null or missing:
==> path  [in template "templates/dashboard.ftl" at line 203, column 32]

----
Tip: If the failing expression is known to legally refer to something that's sometimes null or missing, either specify a default value like myOptionalVar!myDefault, or use <#if myOptionalVar??>when-present<#else>when-missing</#if>. (These only cover the last step of the expression; to cover the whole expression, use parenthesis: (myOptionalVar.foo)!myDefault, (myOptionalVar.foo)??
----

----
FTL stack trace ("~" means nesting-related):
	- Failed at: ${path.name}  [in template "templates/dashboard.ftl" at line 203, column 30]
----
2026-03-11 18:59:12.868 [vert.x-eventloop-thread-1] ERROR com.cyberskill.MainVerticle - Internal server error
2026-03-11 18:59:38.969 [vert.x-eventloop-thread-1] INFO  com.cyberskill.MainVerticle - Stopping CyberSkill Platform...
2026-03-11 18:59:38.976 [vert.x-eventloop-thread-1] INFO  com.cyberskill.MainVerticle - ✓ CyberSkill Platform stopped
2026-03-11 19:02:44.933 [vert.x-eventloop-thread-1] INFO  com.cyberskill.MainVerticle - Starting CyberSkill Platform...
2026-03-11 19:02:44.935 [vert.x-eventloop-thread-1] INFO  com.cyberskill.config.AppConfig - Application properties loaded successfully
2026-03-11 19:02:45.026 [vert.x-eventloop-thread-1] INFO  com.cyberskill.MainVerticle - Running database migrations...
2026-03-11 19:02:45.131 [vert.x-eventloop-thread-1] INFO  o.f.c.i.s.classpath.ClassPathScanner - Flyway OSS Edition 10.4.1 by Redgate
2026-03-11 19:02:45.131 [vert.x-eventloop-thread-1] INFO  o.f.c.i.s.classpath.ClassPathScanner - 
2026-03-11 19:02:45.131 [vert.x-eventloop-thread-1] INFO  o.f.c.i.s.classpath.ClassPathScanner - See release notes here: https://rd.gt/416ObMi
2026-03-11 19:02:45.289 [vert.x-eventloop-thread-1] INFO  org.flywaydb.core.FlywayExecutor - Database: jdbc:postgresql://localhost:5432/cyberskill (PostgreSQL 16.3)
2026-03-11 19:02:45.332 [vert.x-eventloop-thread-1] INFO  o.f.core.internal.command.DbValidate - Successfully validated 3 migrations (execution time 00:00.026s)
2026-03-11 19:02:45.387 [vert.x-eventloop-thread-1] INFO  o.f.core.internal.command.DbMigrate - Current version of schema "public": 2
2026-03-11 19:02:45.390 [vert.x-eventloop-thread-1] INFO  o.f.core.internal.command.DbMigrate - Schema "public" is up to date. No migration necessary.
2026-03-11 19:02:45.395 [vert.x-eventloop-thread-1] INFO  com.cyberskill.MainVerticle - ✓ Applied 0 database migration(s)
2026-03-11 19:02:45.397 [vert.x-eventloop-thread-1] INFO  com.cyberskill.MainVerticle - Initializing database connection pool...
2026-03-11 19:02:45.412 [vert.x-eventloop-thread-1] INFO  com.cyberskill.MainVerticle - ✓ Database connection pool initialized
2026-03-11 19:02:45.413 [vert.x-eventloop-thread-1] INFO  com.cyberskill.MainVerticle - Initializing repositories...
2026-03-11 19:02:45.414 [vert.x-eventloop-thread-1] INFO  com.cyberskill.MainVerticle - ✓ Repositories initialized
2026-03-11 19:02:45.415 [vert.x-eventloop-thread-1] INFO  com.cyberskill.MainVerticle - Initializing services...
2026-03-11 19:02:45.416 [vert.x-eventloop-thread-1] INFO  com.cyberskill.MainVerticle - ✓ Services initialized
2026-03-11 19:02:45.416 [vert.x-eventloop-thread-1] INFO  com.cyberskill.MainVerticle - Initializing handlers...
2026-03-11 19:02:45.417 [vert.x-eventloop-thread-1] INFO  com.cyberskill.MainVerticle - ✓ Handlers initialized
2026-03-11 19:02:45.605 [vert.x-eventloop-thread-1] INFO  com.cyberskill.MainVerticle - ✓ CyberSkill Platform started successfully
2026-03-11 19:02:45.606 [vert.x-eventloop-thread-1] INFO  com.cyberskill.MainVerticle - ✓ Server listening on http://0.0.0.0:8080
2026-03-11 19:02:45.606 [vert.x-eventloop-thread-1] INFO  com.cyberskill.MainVerticle - ✓ API available at http://0.0.0.0:8080/api
2026-03-11 19:02:45.606 [vert.x-eventloop-thread-1] INFO  com.cyberskill.MainVerticle - ✓ Admin dashboard at http://0.0.0.0:8080/admin
2026-03-11 19:02:45.607 [vert.x-eventloop-thread-0] INFO  i.v.c.i.l.c.VertxIsolatedDeployer - Succeeded in deploying verticle
2026-03-11 19:02:55.682 [vert.x-eventloop-thread-1] DEBUG com.cyberskill.MainVerticle - GET /
2026-03-11 19:02:55.684 [vert.x-eventloop-thread-1] INFO  com.cyberskill.MainVerticle - 📄 GET / - Rendering home page
2026-03-11 19:02:55.756 [vert.x-eventloop-thread-1] INFO  com.cyberskill.MainVerticle - ✅ Home page rendered successfully
2026-03-11 19:02:55.795 [vert.x-eventloop-thread-1] DEBUG com.cyberskill.MainVerticle - GET /js/main.js
2026-03-11 19:02:58.848 [vert.x-eventloop-thread-1] DEBUG com.cyberskill.MainVerticle - GET /login
2026-03-11 19:02:58.848 [vert.x-eventloop-thread-1] INFO  com.cyberskill.MainVerticle - 📄 GET /login - Rendering login page
2026-03-11 19:02:58.864 [vert.x-eventloop-thread-1] INFO  com.cyberskill.MainVerticle - ✅ Login page rendered successfully
2026-03-11 19:03:11.249 [vert.x-eventloop-thread-1] DEBUG com.cyberskill.MainVerticle - POST /api/auth/login
2026-03-11 19:03:11.265 [vert.x-eventloop-thread-1] INFO  com.cyberskill.service.AuthService - Login attempt for: testuser@mail.com
2026-03-11 19:03:11.723 [vert.x-eventloop-thread-1] INFO  com.cyberskill.service.AuthService - User logged in successfully: testuser@mail.com
2026-03-11 19:03:12.750 [vert.x-eventloop-thread-1] DEBUG com.cyberskill.MainVerticle - GET /dashboard
2026-03-11 19:03:12.750 [vert.x-eventloop-thread-1] INFO  com.cyberskill.MainVerticle - 📄 GET /dashboard - Rendering dashboard
2026-03-11 19:03:12.778 [vert.x-eventloop-thread-1] ERROR com.cyberskill.MainVerticle - ❌ Dashboard rendering failed
freemarker.core.InvalidReferenceException: The following has evaluated to null or missing:
==> path  [in template "templates/dashboard.ftl" at line 203, column 32]

----
Tip: If the failing expression is known to legally refer to something that's sometimes null or missing, either specify a default value like myOptionalVar!myDefault, or use <#if myOptionalVar??>when-present<#else>when-missing</#if>. (These only cover the last step of the expression; to cover the whole expression, use parenthesis: (myOptionalVar.foo)!myDefault, (myOptionalVar.foo)??
----

----
FTL stack trace ("~" means nesting-related):
	- Failed at: ${path.name}  [in template "templates/dashboard.ftl" at line 203, column 30]
----
	at freemarker.core.InvalidReferenceException.getInstance(InvalidReferenceException.java:134)
	at freemarker.core.UnexpectedTypeException.newDescriptionBuilder(UnexpectedTypeException.java:85)
	at freemarker.core.UnexpectedTypeException.<init>(UnexpectedTypeException.java:48)
	at freemarker.core.NonHashException.<init>(NonHashException.java:49)
	at freemarker.core.Dot._eval(Dot.java:48)
	at freemarker.core.Expression.eval(Expression.java:101)
	at freemarker.core.DollarVariable.calculateInterpolatedStringOrMarkup(DollarVariable.java:104)
	at freemarker.core.DollarVariable.accept(DollarVariable.java:63)
	at freemarker.core.Environment.visit(Environment.java:335)
	at freemarker.core.Environment.visit(Environment.java:341)
	at freemarker.core.Environment.process(Environment.java:314)
	at freemarker.template.Template.process(Template.java:383)
	at io.vertx.ext.web.templ.freemarker.impl.FreeMarkerTemplateEngineImpl.render(FreeMarkerTemplateEngineImpl.java:77)
	at io.vertx.ext.web.common.template.TemplateEngine.render(TemplateEngine.java:88)
	at com.cyberskill.MainVerticle.lambda$setupWebRoutes$9(MainVerticle.java:334)
	at io.vertx.ext.web.impl.RouteState.handleContext(RouteState.java:1285)
	at io.vertx.ext.web.impl.RoutingContextImplBase.iterateNext(RoutingContextImplBase.java:177)
	at io.vertx.ext.web.impl.RoutingContextImpl.next(RoutingContextImpl.java:143)
	at com.cyberskill.MainVerticle.lambda$setupGlobalHandlers$0(MainVerticle.java:251)
	at io.vertx.ext.web.impl.RouteState.handleContext(RouteState.java:1285)
	at io.vertx.ext.web.impl.RoutingContextImplBase.iterateNext(RoutingContextImplBase.java:177)
	at io.vertx.ext.web.impl.RoutingContextImpl.next(RoutingContextImpl.java:143)
	at io.vertx.ext.web.handler.impl.TimeoutHandlerImpl.handle(TimeoutHandlerImpl.java:49)
	at io.vertx.ext.web.handler.impl.TimeoutHandlerImpl.handle(TimeoutHandlerImpl.java:27)
	at io.vertx.ext.web.impl.RouteState.handleContext(RouteState.java:1285)
	at io.vertx.ext.web.impl.RoutingContextImplBase.iterateNext(RoutingContextImplBase.java:177)
	at io.vertx.ext.web.impl.RoutingContextImpl.next(RoutingContextImpl.java:143)
	at io.vertx.ext.web.handler.impl.BodyHandlerImpl.handle(BodyHandlerImpl.java:95)
	at io.vertx.ext.web.handler.impl.BodyHandlerImpl.handle(BodyHandlerImpl.java:45)
	at io.vertx.ext.web.impl.RouteState.handleContext(RouteState.java:1285)
	at io.vertx.ext.web.impl.RoutingContextImplBase.iterateNext(RoutingContextImplBase.java:177)
	at io.vertx.ext.web.impl.RoutingContextImpl.next(RoutingContextImpl.java:143)
	at io.vertx.ext.web.handler.impl.CorsHandlerImpl.handle(CorsHandlerImpl.java:205)
	at io.vertx.ext.web.handler.impl.CorsHandlerImpl.handle(CorsHandlerImpl.java:42)
	at io.vertx.ext.web.impl.RouteState.handleContext(RouteState.java:1285)
	at io.vertx.ext.web.impl.RoutingContextImplBase.iterateNext(RoutingContextImplBase.java:177)
	at io.vertx.ext.web.impl.RoutingContextImpl.next(RoutingContextImpl.java:143)
	at io.vertx.ext.web.impl.RouterImpl.handle(RouterImpl.java:68)
	at io.vertx.ext.web.impl.RouterImpl.handle(RouterImpl.java:37)
	at io.vertx.core.http.impl.Http1xServerRequestHandler.handle(Http1xServerRequestHandler.java:67)
	at io.vertx.core.http.impl.Http1xServerRequestHandler.handle(Http1xServerRequestHandler.java:30)
	at io.vertx.core.impl.ContextImpl.emit(ContextImpl.java:335)
	at io.vertx.core.impl.DuplicatedContext.emit(DuplicatedContext.java:176)
	at io.vertx.core.http.impl.Http1xServerConnection.handleMessage(Http1xServerConnection.java:174)
	at io.vertx.core.net.impl.ConnectionBase.read(ConnectionBase.java:159)
	at io.vertx.core.net.impl.VertxHandler.channelRead(VertxHandler.java:153)
	at io.netty.channel.AbstractChannelHandlerContext.invokeChannelRead(AbstractChannelHandlerContext.java:442)
	at io.netty.channel.AbstractChannelHandlerContext.invokeChannelRead(AbstractChannelHandlerContext.java:420)
	at io.netty.channel.AbstractChannelHandlerContext.fireChannelRead(AbstractChannelHandlerContext.java:412)
	at io.netty.channel.ChannelInboundHandlerAdapter.channelRead(ChannelInboundHandlerAdapter.java:93)
	at io.netty.handler.codec.http.websocketx.extensions.WebSocketServerExtensionHandler.onHttpRequestChannelRead(WebSocketServerExtensionHandler.java:160)
	at io.netty.handler.codec.http.websocketx.extensions.WebSocketServerExtensionHandler.channelRead(WebSocketServerExtensionHandler.java:83)
	at io.netty.channel.AbstractChannelHandlerContext.invokeChannelRead(AbstractChannelHandlerContext.java:442)
	at io.netty.channel.AbstractChannelHandlerContext.invokeChannelRead(AbstractChannelHandlerContext.java:420)
	at io.netty.channel.AbstractChannelHandlerContext.fireChannelRead(AbstractChannelHandlerContext.java:412)
	at io.netty.handler.timeout.IdleStateHandler.channelRead(IdleStateHandler.java:286)
	at io.netty.channel.AbstractChannelHandlerContext.invokeChannelRead(AbstractChannelHandlerContext.java:442)
	at io.netty.channel.AbstractChannelHandlerContext.invokeChannelRead(AbstractChannelHandlerContext.java:420)
	at io.netty.channel.AbstractChannelHandlerContext.fireChannelRead(AbstractChannelHandlerContext.java:412)
	at io.netty.handler.codec.MessageToMessageDecoder.channelRead(MessageToMessageDecoder.java:103)
	at io.netty.handler.codec.MessageToMessageCodec.channelRead(MessageToMessageCodec.java:111)
	at io.netty.channel.AbstractChannelHandlerContext.invokeChannelRead(AbstractChannelHandlerContext.java:442)
	at io.netty.channel.AbstractChannelHandlerContext.invokeChannelRead(AbstractChannelHandlerContext.java:420)
	at io.netty.channel.AbstractChannelHandlerContext.fireChannelRead(AbstractChannelHandlerContext.java:412)
	at io.netty.handler.codec.ByteToMessageDecoder.fireChannelRead(ByteToMessageDecoder.java:346)
	at io.netty.handler.codec.ByteToMessageDecoder.channelRead(ByteToMessageDecoder.java:318)
	at io.netty.channel.AbstractChannelHandlerContext.invokeChannelRead(AbstractChannelHandlerContext.java:444)
	at io.netty.channel.AbstractChannelHandlerContext.invokeChannelRead(AbstractChannelHandlerContext.java:420)
	at io.netty.channel.AbstractChannelHandlerContext.fireChannelRead(AbstractChannelHandlerContext.java:412)
	at io.netty.channel.DefaultChannelPipeline$HeadContext.channelRead(DefaultChannelPipeline.java:1410)
	at io.netty.channel.AbstractChannelHandlerContext.invokeChannelRead(AbstractChannelHandlerContext.java:440)
	at io.netty.channel.AbstractChannelHandlerContext.invokeChannelRead(AbstractChannelHandlerContext.java:420)
	at io.netty.channel.DefaultChannelPipeline.fireChannelRead(DefaultChannelPipeline.java:919)
	at io.netty.channel.nio.AbstractNioByteChannel$NioByteUnsafe.read(AbstractNioByteChannel.java:166)
	at io.netty.channel.nio.NioEventLoop.processSelectedKey(NioEventLoop.java:788)
	at io.netty.channel.nio.NioEventLoop.processSelectedKeysOptimized(NioEventLoop.java:724)
	at io.netty.channel.nio.NioEventLoop.processSelectedKeys(NioEventLoop.java:650)
	at io.netty.channel.nio.NioEventLoop.run(NioEventLoop.java:562)
	at io.netty.util.concurrent.SingleThreadEventExecutor$4.run(SingleThreadEventExecutor.java:997)
	at io.netty.util.internal.ThreadExecutorMap$2.run(ThreadExecutorMap.java:74)
	at io.netty.util.concurrent.FastThreadLocalRunnable.run(FastThreadLocalRunnable.java:30)
	at java.base/java.lang.Thread.run(Thread.java:1447)
2026-03-11 19:03:12.781 [vert.x-eventloop-thread-1] ERROR com.cyberskill.MainVerticle - Error details: The following has evaluated to null or missing:
==> path  [in template "templates/dashboard.ftl" at line 203, column 32]

----
Tip: If the failing expression is known to legally refer to something that's sometimes null or missing, either specify a default value like myOptionalVar!myDefault, or use <#if myOptionalVar??>when-present<#else>when-missing</#if>. (These only cover the last step of the expression; to cover the whole expression, use parenthesis: (myOptionalVar.foo)!myDefault, (myOptionalVar.foo)??
----

----
FTL stack trace ("~" means nesting-related):
	- Failed at: ${path.name}  [in template "templates/dashboard.ftl" at line 203, column 30]
----
2026-03-11 19:03:12.782 [vert.x-eventloop-thread-1] ERROR com.cyberskill.MainVerticle - Internal server error
2026-03-11 19:04:02.765 [vert.x-eventloop-thread-1] INFO  com.cyberskill.MainVerticle - Stopping CyberSkill Platform...
2026-03-11 19:04:02.771 [vert.x-eventloop-thread-1] INFO  com.cyberskill.MainVerticle - ✓ CyberSkill Platform stopped
2026-03-11 19:05:11.574 [vert.x-eventloop-thread-1] INFO  com.cyberskill.MainVerticle - Starting CyberSkill Platform...
2026-03-11 19:05:11.576 [vert.x-eventloop-thread-1] INFO  com.cyberskill.config.AppConfig - Application properties loaded successfully
2026-03-11 19:05:11.665 [vert.x-eventloop-thread-1] INFO  com.cyberskill.MainVerticle - Running database migrations...
2026-03-11 19:05:11.769 [vert.x-eventloop-thread-1] INFO  o.f.c.i.s.classpath.ClassPathScanner - Flyway OSS Edition 10.4.1 by Redgate
2026-03-11 19:05:11.769 [vert.x-eventloop-thread-1] INFO  o.f.c.i.s.classpath.ClassPathScanner - 
2026-03-11 19:05:11.770 [vert.x-eventloop-thread-1] INFO  o.f.c.i.s.classpath.ClassPathScanner - See release notes here: https://rd.gt/416ObMi
2026-03-11 19:05:11.917 [vert.x-eventloop-thread-1] INFO  org.flywaydb.core.FlywayExecutor - Database: jdbc:postgresql://localhost:5432/cyberskill (PostgreSQL 16.3)
2026-03-11 19:05:11.958 [vert.x-eventloop-thread-1] INFO  o.f.core.internal.command.DbValidate - Successfully validated 3 migrations (execution time 00:00.024s)
2026-03-11 19:05:12.013 [vert.x-eventloop-thread-1] INFO  o.f.core.internal.command.DbMigrate - Current version of schema "public": 2
2026-03-11 19:05:12.018 [vert.x-eventloop-thread-1] INFO  o.f.core.internal.command.DbMigrate - Schema "public" is up to date. No migration necessary.
2026-03-11 19:05:12.022 [vert.x-eventloop-thread-1] INFO  com.cyberskill.MainVerticle - ✓ Applied 0 database migration(s)
2026-03-11 19:05:12.024 [vert.x-eventloop-thread-1] INFO  com.cyberskill.MainVerticle - Initializing database connection pool...
2026-03-11 19:05:12.053 [vert.x-eventloop-thread-1] INFO  com.cyberskill.MainVerticle - ✓ Database connection pool initialized
2026-03-11 19:05:12.053 [vert.x-eventloop-thread-1] INFO  com.cyberskill.MainVerticle - Initializing repositories...
2026-03-11 19:05:12.055 [vert.x-eventloop-thread-1] INFO  com.cyberskill.MainVerticle - ✓ Repositories initialized
2026-03-11 19:05:12.055 [vert.x-eventloop-thread-1] INFO  com.cyberskill.MainVerticle - Initializing services...
2026-03-11 19:05:12.057 [vert.x-eventloop-thread-1] INFO  com.cyberskill.MainVerticle - ✓ Services initialized
2026-03-11 19:05:12.057 [vert.x-eventloop-thread-1] INFO  com.cyberskill.MainVerticle - Initializing handlers...
2026-03-11 19:05:12.059 [vert.x-eventloop-thread-1] INFO  com.cyberskill.MainVerticle - ✓ Handlers initialized
2026-03-11 19:05:12.218 [vert.x-eventloop-thread-1] INFO  com.cyberskill.MainVerticle - ✓ CyberSkill Platform started successfully
2026-03-11 19:05:12.218 [vert.x-eventloop-thread-1] INFO  com.cyberskill.MainVerticle - ✓ Server listening on http://0.0.0.0:8080
2026-03-11 19:05:12.219 [vert.x-eventloop-thread-1] INFO  com.cyberskill.MainVerticle - ✓ API available at http://0.0.0.0:8080/api
2026-03-11 19:05:12.219 [vert.x-eventloop-thread-1] INFO  com.cyberskill.MainVerticle - ✓ Admin dashboard at http://0.0.0.0:8080/admin
2026-03-11 19:05:12.219 [vert.x-eventloop-thread-0] INFO  i.v.c.i.l.c.VertxIsolatedDeployer - Succeeded in deploying verticle
2026-03-11 19:05:22.132 [vert.x-eventloop-thread-1] DEBUG com.cyberskill.MainVerticle - GET /
2026-03-11 19:05:22.133 [vert.x-eventloop-thread-1] INFO  com.cyberskill.MainVerticle - 📄 GET / - Rendering home page
2026-03-11 19:05:22.187 [vert.x-eventloop-thread-1] INFO  com.cyberskill.MainVerticle - ✅ Home page rendered successfully
2026-03-11 19:05:22.252 [vert.x-eventloop-thread-1] DEBUG com.cyberskill.MainVerticle - GET /css/styles.css
2026-03-11 19:05:22.260 [vert.x-eventloop-thread-1] DEBUG com.cyberskill.MainVerticle - GET /js/main.js
2026-03-11 19:05:22.460 [vert.x-eventloop-thread-1] DEBUG com.cyberskill.MainVerticle - GET /favicon.ico
2026-03-11 19:05:24.137 [vert.x-eventloop-thread-1] DEBUG com.cyberskill.MainVerticle - GET /login
2026-03-11 19:05:24.138 [vert.x-eventloop-thread-1] INFO  com.cyberskill.MainVerticle - 📄 GET /login - Rendering login page
2026-03-11 19:05:24.157 [vert.x-eventloop-thread-1] INFO  com.cyberskill.MainVerticle - ✅ Login page rendered successfully
2026-03-11 19:05:39.420 [vert.x-eventloop-thread-1] DEBUG com.cyberskill.MainVerticle - GET /.well-known/appspecific/com.chrome.devtools.json
2026-03-11 19:05:42.609 [vert.x-eventloop-thread-1] DEBUG com.cyberskill.MainVerticle - POST /api/auth/login
2026-03-11 19:05:42.623 [vert.x-eventloop-thread-1] INFO  com.cyberskill.service.AuthService - Login attempt for: testuser@mail.com
2026-03-11 19:05:43.032 [vert.x-eventloop-thread-1] INFO  com.cyberskill.service.AuthService - User logged in successfully: testuser@mail.com
2026-03-11 19:05:44.064 [vert.x-eventloop-thread-1] DEBUG com.cyberskill.MainVerticle - GET /dashboard
2026-03-11 19:05:44.064 [vert.x-eventloop-thread-1] INFO  com.cyberskill.MainVerticle - 📄 GET /dashboard - Rendering dashboard
2026-03-11 19:05:44.097 [vert.x-eventloop-thread-1] ERROR com.cyberskill.MainVerticle - ❌ Dashboard rendering failed
freemarker.core.InvalidReferenceException: The following has evaluated to null or missing:
==> path  [in template "templates/dashboard.ftl" at line 203, column 32]

----
Tip: If the failing expression is known to legally refer to something that's sometimes null or missing, either specify a default value like myOptionalVar!myDefault, or use <#if myOptionalVar??>when-present<#else>when-missing</#if>. (These only cover the last step of the expression; to cover the whole expression, use parenthesis: (myOptionalVar.foo)!myDefault, (myOptionalVar.foo)??
----

----
FTL stack trace ("~" means nesting-related):
	- Failed at: ${path.name}  [in template "templates/dashboard.ftl" at line 203, column 30]
----
	at freemarker.core.InvalidReferenceException.getInstance(InvalidReferenceException.java:134)
	at freemarker.core.UnexpectedTypeException.newDescriptionBuilder(UnexpectedTypeException.java:85)
	at freemarker.core.UnexpectedTypeException.<init>(UnexpectedTypeException.java:48)
	at freemarker.core.NonHashException.<init>(NonHashException.java:49)
	at freemarker.core.Dot._eval(Dot.java:48)
	at freemarker.core.Expression.eval(Expression.java:101)
	at freemarker.core.DollarVariable.calculateInterpolatedStringOrMarkup(DollarVariable.java:104)
	at freemarker.core.DollarVariable.accept(DollarVariable.java:63)
	at freemarker.core.Environment.visit(Environment.java:335)
	at freemarker.core.Environment.visit(Environment.java:341)
	at freemarker.core.Environment.process(Environment.java:314)
	at freemarker.template.Template.process(Template.java:383)
	at io.vertx.ext.web.templ.freemarker.impl.FreeMarkerTemplateEngineImpl.render(FreeMarkerTemplateEngineImpl.java:77)
	at io.vertx.ext.web.common.template.TemplateEngine.render(TemplateEngine.java:88)
	at com.cyberskill.MainVerticle.lambda$setupWebRoutes$9(MainVerticle.java:334)
	at io.vertx.ext.web.impl.RouteState.handleContext(RouteState.java:1285)
	at io.vertx.ext.web.impl.RoutingContextImplBase.iterateNext(RoutingContextImplBase.java:177)
	at io.vertx.ext.web.impl.RoutingContextImpl.next(RoutingContextImpl.java:143)
	at com.cyberskill.MainVerticle.lambda$setupGlobalHandlers$0(MainVerticle.java:251)
	at io.vertx.ext.web.impl.RouteState.handleContext(RouteState.java:1285)
	at io.vertx.ext.web.impl.RoutingContextImplBase.iterateNext(RoutingContextImplBase.java:177)
	at io.vertx.ext.web.impl.RoutingContextImpl.next(RoutingContextImpl.java:143)
	at io.vertx.ext.web.handler.impl.TimeoutHandlerImpl.handle(TimeoutHandlerImpl.java:49)
	at io.vertx.ext.web.handler.impl.TimeoutHandlerImpl.handle(TimeoutHandlerImpl.java:27)
	at io.vertx.ext.web.impl.RouteState.handleContext(RouteState.java:1285)
	at io.vertx.ext.web.impl.RoutingContextImplBase.iterateNext(RoutingContextImplBase.java:177)
	at io.vertx.ext.web.impl.RoutingContextImpl.next(RoutingContextImpl.java:143)
	at io.vertx.ext.web.handler.impl.BodyHandlerImpl.handle(BodyHandlerImpl.java:95)
	at io.vertx.ext.web.handler.impl.BodyHandlerImpl.handle(BodyHandlerImpl.java:45)
	at io.vertx.ext.web.impl.RouteState.handleContext(RouteState.java:1285)
	at io.vertx.ext.web.impl.RoutingContextImplBase.iterateNext(RoutingContextImplBase.java:177)
	at io.vertx.ext.web.impl.RoutingContextImpl.next(RoutingContextImpl.java:143)
	at io.vertx.ext.web.handler.impl.CorsHandlerImpl.handle(CorsHandlerImpl.java:205)
	at io.vertx.ext.web.handler.impl.CorsHandlerImpl.handle(CorsHandlerImpl.java:42)
	at io.vertx.ext.web.impl.RouteState.handleContext(RouteState.java:1285)
	at io.vertx.ext.web.impl.RoutingContextImplBase.iterateNext(RoutingContextImplBase.java:177)
	at io.vertx.ext.web.impl.RoutingContextImpl.next(RoutingContextImpl.java:143)
	at io.vertx.ext.web.impl.RouterImpl.handle(RouterImpl.java:68)
	at io.vertx.ext.web.impl.RouterImpl.handle(RouterImpl.java:37)
	at io.vertx.core.http.impl.Http1xServerRequestHandler.handle(Http1xServerRequestHandler.java:67)
	at io.vertx.core.http.impl.Http1xServerRequestHandler.handle(Http1xServerRequestHandler.java:30)
	at io.vertx.core.impl.ContextImpl.emit(ContextImpl.java:335)
	at io.vertx.core.impl.DuplicatedContext.emit(DuplicatedContext.java:176)
	at io.vertx.core.http.impl.Http1xServerConnection.handleMessage(Http1xServerConnection.java:174)
	at io.vertx.core.net.impl.ConnectionBase.read(ConnectionBase.java:159)
	at io.vertx.core.net.impl.VertxHandler.channelRead(VertxHandler.java:153)
	at io.netty.channel.AbstractChannelHandlerContext.invokeChannelRead(AbstractChannelHandlerContext.java:442)
	at io.netty.channel.AbstractChannelHandlerContext.invokeChannelRead(AbstractChannelHandlerContext.java:420)
	at io.netty.channel.AbstractChannelHandlerContext.fireChannelRead(AbstractChannelHandlerContext.java:412)
	at io.netty.channel.ChannelInboundHandlerAdapter.channelRead(ChannelInboundHandlerAdapter.java:93)
	at io.netty.handler.codec.http.websocketx.extensions.WebSocketServerExtensionHandler.onHttpRequestChannelRead(WebSocketServerExtensionHandler.java:160)
	at io.netty.handler.codec.http.websocketx.extensions.WebSocketServerExtensionHandler.channelRead(WebSocketServerExtensionHandler.java:83)
	at io.netty.channel.AbstractChannelHandlerContext.invokeChannelRead(AbstractChannelHandlerContext.java:442)
	at io.netty.channel.AbstractChannelHandlerContext.invokeChannelRead(AbstractChannelHandlerContext.java:420)
	at io.netty.channel.AbstractChannelHandlerContext.fireChannelRead(AbstractChannelHandlerContext.java:412)
	at io.netty.handler.timeout.IdleStateHandler.channelRead(IdleStateHandler.java:286)
	at io.netty.channel.AbstractChannelHandlerContext.invokeChannelRead(AbstractChannelHandlerContext.java:442)
	at io.netty.channel.AbstractChannelHandlerContext.invokeChannelRead(AbstractChannelHandlerContext.java:420)
	at io.netty.channel.AbstractChannelHandlerContext.fireChannelRead(AbstractChannelHandlerContext.java:412)
	at io.netty.handler.codec.MessageToMessageDecoder.channelRead(MessageToMessageDecoder.java:103)
	at io.netty.handler.codec.MessageToMessageCodec.channelRead(MessageToMessageCodec.java:111)
	at io.netty.channel.AbstractChannelHandlerContext.invokeChannelRead(AbstractChannelHandlerContext.java:442)
	at io.netty.channel.AbstractChannelHandlerContext.invokeChannelRead(AbstractChannelHandlerContext.java:420)
	at io.netty.channel.AbstractChannelHandlerContext.fireChannelRead(AbstractChannelHandlerContext.java:412)
	at io.netty.handler.codec.ByteToMessageDecoder.fireChannelRead(ByteToMessageDecoder.java:346)
	at io.netty.handler.codec.ByteToMessageDecoder.channelRead(ByteToMessageDecoder.java:318)
	at io.netty.channel.AbstractChannelHandlerContext.invokeChannelRead(AbstractChannelHandlerContext.java:444)
	at io.netty.channel.AbstractChannelHandlerContext.invokeChannelRead(AbstractChannelHandlerContext.java:420)
	at io.netty.channel.AbstractChannelHandlerContext.fireChannelRead(AbstractChannelHandlerContext.java:412)
	at io.netty.channel.DefaultChannelPipeline$HeadContext.channelRead(DefaultChannelPipeline.java:1410)
	at io.netty.channel.AbstractChannelHandlerContext.invokeChannelRead(AbstractChannelHandlerContext.java:440)
	at io.netty.channel.AbstractChannelHandlerContext.invokeChannelRead(AbstractChannelHandlerContext.java:420)
	at io.netty.channel.DefaultChannelPipeline.fireChannelRead(DefaultChannelPipeline.java:919)
	at io.netty.channel.nio.AbstractNioByteChannel$NioByteUnsafe.read(AbstractNioByteChannel.java:166)
	at io.netty.channel.nio.NioEventLoop.processSelectedKey(NioEventLoop.java:788)
	at io.netty.channel.nio.NioEventLoop.processSelectedKeysOptimized(NioEventLoop.java:724)
	at io.netty.channel.nio.NioEventLoop.processSelectedKeys(NioEventLoop.java:650)
	at io.netty.channel.nio.NioEventLoop.run(NioEventLoop.java:562)
	at io.netty.util.concurrent.SingleThreadEventExecutor$4.run(SingleThreadEventExecutor.java:997)
	at io.netty.util.internal.ThreadExecutorMap$2.run(ThreadExecutorMap.java:74)
	at io.netty.util.concurrent.FastThreadLocalRunnable.run(FastThreadLocalRunnable.java:30)
	at java.base/java.lang.Thread.run(Thread.java:1447)
2026-03-11 19:05:44.100 [vert.x-eventloop-thread-1] ERROR com.cyberskill.MainVerticle - Error details: The following has evaluated to null or missing:
==> path  [in template "templates/dashboard.ftl" at line 203, column 32]

----
Tip: If the failing expression is known to legally refer to something that's sometimes null or missing, either specify a default value like myOptionalVar!myDefault, or use <#if myOptionalVar??>when-present<#else>when-missing</#if>. (These only cover the last step of the expression; to cover the whole expression, use parenthesis: (myOptionalVar.foo)!myDefault, (myOptionalVar.foo)??
----

----
FTL stack trace ("~" means nesting-related):
	- Failed at: ${path.name}  [in template "templates/dashboard.ftl" at line 203, column 30]
----
2026-03-11 19:05:44.100 [vert.x-eventloop-thread-1] ERROR com.cyberskill.MainVerticle - Internal server error
2026-03-11 19:05:44.134 [vert.x-eventloop-thread-1] DEBUG com.cyberskill.MainVerticle - GET /.well-known/appspecific/com.chrome.devtools.json
2026-03-11 19:07:44.793 [vert.x-eventloop-thread-1] INFO  com.cyberskill.MainVerticle - Stopping CyberSkill Platform...
2026-03-11 19:07:44.798 [vert.x-eventloop-thread-1] INFO  com.cyberskill.MainVerticle - ✓ CyberSkill Platform stopped
2026-03-11 19:08:07.776 [vert.x-eventloop-thread-1] INFO  com.cyberskill.MainVerticle - Starting CyberSkill Platform...
2026-03-11 19:08:07.778 [vert.x-eventloop-thread-1] INFO  com.cyberskill.config.AppConfig - Application properties loaded successfully
2026-03-11 19:08:07.867 [vert.x-eventloop-thread-1] INFO  com.cyberskill.MainVerticle - Running database migrations...
2026-03-11 19:08:07.968 [vert.x-eventloop-thread-1] INFO  o.f.c.i.s.classpath.ClassPathScanner - Flyway OSS Edition 10.4.1 by Redgate
2026-03-11 19:08:07.968 [vert.x-eventloop-thread-1] INFO  o.f.c.i.s.classpath.ClassPathScanner - 
2026-03-11 19:08:07.968 [vert.x-eventloop-thread-1] INFO  o.f.c.i.s.classpath.ClassPathScanner - See release notes here: https://rd.gt/416ObMi
2026-03-11 19:08:08.119 [vert.x-eventloop-thread-1] INFO  org.flywaydb.core.FlywayExecutor - Database: jdbc:postgresql://localhost:5432/cyberskill (PostgreSQL 16.3)
2026-03-11 19:08:08.155 [vert.x-eventloop-thread-1] INFO  o.f.core.internal.command.DbValidate - Successfully validated 3 migrations (execution time 00:00.024s)
2026-03-11 19:08:08.206 [vert.x-eventloop-thread-1] INFO  o.f.core.internal.command.DbMigrate - Current version of schema "public": 2
2026-03-11 19:08:08.208 [vert.x-eventloop-thread-1] INFO  o.f.core.internal.command.DbMigrate - Schema "public" is up to date. No migration necessary.
2026-03-11 19:08:08.213 [vert.x-eventloop-thread-1] INFO  com.cyberskill.MainVerticle - ✓ Applied 0 database migration(s)
2026-03-11 19:08:08.214 [vert.x-eventloop-thread-1] INFO  com.cyberskill.MainVerticle - Initializing database connection pool...
2026-03-11 19:08:08.225 [vert.x-eventloop-thread-1] INFO  com.cyberskill.MainVerticle - ✓ Database connection pool initialized
2026-03-11 19:08:08.226 [vert.x-eventloop-thread-1] INFO  com.cyberskill.MainVerticle - Initializing repositories...
2026-03-11 19:08:08.227 [vert.x-eventloop-thread-1] INFO  com.cyberskill.MainVerticle - ✓ Repositories initialized
2026-03-11 19:08:08.227 [vert.x-eventloop-thread-1] INFO  com.cyberskill.MainVerticle - Initializing services...
2026-03-11 19:08:08.229 [vert.x-eventloop-thread-1] INFO  com.cyberskill.MainVerticle - ✓ Services initialized
2026-03-11 19:08:08.230 [vert.x-eventloop-thread-1] INFO  com.cyberskill.MainVerticle - Initializing handlers...
2026-03-11 19:08:08.231 [vert.x-eventloop-thread-1] INFO  com.cyberskill.MainVerticle - ✓ Handlers initialized
2026-03-11 19:08:08.422 [vert.x-eventloop-thread-1] INFO  com.cyberskill.MainVerticle - ✓ CyberSkill Platform started successfully
2026-03-11 19:08:08.423 [vert.x-eventloop-thread-1] INFO  com.cyberskill.MainVerticle - ✓ Server listening on http://0.0.0.0:8080
2026-03-11 19:08:08.423 [vert.x-eventloop-thread-1] INFO  com.cyberskill.MainVerticle - ✓ API available at http://0.0.0.0:8080/api
2026-03-11 19:08:08.423 [vert.x-eventloop-thread-1] INFO  com.cyberskill.MainVerticle - ✓ Admin dashboard at http://0.0.0.0:8080/admin
2026-03-11 19:08:08.424 [vert.x-eventloop-thread-0] INFO  i.v.c.i.l.c.VertxIsolatedDeployer - Succeeded in deploying verticle
2026-03-11 19:08:13.903 [vert.x-eventloop-thread-1] DEBUG com.cyberskill.MainVerticle - GET /
2026-03-11 19:08:13.904 [vert.x-eventloop-thread-1] INFO  com.cyberskill.MainVerticle - 📄 GET / - Rendering home page
2026-03-11 19:08:13.970 [vert.x-eventloop-thread-1] INFO  com.cyberskill.MainVerticle - ✅ Home page rendered successfully
2026-03-11 19:08:14.005 [vert.x-eventloop-thread-1] DEBUG com.cyberskill.MainVerticle - GET /js/main.js
2026-03-11 19:08:15.574 [vert.x-eventloop-thread-1] DEBUG com.cyberskill.MainVerticle - GET /login
2026-03-11 19:08:15.574 [vert.x-eventloop-thread-1] INFO  com.cyberskill.MainVerticle - 📄 GET /login - Rendering login page
2026-03-11 19:08:15.590 [vert.x-eventloop-thread-1] INFO  com.cyberskill.MainVerticle - ✅ Login page rendered successfully
2026-03-11 19:08:27.880 [vert.x-eventloop-thread-1] DEBUG com.cyberskill.MainVerticle - POST /api/auth/login
2026-03-11 19:08:27.894 [vert.x-eventloop-thread-1] INFO  com.cyberskill.service.AuthService - Login attempt for: testuser@mail.com
2026-03-11 19:08:28.375 [vert.x-eventloop-thread-1] INFO  com.cyberskill.service.AuthService - User logged in successfully: testuser@mail.com
2026-03-11 19:08:29.405 [vert.x-eventloop-thread-1] DEBUG com.cyberskill.MainVerticle - GET /dashboard
2026-03-11 19:08:29.405 [vert.x-eventloop-thread-1] INFO  com.cyberskill.MainVerticle - 📄 GET /dashboard - Rendering dashboard
2026-03-11 19:08:29.434 [vert.x-eventloop-thread-1] ERROR com.cyberskill.MainVerticle - ❌ Dashboard rendering failed
freemarker.core.InvalidReferenceException: The following has evaluated to null or missing:
==> pathId  [in template "templates/dashboard.ftl" at line 227, column 54]

----
Tip: If the failing expression is known to legally refer to something that's sometimes null or missing, either specify a default value like myOptionalVar!myDefault, or use <#if myOptionalVar??>when-present<#else>when-missing</#if>. (These only cover the last step of the expression; to cover the whole expression, use parenthesis: (myOptionalVar.foo)!myDefault, (myOptionalVar.foo)??
----

----
FTL stack trace ("~" means nesting-related):
	- Failed at: ${pathId}  [in template "templates/dashboard.ftl" at line 227, column 52]
----
	at freemarker.core.InvalidReferenceException.getInstance(InvalidReferenceException.java:134)
	at freemarker.core.EvalUtil.coerceModelToTextualCommon(EvalUtil.java:481)
	at freemarker.core.EvalUtil.coerceModelToStringOrMarkup(EvalUtil.java:401)
	at freemarker.core.EvalUtil.coerceModelToStringOrMarkup(EvalUtil.java:370)
	at freemarker.core.DollarVariable.calculateInterpolatedStringOrMarkup(DollarVariable.java:104)
	at freemarker.core.DollarVariable.accept(DollarVariable.java:63)
	at freemarker.core.Environment.visit(Environment.java:335)
	at freemarker.core.Environment.visit(Environment.java:341)
	at freemarker.core.Environment.process(Environment.java:314)
	at freemarker.template.Template.process(Template.java:383)
	at io.vertx.ext.web.templ.freemarker.impl.FreeMarkerTemplateEngineImpl.render(FreeMarkerTemplateEngineImpl.java:77)
	at io.vertx.ext.web.common.template.TemplateEngine.render(TemplateEngine.java:88)
	at com.cyberskill.MainVerticle.lambda$setupWebRoutes$9(MainVerticle.java:334)
	at io.vertx.ext.web.impl.RouteState.handleContext(RouteState.java:1285)
	at io.vertx.ext.web.impl.RoutingContextImplBase.iterateNext(RoutingContextImplBase.java:177)
	at io.vertx.ext.web.impl.RoutingContextImpl.next(RoutingContextImpl.java:143)
	at com.cyberskill.MainVerticle.lambda$setupGlobalHandlers$0(MainVerticle.java:251)
	at io.vertx.ext.web.impl.RouteState.handleContext(RouteState.java:1285)
	at io.vertx.ext.web.impl.RoutingContextImplBase.iterateNext(RoutingContextImplBase.java:177)
	at io.vertx.ext.web.impl.RoutingContextImpl.next(RoutingContextImpl.java:143)
	at io.vertx.ext.web.handler.impl.TimeoutHandlerImpl.handle(TimeoutHandlerImpl.java:49)
	at io.vertx.ext.web.handler.impl.TimeoutHandlerImpl.handle(TimeoutHandlerImpl.java:27)
	at io.vertx.ext.web.impl.RouteState.handleContext(RouteState.java:1285)
	at io.vertx.ext.web.impl.RoutingContextImplBase.iterateNext(RoutingContextImplBase.java:177)
	at io.vertx.ext.web.impl.RoutingContextImpl.next(RoutingContextImpl.java:143)
	at io.vertx.ext.web.handler.impl.BodyHandlerImpl.handle(BodyHandlerImpl.java:95)
	at io.vertx.ext.web.handler.impl.BodyHandlerImpl.handle(BodyHandlerImpl.java:45)
	at io.vertx.ext.web.impl.RouteState.handleContext(RouteState.java:1285)
	at io.vertx.ext.web.impl.RoutingContextImplBase.iterateNext(RoutingContextImplBase.java:177)
	at io.vertx.ext.web.impl.RoutingContextImpl.next(RoutingContextImpl.java:143)
	at io.vertx.ext.web.handler.impl.CorsHandlerImpl.handle(CorsHandlerImpl.java:205)
	at io.vertx.ext.web.handler.impl.CorsHandlerImpl.handle(CorsHandlerImpl.java:42)
	at io.vertx.ext.web.impl.RouteState.handleContext(RouteState.java:1285)
	at io.vertx.ext.web.impl.RoutingContextImplBase.iterateNext(RoutingContextImplBase.java:177)
	at io.vertx.ext.web.impl.RoutingContextImpl.next(RoutingContextImpl.java:143)
	at io.vertx.ext.web.impl.RouterImpl.handle(RouterImpl.java:68)
	at io.vertx.ext.web.impl.RouterImpl.handle(RouterImpl.java:37)
	at io.vertx.core.http.impl.Http1xServerRequestHandler.handle(Http1xServerRequestHandler.java:67)
	at io.vertx.core.http.impl.Http1xServerRequestHandler.handle(Http1xServerRequestHandler.java:30)
	at io.vertx.core.impl.ContextImpl.emit(ContextImpl.java:335)
	at io.vertx.core.impl.DuplicatedContext.emit(DuplicatedContext.java:176)
	at io.vertx.core.http.impl.Http1xServerConnection.handleMessage(Http1xServerConnection.java:174)
	at io.vertx.core.net.impl.ConnectionBase.read(ConnectionBase.java:159)
	at io.vertx.core.net.impl.VertxHandler.channelRead(VertxHandler.java:153)
	at io.netty.channel.AbstractChannelHandlerContext.invokeChannelRead(AbstractChannelHandlerContext.java:442)
	at io.netty.channel.AbstractChannelHandlerContext.invokeChannelRead(AbstractChannelHandlerContext.java:420)
	at io.netty.channel.AbstractChannelHandlerContext.fireChannelRead(AbstractChannelHandlerContext.java:412)
	at io.netty.channel.ChannelInboundHandlerAdapter.channelRead(ChannelInboundHandlerAdapter.java:93)
	at io.netty.handler.codec.http.websocketx.extensions.WebSocketServerExtensionHandler.onHttpRequestChannelRead(WebSocketServerExtensionHandler.java:160)
	at io.netty.handler.codec.http.websocketx.extensions.WebSocketServerExtensionHandler.channelRead(WebSocketServerExtensionHandler.java:83)
	at io.netty.channel.AbstractChannelHandlerContext.invokeChannelRead(AbstractChannelHandlerContext.java:442)
	at io.netty.channel.AbstractChannelHandlerContext.invokeChannelRead(AbstractChannelHandlerContext.java:420)
	at io.netty.channel.AbstractChannelHandlerContext.fireChannelRead(AbstractChannelHandlerContext.java:412)
	at io.netty.handler.timeout.IdleStateHandler.channelRead(IdleStateHandler.java:286)
	at io.netty.channel.AbstractChannelHandlerContext.invokeChannelRead(AbstractChannelHandlerContext.java:442)
	at io.netty.channel.AbstractChannelHandlerContext.invokeChannelRead(AbstractChannelHandlerContext.java:420)
	at io.netty.channel.AbstractChannelHandlerContext.fireChannelRead(AbstractChannelHandlerContext.java:412)
	at io.netty.handler.codec.MessageToMessageDecoder.channelRead(MessageToMessageDecoder.java:103)
	at io.netty.handler.codec.MessageToMessageCodec.channelRead(MessageToMessageCodec.java:111)
	at io.netty.channel.AbstractChannelHandlerContext.invokeChannelRead(AbstractChannelHandlerContext.java:442)
	at io.netty.channel.AbstractChannelHandlerContext.invokeChannelRead(AbstractChannelHandlerContext.java:420)
	at io.netty.channel.AbstractChannelHandlerContext.fireChannelRead(AbstractChannelHandlerContext.java:412)
	at io.netty.handler.codec.ByteToMessageDecoder.fireChannelRead(ByteToMessageDecoder.java:346)
	at io.netty.handler.codec.ByteToMessageDecoder.channelRead(ByteToMessageDecoder.java:318)
	at io.netty.channel.AbstractChannelHandlerContext.invokeChannelRead(AbstractChannelHandlerContext.java:444)
	at io.netty.channel.AbstractChannelHandlerContext.invokeChannelRead(AbstractChannelHandlerContext.java:420)
	at io.netty.channel.AbstractChannelHandlerContext.fireChannelRead(AbstractChannelHandlerContext.java:412)
	at io.netty.channel.DefaultChannelPipeline$HeadContext.channelRead(DefaultChannelPipeline.java:1410)
	at io.netty.channel.AbstractChannelHandlerContext.invokeChannelRead(AbstractChannelHandlerContext.java:440)
	at io.netty.channel.AbstractChannelHandlerContext.invokeChannelRead(AbstractChannelHandlerContext.java:420)
	at io.netty.channel.DefaultChannelPipeline.fireChannelRead(DefaultChannelPipeline.java:919)
	at io.netty.channel.nio.AbstractNioByteChannel$NioByteUnsafe.read(AbstractNioByteChannel.java:166)
	at io.netty.channel.nio.NioEventLoop.processSelectedKey(NioEventLoop.java:788)
	at io.netty.channel.nio.NioEventLoop.processSelectedKeysOptimized(NioEventLoop.java:724)
	at io.netty.channel.nio.NioEventLoop.processSelectedKeys(NioEventLoop.java:650)
	at io.netty.channel.nio.NioEventLoop.run(NioEventLoop.java:562)
	at io.netty.util.concurrent.SingleThreadEventExecutor$4.run(SingleThreadEventExecutor.java:997)
	at io.netty.util.internal.ThreadExecutorMap$2.run(ThreadExecutorMap.java:74)
	at io.netty.util.concurrent.FastThreadLocalRunnable.run(FastThreadLocalRunnable.java:30)
	at java.base/java.lang.Thread.run(Thread.java:1447)
2026-03-11 19:08:29.441 [vert.x-eventloop-thread-1] ERROR com.cyberskill.MainVerticle - Error details: The following has evaluated to null or missing:
==> pathId  [in template "templates/dashboard.ftl" at line 227, column 54]

----
Tip: If the failing expression is known to legally refer to something that's sometimes null or missing, either specify a default value like myOptionalVar!myDefault, or use <#if myOptionalVar??>when-present<#else>when-missing</#if>. (These only cover the last step of the expression; to cover the whole expression, use parenthesis: (myOptionalVar.foo)!myDefault, (myOptionalVar.foo)??
----

----
FTL stack trace ("~" means nesting-related):
	- Failed at: ${pathId}  [in template "templates/dashboard.ftl" at line 227, column 52]
----
2026-03-11 19:08:29.442 [vert.x-eventloop-thread-1] ERROR com.cyberskill.MainVerticle - Internal server error
2026-03-11 19:08:55.110 [vert.x-eventloop-thread-1] INFO  com.cyberskill.MainVerticle - Stopping CyberSkill Platform...
2026-03-11 19:08:55.117 [vert.x-eventloop-thread-1] INFO  com.cyberskill.MainVerticle - ✓ CyberSkill Platform stopped
2026-03-11 19:14:10.562 [vert.x-eventloop-thread-1] INFO  com.cyberskill.MainVerticle - Starting CyberSkill Platform...
2026-03-11 19:14:10.564 [vert.x-eventloop-thread-1] INFO  com.cyberskill.config.AppConfig - Application properties loaded successfully
2026-03-11 19:14:10.656 [vert.x-eventloop-thread-1] INFO  com.cyberskill.MainVerticle - Running database migrations...
2026-03-11 19:14:10.771 [vert.x-eventloop-thread-1] INFO  o.f.c.i.s.classpath.ClassPathScanner - Flyway OSS Edition 10.4.1 by Redgate
2026-03-11 19:14:10.771 [vert.x-eventloop-thread-1] INFO  o.f.c.i.s.classpath.ClassPathScanner - 
2026-03-11 19:14:10.771 [vert.x-eventloop-thread-1] INFO  o.f.c.i.s.classpath.ClassPathScanner - See release notes here: https://rd.gt/416ObMi
2026-03-11 19:14:10.931 [vert.x-eventloop-thread-1] INFO  org.flywaydb.core.FlywayExecutor - Database: jdbc:postgresql://localhost:5432/cyberskill (PostgreSQL 16.3)
2026-03-11 19:14:10.967 [vert.x-eventloop-thread-1] INFO  o.f.core.internal.command.DbValidate - Successfully validated 3 migrations (execution time 00:00.020s)
2026-03-11 19:14:11.016 [vert.x-eventloop-thread-1] INFO  o.f.core.internal.command.DbMigrate - Current version of schema "public": 2
2026-03-11 19:14:11.019 [vert.x-eventloop-thread-1] INFO  o.f.core.internal.command.DbMigrate - Schema "public" is up to date. No migration necessary.
2026-03-11 19:14:11.024 [vert.x-eventloop-thread-1] INFO  com.cyberskill.MainVerticle - ✓ Applied 0 database migration(s)
2026-03-11 19:14:11.025 [vert.x-eventloop-thread-1] INFO  com.cyberskill.MainVerticle - Initializing database connection pool...
2026-03-11 19:14:11.037 [vert.x-eventloop-thread-1] INFO  com.cyberskill.MainVerticle - ✓ Database connection pool initialized
2026-03-11 19:14:11.037 [vert.x-eventloop-thread-1] INFO  com.cyberskill.MainVerticle - Initializing repositories...
2026-03-11 19:14:11.038 [vert.x-eventloop-thread-1] INFO  com.cyberskill.MainVerticle - ✓ Repositories initialized
2026-03-11 19:14:11.039 [vert.x-eventloop-thread-1] INFO  com.cyberskill.MainVerticle - Initializing services...
2026-03-11 19:14:11.041 [vert.x-eventloop-thread-1] INFO  com.cyberskill.MainVerticle - ✓ Services initialized
2026-03-11 19:14:11.041 [vert.x-eventloop-thread-1] INFO  com.cyberskill.MainVerticle - Initializing handlers...
2026-03-11 19:14:11.042 [vert.x-eventloop-thread-1] INFO  com.cyberskill.MainVerticle - ✓ Handlers initialized
2026-03-11 19:14:11.218 [vert.x-eventloop-thread-1] INFO  com.cyberskill.MainVerticle - ✓ CyberSkill Platform started successfully
2026-03-11 19:14:11.218 [vert.x-eventloop-thread-1] INFO  com.cyberskill.MainVerticle - ✓ Server listening on http://0.0.0.0:8080
2026-03-11 19:14:11.219 [vert.x-eventloop-thread-1] INFO  com.cyberskill.MainVerticle - ✓ API available at http://0.0.0.0:8080/api
2026-03-11 19:14:11.219 [vert.x-eventloop-thread-1] INFO  com.cyberskill.MainVerticle - ✓ Admin dashboard at http://0.0.0.0:8080/admin
2026-03-11 19:14:11.220 [vert.x-eventloop-thread-0] INFO  i.v.c.i.l.c.VertxIsolatedDeployer - Succeeded in deploying verticle
2026-03-11 19:14:17.086 [vert.x-eventloop-thread-1] DEBUG com.cyberskill.MainVerticle - GET /
2026-03-11 19:14:17.086 [vert.x-eventloop-thread-1] INFO  com.cyberskill.MainVerticle - 📄 GET / - Rendering home page
2026-03-11 19:14:17.148 [vert.x-eventloop-thread-1] INFO  com.cyberskill.MainVerticle - ✅ Home page rendered successfully
2026-03-11 19:14:17.188 [vert.x-eventloop-thread-1] DEBUG com.cyberskill.MainVerticle - GET /js/main.js
2026-03-11 19:14:18.718 [vert.x-eventloop-thread-1] DEBUG com.cyberskill.MainVerticle - GET /login
2026-03-11 19:14:18.718 [vert.x-eventloop-thread-1] INFO  com.cyberskill.MainVerticle - 📄 GET /login - Rendering login page
2026-03-11 19:14:18.738 [vert.x-eventloop-thread-1] INFO  com.cyberskill.MainVerticle - ✅ Login page rendered successfully
2026-03-11 19:14:32.375 [vert.x-eventloop-thread-1] DEBUG com.cyberskill.MainVerticle - POST /api/auth/login
2026-03-11 19:14:32.391 [vert.x-eventloop-thread-1] INFO  com.cyberskill.service.AuthService - Login attempt for: testuser@mail.com
2026-03-11 19:14:32.848 [vert.x-eventloop-thread-1] INFO  com.cyberskill.service.AuthService - User logged in successfully: testuser@mail.com
2026-03-11 19:14:33.888 [vert.x-eventloop-thread-1] DEBUG com.cyberskill.MainVerticle - GET /dashboard
2026-03-11 19:14:33.888 [vert.x-eventloop-thread-1] INFO  com.cyberskill.MainVerticle - 📄 GET /dashboard - Rendering dashboard
2026-03-11 19:14:33.904 [vert.x-eventloop-thread-1] INFO  com.cyberskill.MainVerticle - ✅ Dashboard rendered successfully
2026-03-11 19:14:33.985 [vert.x-eventloop-thread-1] DEBUG com.cyberskill.MainVerticle - GET /api/paths
2026-03-11 19:14:33.995 [vert.x-eventloop-thread-1] DEBUG c.cyberskill.service.LearningService - Retrieved 4 active learning paths
2026-03-11 19:14:42.981 [vert.x-eventloop-thread-1] DEBUG com.cyberskill.MainVerticle - GET /learning/path/1
2026-03-11 19:15:03.893 [vert.x-eventloop-thread-1] DEBUG com.cyberskill.MainVerticle - GET /learning/path/2
2026-03-11 19:15:50.217 [vert.x-eventloop-thread-1] INFO  com.cyberskill.MainVerticle - Stopping CyberSkill Platform...
2026-03-11 19:15:50.222 [vert.x-eventloop-thread-1] INFO  com.cyberskill.MainVerticle - ✓ CyberSkill Platform stopped
2026-03-11 19:23:28.760 [vert.x-eventloop-thread-1] INFO  com.cyberskill.MainVerticle - Starting CyberSkill Platform...
2026-03-11 19:23:28.763 [vert.x-eventloop-thread-1] INFO  com.cyberskill.config.AppConfig - Application properties loaded successfully
2026-03-11 19:23:28.855 [vert.x-eventloop-thread-1] INFO  com.cyberskill.MainVerticle - Running database migrations...
2026-03-11 19:23:28.968 [vert.x-eventloop-thread-1] INFO  o.f.c.i.s.classpath.ClassPathScanner - Flyway OSS Edition 10.4.1 by Redgate
2026-03-11 19:23:28.968 [vert.x-eventloop-thread-1] INFO  o.f.c.i.s.classpath.ClassPathScanner - 
2026-03-11 19:23:28.968 [vert.x-eventloop-thread-1] INFO  o.f.c.i.s.classpath.ClassPathScanner - See release notes here: https://rd.gt/416ObMi
2026-03-11 19:23:29.136 [vert.x-eventloop-thread-1] INFO  org.flywaydb.core.FlywayExecutor - Database: jdbc:postgresql://localhost:5432/cyberskill (PostgreSQL 16.3)
2026-03-11 19:23:29.174 [vert.x-eventloop-thread-1] INFO  o.f.core.internal.command.DbValidate - Successfully validated 3 migrations (execution time 00:00.023s)
2026-03-11 19:23:29.223 [vert.x-eventloop-thread-1] INFO  o.f.core.internal.command.DbMigrate - Current version of schema "public": 2
2026-03-11 19:23:29.225 [vert.x-eventloop-thread-1] INFO  o.f.core.internal.command.DbMigrate - Schema "public" is up to date. No migration necessary.
2026-03-11 19:23:29.229 [vert.x-eventloop-thread-1] INFO  com.cyberskill.MainVerticle - ✓ Applied 0 database migration(s)
2026-03-11 19:23:29.230 [vert.x-eventloop-thread-1] INFO  com.cyberskill.MainVerticle - Initializing database connection pool...
2026-03-11 19:23:29.243 [vert.x-eventloop-thread-1] INFO  com.cyberskill.MainVerticle - ✓ Database connection pool initialized
2026-03-11 19:23:29.244 [vert.x-eventloop-thread-1] INFO  com.cyberskill.MainVerticle - Initializing repositories...
2026-03-11 19:23:29.244 [vert.x-eventloop-thread-1] INFO  com.cyberskill.MainVerticle - ✓ Repositories initialized
2026-03-11 19:23:29.245 [vert.x-eventloop-thread-1] INFO  com.cyberskill.MainVerticle - Initializing services...
2026-03-11 19:23:29.248 [vert.x-eventloop-thread-1] INFO  com.cyberskill.MainVerticle - ✓ Services initialized
2026-03-11 19:23:29.248 [vert.x-eventloop-thread-1] INFO  com.cyberskill.MainVerticle - Initializing handlers...
2026-03-11 19:23:29.249 [vert.x-eventloop-thread-1] INFO  com.cyberskill.MainVerticle - ✓ Handlers initialized
2026-03-11 19:23:29.427 [vert.x-eventloop-thread-1] INFO  com.cyberskill.MainVerticle - ✓ CyberSkill Platform started successfully
2026-03-11 19:23:29.427 [vert.x-eventloop-thread-1] INFO  com.cyberskill.MainVerticle - ✓ Server listening on http://0.0.0.0:8080
2026-03-11 19:23:29.427 [vert.x-eventloop-thread-1] INFO  com.cyberskill.MainVerticle - ✓ API available at http://0.0.0.0:8080/api
2026-03-11 19:23:29.427 [vert.x-eventloop-thread-1] INFO  com.cyberskill.MainVerticle - ✓ Admin dashboard at http://0.0.0.0:8080/admin
2026-03-11 19:23:29.428 [vert.x-eventloop-thread-0] INFO  i.v.c.i.l.c.VertxIsolatedDeployer - Succeeded in deploying verticle
2026-03-11 19:23:32.561 [vert.x-eventloop-thread-1] DEBUG com.cyberskill.MainVerticle - GET /dashboard
2026-03-11 19:23:32.561 [vert.x-eventloop-thread-1] INFO  com.cyberskill.MainVerticle - 📄 GET /dashboard - Rendering dashboard
2026-03-11 19:23:32.622 [vert.x-eventloop-thread-1] INFO  com.cyberskill.MainVerticle - ✅ Dashboard rendered successfully
2026-03-11 19:23:32.664 [vert.x-eventloop-thread-1] DEBUG com.cyberskill.MainVerticle - GET /api/paths
2026-03-11 19:23:32.858 [vert.x-eventloop-thread-1] DEBUG c.cyberskill.service.LearningService - Retrieved 4 active learning paths
2026-03-11 19:23:34.817 [vert.x-eventloop-thread-1] DEBUG com.cyberskill.MainVerticle - GET /learning/path/1
2026-03-11 19:23:34.818 [vert.x-eventloop-thread-1] INFO  com.cyberskill.MainVerticle - 📚 GET /learning/path/1 - Rendering learning path
2026-03-11 19:23:34.847 [vert.x-eventloop-thread-1] INFO  com.cyberskill.MainVerticle - ✅ Learning path page rendered successfully
2026-03-11 19:23:34.878 [vert.x-eventloop-thread-1] DEBUG com.cyberskill.MainVerticle - GET /api/learning-paths/1
2026-03-11 19:23:39.397 [vert.x-eventloop-thread-1] DEBUG com.cyberskill.MainVerticle - GET /dashboard
2026-03-11 19:23:39.398 [vert.x-eventloop-thread-1] INFO  com.cyberskill.MainVerticle - 📄 GET /dashboard - Rendering dashboard
2026-03-11 19:23:39.399 [vert.x-eventloop-thread-1] INFO  com.cyberskill.MainVerticle - ✅ Dashboard rendered successfully
2026-03-11 19:23:39.427 [vert.x-eventloop-thread-1] DEBUG com.cyberskill.MainVerticle - GET /api/paths
2026-03-11 19:23:39.430 [vert.x-eventloop-thread-1] DEBUG c.cyberskill.service.LearningService - Retrieved 4 active learning paths
2026-03-11 19:23:40.864 [vert.x-eventloop-thread-1] DEBUG com.cyberskill.MainVerticle - GET /learning/path/2
2026-03-11 19:23:40.864 [vert.x-eventloop-thread-1] INFO  com.cyberskill.MainVerticle - 📚 GET /learning/path/2 - Rendering learning path
2026-03-11 19:23:40.864 [vert.x-eventloop-thread-1] INFO  com.cyberskill.MainVerticle - ✅ Learning path page rendered successfully
2026-03-11 19:23:40.898 [vert.x-eventloop-thread-1] DEBUG com.cyberskill.MainVerticle - GET /api/learning-paths/2
2026-03-11 19:23:50.772 [vert.x-eventloop-thread-1] DEBUG com.cyberskill.MainVerticle - GET /dashboard
2026-03-11 19:23:50.772 [vert.x-eventloop-thread-1] INFO  com.cyberskill.MainVerticle - 📄 GET /dashboard - Rendering dashboard
2026-03-11 19:23:50.774 [vert.x-eventloop-thread-1] INFO  com.cyberskill.MainVerticle - ✅ Dashboard rendered successfully
2026-03-11 19:23:50.797 [vert.x-eventloop-thread-1] DEBUG com.cyberskill.MainVerticle - GET /api/paths
2026-03-11 19:23:50.799 [vert.x-eventloop-thread-1] DEBUG c.cyberskill.service.LearningService - Retrieved 4 active learning paths
2026-03-11 19:24:04.761 [vert.x-eventloop-thread-1] DEBUG com.cyberskill.MainVerticle - GET /learning/path/2
2026-03-11 19:24:04.761 [vert.x-eventloop-thread-1] INFO  com.cyberskill.MainVerticle - 📚 GET /learning/path/2 - Rendering learning path
2026-03-11 19:24:04.761 [vert.x-eventloop-thread-1] INFO  com.cyberskill.MainVerticle - ✅ Learning path page rendered successfully
2026-03-11 19:24:04.808 [vert.x-eventloop-thread-1] DEBUG com.cyberskill.MainVerticle - GET /css/styles.css
2026-03-11 19:24:04.853 [vert.x-eventloop-thread-1] DEBUG com.cyberskill.MainVerticle - GET /api/learning-paths/2
2026-03-11 19:24:04.877 [vert.x-eventloop-thread-1] DEBUG com.cyberskill.MainVerticle - GET /favicon.ico
2026-03-11 19:25:39.377 [vert.x-eventloop-thread-1] INFO  com.cyberskill.MainVerticle - Stopping CyberSkill Platform...
2026-03-11 19:25:39.383 [vert.x-eventloop-thread-1] INFO  com.cyberskill.MainVerticle - ✓ CyberSkill Platform stopped
